candidate_id,pair_id,left_condition,right_condition,left_factor_code,right_factor_code,seed,episode_index,history_window_steps,endpoint_step,future_start_step,future_end_step_exclusive,history_distance,epsilon_history,future_action_divergence,epsilon_future_action,j_rot_left,j_rot_right,performance_gap_j_rot,epsilon_performance_j_rot,performance_relevant,screen_score,formal_crda
candidate_000000,D0-D2,D0,D2,000,100,4216,16,10,383,384,394,0.16713010003787226,0.49936698246710554,1.1849776414071165,0.9109722042901004,2.25241756439209,0.6715911030769348,1.580826461315155,0.7535293042659759,True,8.153690669695756,False
candidate_000001,D0-D2,D0,D2,000,100,4216,16,10,382,383,393,0.15893547407653055,0.49936698246710554,1.1113109524991807,0.9109722042901004,2.25241756439209,0.6715911030769348,1.580826461315155,0.7535293042659759,True,8.041063679010618,False
candidate_000002,D1-D2,D1,D2,010,100,4222,22,3,65,66,69,0.12615607142929666,0.47598741001451006,0.7737633019901646,0.7597972260789279,0.6958985924720764,2.2676846981048584,1.571786105632782,0.7535293042659759,True,8.014769425206742,False
candidate_000003,D0-D2,D0,D2,000,100,4216,16,10,587,588,598,0.13190227427752432,0.49936698246710554,0.9110060628456889,0.9109722042901004,2.25241756439209,0.6715911030769348,1.580826461315155,0.7535293042659759,True,7.942692185089846,False
candidate_000004,D0-D2,D0,D2,000,100,4216,16,10,384,385,395,0.18881704621087786,0.49936698246710554,1.247672312867002,0.9109722042901004,2.25241756439209,0.6715911030769348,1.580826461315155,0.7535293042659759,True,7.59902873732809,False
candidate_000005,D0-D2,D0,D2,000,100,4216,16,10,381,382,392,0.15460139201733503,0.49936698246710554,1.0112592028288503,0.9109722042901004,2.25241756439209,0.6715911030769348,1.580826461315155,0.7535293042659759,True,7.522251255299385,False
candidate_000006,D0-D2,D0,D2,000,100,4216,16,10,588,589,599,0.15267418073108274,0.49936698246710554,0.9650685919969353,0.9109722042901004,2.25241756439209,0.6715911030769348,1.580826461315155,0.7535293042659759,True,7.269278907023359,False
candidate_000007,D0-D2,D0,D2,000,100,4216,16,5,383,384,389,0.18274103566766478,0.4828801581659705,0.9606478097188456,0.8000757674576986,2.25241756439209,0.6715911030769348,1.580826461315155,0.7535293042659759,True,6.656108750990296,False
candidate_000008,D0-D2,D0,D2,000,100,4216,16,5,382,383,388,0.17374943413030255,0.4828801581659705,0.8955386074353834,0.8000757674576986,2.25241756439209,0.6715911030769348,1.580826461315155,0.7535293042659759,True,6.526092252001594,False
candidate_000009,D0-D2,D0,D2,000,100,4216,16,3,383,384,387,0.18834674751974276,0.47598741001451006,0.9095198372963814,0.7597972260789279,2.25241756439209,0.6715911030769348,1.580826461315155,0.7535293042659759,True,6.346523073939618,False
candidate_000010,D0-D2,D0,D2,000,100,4216,16,10,385,386,396,0.23399042527397446,0.49936698246710554,1.2704113207048495,0.9109722042901004,2.25241756439209,0.6715911030769348,1.580826461315155,0.7535293042659759,True,6.243742974698745,False
candidate_000011,D0-D2,D0,D2,000,100,4216,16,5,384,385,390,0.21709340646125633,0.4828801581659705,1.0610095751836555,0.8000757674576986,2.25241756439209,0.6715911030769348,1.580826461315155,0.7535293042659759,True,6.188208870713474,False
candidate_000012,D0-D2,D0,D2,000,100,4216,16,10,589,590,600,0.20323854568844946,0.49936698246710554,1.0267849545912824,0.9109722042901004,2.25241756439209,0.6715911030769348,1.580826461315155,0.7535293042659759,True,5.80994694208905,False
candidate_000013,D0-D2,D0,D2,000,100,4216,16,3,384,385,388,0.24044567754703955,0.47598741001451006,1.0443908448945909,0.7597972260789279,2.25241756439209,0.6715911030769348,1.580826461315155,0.7535293042659759,True,5.708577407894937,False
candidate_000014,D0-D2,D0,D2,000,100,4216,16,3,382,383,386,0.17743070866270966,0.47598741001451006,0.7685564524249842,0.7597972260789279,2.25241756439209,0.6715911030769348,1.580826461315155,0.7535293042659759,True,5.692837647032918,False
candidate_000015,D0-D2,D0,D2,000,100,4216,16,5,385,386,391,0.2871544216487794,0.4828801581659705,1.1344103681935143,0.8000757674576986,2.25241756439209,0.6715911030769348,1.580826461315155,0.7535293042659759,True,5.002037845233646,False
candidate_000016,D0-D2,D0,D2,000,100,4216,16,10,590,591,601,0.2591708416916712,0.49936698246710554,1.0641195250018545,0.9109722042901004,2.25241756439209,0.6715911030769348,1.580826461315155,0.7535293042659759,True,4.721750351256898,False
candidate_000017,D0-D2,D0,D2,000,100,4216,16,10,386,387,397,0.31945456690164853,0.49936698246710554,1.284220048887146,0.9109722042901004,2.25241756439209,0.6715911030769348,1.580826461315155,0.7535293042659759,True,4.623055349912424,False
candidate_000018,D0-D2,D0,D2,000,100,4216,16,5,589,590,595,0.2570913183289441,0.4828801581659705,0.9146071032586477,0.8000757674576986,2.25241756439209,0.6715911030769348,1.580826461315155,0.7535293042659759,True,4.504425960488395,False
candidate_000019,D0-D1,D0,D1,000,010,4209,9,10,1107,1108,1118,0.22930028770416136,0.49936698246710554,1.2498308555053068,0.9109722042901004,2.3040237426757812,1.175516128540039,1.1285076141357422,0.7535293042659759,True,4.474718173859749,False
candidate_000020,D0-D1,D0,D1,000,010,4209,9,5,1105,1106,1111,0.19155806196265798,0.4828801581659705,0.9369215850754502,0.8000757674576986,2.3040237426757812,1.175516128540039,1.1285076141357422,0.7535293042659759,True,4.4209479394534625,False
candidate_000021,D0-D1,D0,D1,000,010,4209,9,10,1106,1107,1117,0.2271471974015481,0.49936698246710554,1.1969856583002851,0.9109722042901004,2.3040237426757812,1.175516128540039,1.1285076141357422,0.7535293042659759,True,4.32614039573811,False
candidate_000022,D0-D1,D0,D1,000,010,4209,9,5,1106,1107,1112,0.19853621112361514,0.4828801581659705,0.9498033029597737,0.8000757674576986,2.3040237426757812,1.175516128540039,1.1285076141357422,0.7535293042659759,True,4.324207610552343,False
candidate_000023,D0-D1,D0,D1,000,010,4209,9,3,1105,1106,1109,0.19039085905511,0.47598741001451006,0.8706727967396575,0.7597972260789279,2.3040237426757812,1.175516128540039,1.1285076141357422,0.7535293042659759,True,4.290530478516705,False
candidate_000024,D0-D1,D0,D1,000,010,4209,9,3,1106,1107,1110,0.20950667923528843,0.47598741001451006,0.9295691307755302,0.7597972260789279,2.3040237426757812,1.175516128540039,1.1285076141357422,0.7535293042659759,True,4.162803674733291,False
candidate_000025,D0-D1,D0,D1,000,010,4209,9,5,1107,1108,1113,0.22875248226187803,0.4828801581659705,1.0330488383629575,0.8000757674576986,2.3040237426757812,1.175516128540039,1.1285076141357422,0.7535293042659759,True,4.081949514519379,False
candidate_000026,D0-D1,D0,D1,000,010,4209,9,10,1108,1109,1119,0.26055815092268414,0.49936698246710554,1.2915031093233342,0.9109722042901004,2.3040237426757812,1.175516128540039,1.1285076141357422,0.7535293042659759,True,4.0692075141606905,False
candidate_000027,D0-D2,D0,D2,000,100,4216,16,10,591,592,602,0.32187006059806567,0.49936698246710554,1.1168715070845803,0.9109722042901004,2.25241756439209,0.6715911030769348,1.580826461315155,0.7535293042659759,True,3.990445450757516,False
candidate_000028,D0-D2,D0,D2,000,100,4216,16,3,385,386,389,0.34194489976622205,0.47598741001451006,1.0330720038006358,0.7597972260789279,2.25241756439209,0.6715911030769348,1.580826461315155,0.7535293042659759,True,3.9706012448541306,False
candidate_000029,D0-D1,D0,D1,000,010,4209,9,10,1105,1106,1116,0.23541215458422513,0.49936698246710554,1.1311478091089866,0.9109722042901004,2.3040237426757812,1.175516128540039,1.1285076141357422,0.7535293042659759,True,3.9446595050403217,False
candidate_000030,D0-D1,D0,D1,000,010,4209,9,5,1104,1105,1110,0.19441285193985525,0.4828801581659705,0.8276094782410759,0.8000757674576986,2.3040237426757812,1.175516128540039,1.1285076141357422,0.7535293042659759,True,3.847805183980241,False
candidate_000031,D0-D2,D0,D2,000,100,4216,16,5,590,591,596,0.3422587586004436,0.4828801581659705,1.0278725354147393,0.8000757674576986,2.25241756439209,0.6715911030769348,1.580826461315155,0.7535293042659759,True,3.8025679657496427,False
candidate_000032,D0-D1,D0,D1,000,010,4200,0,3,38,39,42,0.3913562708213589,0.47598741001451006,0.8951512763932691,0.7597972260789279,2.2831742763519287,0.292338490486145,1.9908357858657837,0.7535293042659759,True,3.7857958648912806,False
candidate_000033,D0-D2,D0,D2,000,100,4216,16,5,386,387,392,0.41949700681038515,0.4828801581659705,1.2136807141074797,0.8000757674576986,2.25241756439209,0.6715911030769348,1.580826461315155,0.7535293042659759,True,3.663261136416827,False
candidate_000034,D0-D1,D0,D1,000,010,4209,9,3,1107,1108,1111,0.2557674630180703,0.47598741001451006,0.9902865024968734,0.7597972260789279,2.3040237426757812,1.175516128540039,1.1285076141357422,0.7535293042659759,True,3.632600791638362,False
candidate_000035,D0-D1,D0,D1,000,010,4200,0,5,40,41,46,0.43276969378460345,0.4828801581659705,0.9761859915529779,0.8000757674576986,2.2831742763519287,0.292338490486145,1.9908357858657837,0.7535293042659759,True,3.5968246579810597,False
candidate_000036,D0-D1,D0,D1,000,010,4200,0,5,39,40,45,0.4198699696602949,0.4828801581659705,0.9368796622940903,0.8000757674576986,2.2831742763519287,0.292338490486145,1.9908357858657837,0.7535293042659759,True,3.5580539881741693,False
candidate_000037,D0-D2,D0,D2,000,100,4216,16,3,589,590,593,0.31340460536893,0.47598741001451006,0.8294124217572901,0.7597972260789279,2.25241756439209,0.6715911030769348,1.580826461315155,0.7535293042659759,True,3.47813931828095,False
candidate_000038,D0-D1,D0,D1,000,010,4200,0,3,40,41,44,0.46623289237781684,0.47598741001451006,0.9772375444210928,0.7597972260789279,2.2831742763519287,0.292338490486145,1.9908357858657837,0.7535293042659759,True,3.46920759617413,False
candidate_000039,D0-D1,D0,D1,000,010,4209,9,10,1104,1105,1115,0.2484508192694095,0.49936698246710554,1.0303387114863538,0.9109722042901004,2.3040237426757812,1.175516128540039,1.1285076141357422,0.7535293042659759,True,3.4045414759920907,False
candidate_000040,D0-D1,D0,D1,000,010,4209,9,5,1108,1109,1114,0.303848311810229,0.4828801581659705,1.1410853695931529,0.8000757674576986,2.3040237426757812,1.175516128540039,1.1285076141357422,0.7535293042659759,True,3.394485049035041,False
candidate_000041,D1-D2,D1,D2,010,100,4214,14,3,28,29,32,0.2672463365534491,0.47598741001451006,0.8248670106084142,0.7597972260789279,0.9073785543441772,2.2244794368743896,1.3171008825302124,0.7535293042659759,True,3.3797831057308176,False
candidate_000042,D0-D1,D0,D1,000,010,4200,0,5,38,39,44,0.4304963378813999,0.4828801581659705,0.9124385704034764,0.8000757674576986,2.2831742763519287,0.292338490486145,1.9908357858657837,0.7535293042659759,True,3.37969656165646,False
candidate_000043,D0-D2,D0,D2,000,100,4216,16,10,387,388,398,0.4453200274918327,0.49936698246710554,1.302315419391749,0.9109722042901004,2.25241756439209,0.6715911030769348,1.580826461315155,0.7535293042659759,True,3.3631226347503995,False
candidate_000044,D0-D1,D0,D1,000,010,4200,0,3,39,40,43,0.4130024624380488,0.47598741001451006,0.8296890372871495,0.7597972260789279,2.2831742763519287,0.292338490486145,1.9908357858657837,0.7535293042659759,True,3.325031508049724,False
candidate_000045,D1-D2,D1,D2,010,100,4220,20,10,1810,1811,1821,0.22457874779463913,0.49936698246710554,1.2187704931301302,0.9109722042901004,1.4113249778747559,2.2458486557006836,0.8345236778259277,0.7535293042659759,True,3.2946287982747386,False
candidate_000046,D0-D2,D0,D2,000,100,4216,16,10,592,593,603,0.3945553888603463,0.49936698246710554,1.1261860919660727,0.9109722042901004,2.25241756439209,0.6715911030769348,1.580826461315155,0.7535293042659759,True,3.2824712337685056,False
candidate_000047,D1-D2,D1,D2,010,100,4220,20,10,1809,1810,1820,0.2170422230508741,0.49936698246710554,1.1660534253975705,0.9109722042901004,1.4113249778747559,2.2458486557006836,0.8345236778259277,0.7535293042659759,True,3.261575491441158,False
candidate_000048,D1-D2,D1,D2,010,100,4220,20,5,1808,1809,1814,0.19355752320177938,0.4828801581659705,0.9274027010293283,0.8000757674576986,1.4113249778747559,2.2458486557006836,0.8345236778259277,0.7535293042659759,True,3.202617414235953,False
candidate_000049,D0-D2,D0,D2,000,100,4216,16,3,49,50,53,0.4308716137806735,0.47598741001451006,1.0422564343148086,0.7597972260789279,2.25241756439209,0.6715911030769348,1.580826461315155,0.7535293042659759,True,3.179131660193004,False
candidate_000050,D0-D2,D0,D2,000,100,4216,16,5,48,49,54,0.3881838778778402,0.4828801581659705,0.9721326486664317,0.8000757674576986,2.25241756439209,0.6715911030769348,1.580826461315155,0.7535293042659759,True,3.1708838118956977,False
candidate_000051,D0-D2,D0,D2,000,100,4216,16,5,591,592,597,0.43579434647702386,0.4828801581659705,1.0868288490716815,0.8000757674576986,2.25241756439209,0.6715911030769348,1.580826461315155,0.7535293042659759,True,3.157707220069507,False
candidate_000052,D0-D1,D0,D1,000,010,4209,9,10,1109,1110,1120,0.3402393299838659,0.49936698246710554,1.308419454651322,0.9109722042901004,2.3040237426757812,1.175516128540039,1.1285076141357422,0.7535293042659759,True,3.1570504624580966,False
candidate_000053,D1-D2,D1,D2,010,100,4200,0,3,24,25,28,0.4137098052417972,0.47598741001451006,0.8196538996435624,0.7597972260789279,0.292338490486145,2.1908435821533203,1.8985050916671753,0.7535293042659759,True,3.1271166156255963,False
candidate_000054,D0-D2,D0,D2,000,100,4216,16,5,49,50,55,0.40810750584935174,0.4828801581659705,1.0064592397992131,0.8000757674576986,2.25241756439209,0.6715911030769348,1.580826461315155,0.7535293042659759,True,3.1225823674534072,False
candidate_000055,D1-D2,D1,D2,010,100,4200,0,3,25,26,29,0.4519990493786489,0.47598741001451006,0.8864288063054783,0.7597972260789279,0.292338490486145,2.1908435821533203,1.8985050916671753,0.7535293042659759,True,3.0953924665787658,False
candidate_000056,D1-D2,D1,D2,010,100,4220,20,10,1811,1812,1822,0.24851965595203646,0.49936698246710554,1.261856160800401,0.9109722042901004,1.4113249778747559,2.2458486557006836,0.8345236778259277,0.7535293042659759,True,3.082494594612698,False
candidate_000057,D1-D2,D1,D2,010,100,4220,20,10,1808,1809,1819,0.2164851911703762,0.49936698246710554,1.0936920388504623,0.9109722042901004,1.4113249778747559,2.2458486557006836,0.8345236778259277,0.7535293042659759,True,3.067044465396841,False
candidate_000058,D1-D2,D1,D2,010,100,4220,20,5,1809,1810,1815,0.2127627214278729,0.4828801581659705,0.9724012624836149,0.8000757674576986,1.4113249778747559,2.2458486557006836,0.8345236778259277,0.7535293042659759,True,3.054898166594692,False
candidate_000059,D0-D2,D0,D2,000,100,4216,16,3,37,38,41,0.3295143505442142,0.47598741001451006,0.7619872618721294,0.7597972260789279,2.25241756439209,0.6715911030769348,1.580826461315155,0.7535293042659759,True,3.039171379337451,False
candidate_000060,D0-D1,D0,D1,000,010,4200,0,5,41,42,47,0.45819575908848387,0.4828801581659705,0.8699165825970261,0.8000757674576986,2.2831742763519287,0.292338490486145,1.9908357858657837,0.7535293042659759,True,3.0274019076781897,False
candidate_000061,D0-D2,D0,D2,000,100,4216,16,5,444,445,450,0.3869668270726995,0.4828801581659705,0.9221261077564448,0.8000757674576986,2.25241756439209,0.6715911030769348,1.580826461315155,0.7535293042659759,True,3.0172331857922563,False
candidate_000062,D0-D2,D0,D2,000,100,4216,16,5,47,48,53,0.3797561166033994,0.4828801581659705,0.9044204576732727,0.8000757674576986,2.25241756439209,0.6715911030769348,1.580826461315155,0.7535293042659759,True,3.0154900085337997,False
candidate_000063,D0-D2,D0,D2,000,100,4216,16,3,445,446,449,0.4260155990008628,0.47598741001451006,0.9670310089925294,0.7597972260789279,2.25241756439209,0.6715911030769348,1.580826461315155,0.7535293042659759,True,2.9832985116907875,False
candidate_000064,D0-D2,D0,D2,000,100,4216,16,5,445,446,451,0.4031829558254797,0.4828801581659705,0.9459426459141612,0.8000757674576986,2.25241756439209,0.6715911030769348,1.580826461315155,0.7535293042659759,True,2.970673587100207,False
candidate_000065,D0-D2,D0,D2,000,100,4216,16,3,590,591,594,0.4266286845158903,0.47598741001451006,0.9599671057747878,0.7597972260789279,2.25241756439209,0.6715911030769348,1.580826461315155,0.7535293042659759,True,2.957250488862851,False
candidate_000066,D0-D1,D0,D1,000,010,4200,0,10,42,43,53,0.47284658299587323,0.49936698246710554,0.9637919882457965,0.9109722042901004,2.2831742763519287,0.292338490486145,1.9908357858657837,0.7535293042659759,True,2.9519775284758736,False
candidate_000067,D0-D1,D0,D1,000,010,4209,9,10,1103,1104,1114,0.26552422964040195,0.49936698246710554,0.9498165035169611,0.9109722042901004,2.3040237426757812,1.175516128540039,1.1285076141357422,0.7535293042659759,True,2.9366662977961058,False
candidate_000068,D0-D1,D0,D1,000,010,4220,20,10,344,345,355,0.2641099643094364,0.49936698246710554,1.2490504739971258,0.9109722042901004,2.2647387981414795,1.4113249778747559,0.8534138202667236,0.7535293042659759,True,2.936090414530406,False
candidate_000069,D0-D2,D0,D2,000,100,4216,16,3,188,189,192,0.43148614566644355,0.47598741001451006,0.9611891933422748,0.7597972260789279,2.25241756439209,0.6715911030769348,1.580826461315155,0.7535293042659759,True,2.9276815519408768,False
candidate_000070,D0-D1,D0,D1,000,010,4200,0,10,43,44,54,0.4717184425346254,0.49936698246710554,0.9501190341452517,0.9109722042901004,2.2831742763519287,0.292338490486145,1.9908357858657837,0.7535293042659759,True,2.917058595406598,False
candidate_000071,D1-D2,D1,D2,010,100,4200,0,5,25,26,31,0.4337381720530955,0.4828801581659705,0.8286942687020771,0.8000757674576986,0.292338490486145,2.1908435821533203,1.8985050916671753,0.7535293042659759,True,2.9052703627060867,False
candidate_000072,D1-D2,D1,D2,010,100,4220,20,5,1810,1811,1816,0.24133780049917503,0.4828801581659705,1.046409171034356,0.8000757674576986,1.4113249778747559,2.2458486557006836,0.8345236778259277,0.7535293042659759,True,2.898163933037812,False
candidate_000073,D0-D2,D0,D2,000,100,4216,16,5,186,187,192,0.3838493189326957,0.4828801581659705,0.877402619870199,0.8000757674576986,2.25241756439209,0.6715911030769348,1.580826461315155,0.7535293042659759,True,2.8942127110054976,False
candidate_000074,D0-D2,D0,D2,000,100,4216,16,10,188,189,199,0.3908367413302006,0.49936698246710554,0.9809211717751113,0.9109722042901004,2.25241756439209,0.6715911030769348,1.580826461315155,0.7535293042659759,True,2.886273441601441,False
candidate_000075,D0-D1,D0,D1,000,010,4220,20,10,345,346,356,0.2805987561329589,0.49936698246710554,1.303052001885968,0.9109722042901004,2.2647387981414795,1.4113249778747559,0.8534138202667236,0.7535293042659759,True,2.8830370892476607,False
candidate_000076,D0-D2,D0,D2,000,100,4216,16,3,444,445,448,0.38970870331273894,0.47598741001451006,0.8519213618159343,0.7597972260789279,2.25241756439209,0.6715911030769348,1.580826461315155,0.7535293042659759,True,2.8730369788704877,False
candidate_000077,D0-D2,D0,D2,000,100,4216,16,5,443,444,449,0.3720368051320058,0.4828801581659705,0.8441357896281316,0.8000757674576986,2.25241756439209,0.6715911030769348,1.580826461315155,0.7535293042659759,True,2.8728880426052497,False
candidate_000078,D0-D1,D0,D1,000,010,4200,0,10,44,45,55,0.48129101003458946,0.49936698246710554,0.9491292224913501,0.9109722042901004,2.2831742763519287,0.292338490486145,1.9908357858657837,0.7535293042659759,True,2.856061702213206,False
candidate_000079,D0-D2,D0,D2,000,100,4216,16,10,187,188,198,0.383783102808804,0.49936698246710554,0.9475239418072171,0.9109722042901004,2.25241756439209,0.6715911030769348,1.580826461315155,0.7535293042659759,True,2.83924644871108,False
candidate_000080,D0-D1,D0,D1,000,010,4200,0,5,37,38,43,0.45494570964184766,0.4828801581659705,0.8071720434518644,0.8000757674576986,2.2831742763519287,0.292338490486145,1.9908357858657837,0.7535293042659759,True,2.8291115628754935,False
candidate_000081,D1-D2,D1,D2,010,100,4200,0,5,23,24,29,0.44926205226895033,0.4828801581659705,0.8326587705669298,0.8000757674576986,0.292338490486145,2.1908435821533203,1.8985050916671753,0.7535293042659759,True,2.8182997857983256,False
candidate_000082,D0-D2,D0,D2,000,100,4216,16,3,312,313,316,0.4334152266858362,0.47598741001451006,0.9285251999871696,0.7597972260789279,2.25241756439209,0.6715911030769348,1.580826461315155,0.7535293042659759,True,2.815602502889683,False
candidate_000083,D0-D2,D0,D2,000,100,4216,16,3,446,447,450,0.45096654765440986,0.47598741001451006,0.9651985604860496,0.7597972260789279,2.25241756439209,0.6715911030769348,1.580826461315155,0.7535293042659759,True,2.812899077289833,False
candidate_000084,D0-D2,D0,D2,000,100,4216,16,3,443,444,447,0.37446456287546576,0.47598741001451006,0.7993420532986858,0.7597972260789279,2.25241756439209,0.6715911030769348,1.580826461315155,0.7535293042659759,True,2.80545785805369,False
candidate_000085,D0-D1,D0,D1,000,010,4200,0,10,45,46,56,0.4970248074305039,0.49936698246710554,0.960995503918336,0.9109722042901004,2.2831742763519287,0.292338490486145,1.9908357858657837,0.7535293042659759,True,2.8002272683511524,False
candidate_000086,D0-D2,D0,D2,000,100,4216,16,5,50,51,56,0.45329620668217707,0.4828801581659705,1.0007049237323389,0.8000757674576986,2.25241756439209,0.6715911030769348,1.580826461315155,0.7535293042659759,True,2.7952216147610214,False
candidate_000087,D0-D2,D0,D2,000,100,4216,16,10,189,190,200,0.41649835611826086,0.49936698246710554,1.0114909149066251,0.9109722042901004,2.25241756439209,0.6715911030769348,1.580826461315155,0.7535293042659759,True,2.792848921328799,False
candidate_000088,D1-D2,D1,D2,010,100,4220,20,10,1807,1808,1818,0.22045535786974613,0.49936698246710554,1.0138655192236639,0.9109722042901004,1.4113249778747559,2.2458486557006836,0.8345236778259277,0.7535293042659759,True,2.7919839028541826,False
candidate_000089,D0-D1,D0,D1,000,010,4221,21,3,173,174,177,0.22699368769500847,0.47598741001451006,1.0380630235410098,0.7597972260789279,2.1870429515838623,1.4526909589767456,0.7343519926071167,0.7535293042659759,False,2.7919769873518585,False
candidate_000090,D0-D2,D0,D2,000,100,4216,16,10,49,50,60,0.40440656994062857,0.49936698246710554,0.9802262731338586,0.9109722042901004,2.25241756439209,0.6715911030769348,1.580826461315155,0.7535293042659759,True,2.7874487092540106,False
candidate_000091,D0-D2,D0,D2,000,100,4216,16,10,446,447,457,0.3921109474569426,0.49936698246710554,0.9492238166593481,0.9109722042901004,2.25241756439209,0.6715911030769348,1.580826461315155,0.7535293042659759,True,2.7839306170174414,False
candidate_000092,D0-D1,D0,D1,000,010,4200,0,10,40,41,51,0.4758723738798126,0.49936698246710554,0.9122836305453154,0.9109722042901004,2.2831742763519287,0.292338490486145,1.9908357858657837,0.7535293042659759,True,2.7764469476721114,False
candidate_000093,D0-D2,D0,D2,000,100,4216,16,3,48,49,52,0.4048167403526312,0.47598741001451006,0.8546877301575418,0.7597972260789279,2.25241756439209,0.6715911030769348,1.580826461315155,0.7535293042659759,True,2.7747944570081366,False
candidate_000094,D1-D2,D1,D2,010,100,4220,20,3,1808,1809,1812,0.1948831550841281,0.47598741001451006,0.7767056233631627,0.7597972260789279,1.4113249778747559,2.2458486557006836,0.8345236778259277,0.7535293042659759,True,2.7651482877725413,False
candidate_000095,D0-D2,D0,D2,000,100,4216,16,10,445,446,456,0.3851910778336841,0.49936698246710554,0.9256662803601472,0.9109722042901004,2.25241756439209,0.6715911030769348,1.580826461315155,0.7535293042659759,True,2.7636113860260805,False
candidate_000096,D0-D1,D0,D1,000,010,4222,22,3,41,42,45,0.4514217232065923,0.47598741001451006,0.9761228465553897,0.7597972260789279,2.2318451404571533,0.6958985924720764,1.535946547985077,0.7535293042659759,True,2.7611864994225,False
candidate_000097,D0-D2,D0,D2,000,100,4216,16,5,187,188,193,0.4032469786373767,0.4828801581659705,0.8789357353879205,0.8000757674576986,2.25241756439209,0.6715911030769348,1.580826461315155,0.7535293042659759,True,2.7598043457868506,False
candidate_000098,D0-D1,D0,D1,000,010,4210,10,5,1696,1697,1702,0.258178986110721,0.4828801581659705,1.0355096041118745,0.8000757674576986,2.2462079524993896,1.3898508548736572,0.8563570976257324,0.7535293042659759,True,2.7510357808896897,False
candidate_000099,D0-D2,D0,D2,000,100,4216,16,10,447,448,458,0.4067525944342102,0.49936698246710554,0.972472524076544,0.9109722042901004,2.25241756439209,0.6715911030769348,1.580826461315155,0.7535293042659759,True,2.7494495588601997,False
candidate_000100,D0-D1,D0,D1,000,010,4210,10,3,1696,1697,1700,0.25911176413972575,0.47598741001451006,0.9998605578239435,0.7597972260789279,2.2462079524993896,1.3898508548736572,0.8563570976257324,0.7535293042659759,True,2.74729200820356,False
candidate_000101,D1-D2,D1,D2,010,100,4200,0,5,26,27,32,0.4785081696563403,0.4828801581659705,0.8621845409558013,0.8000757674576986,0.292338490486145,2.1908435821533203,1.8985050916671753,0.7535293042659759,True,2.7398749268537537,False
candidate_000102,D0-D2,D0,D2,000,100,4216,16,3,187,188,191,0.40243714943353587,0.47598741001451006,0.8381154080562683,0.7597972260789279,2.25241756439209,0.6715911030769348,1.580826461315155,0.7535293042659759,True,2.7370805169067784,False
candidate_000103,D0-D1,D0,D1,000,010,4210,10,5,1697,1698,1703,0.2656206369668287,0.4828801581659705,1.0592317524558075,0.8000757674576986,2.2462079524993896,1.3898508548736572,0.8563570976257324,0.7535293042659759,True,2.7352194497371123,False
candidate_000104,D0-D1,D0,D1,000,010,4222,22,5,39,40,45,0.41958920430611923,0.4828801581659705,0.9317847909363541,0.8000757674576986,2.2318451404571533,0.6958985924720764,1.535946547985077,0.7535293042659759,True,2.731967390239145,False
candidate_000105,D0-D2,D0,D2,000,100,4216,16,5,185,186,191,0.3718945774181673,0.4828801581659705,0.8006832882369502,0.8000757674576986,2.25241756439209,0.6715911030769348,1.580826461315155,0.7535293042659759,True,2.7260462021812435,False
candidate_000106,D0-D2,D0,D2,000,100,4216,16,10,50,51,61,0.422218121400502,0.49936698246710554,0.9998200894908746,0.9109722042901004,2.25241756439209,0.6715911030769348,1.580826461315155,0.7535293042659759,True,2.7232263350317507,False
candidate_000107,D0-D2,D0,D2,000,100,4216,16,5,188,189,194,0.42727866405912335,0.4828801581659705,0.9153519477829887,0.8000757674576986,2.25241756439209,0.6715911030769348,1.580826461315155,0.7535293042659759,True,2.7124965657650657,False
candidate_000108,D0-D1,D0,D1,000,010,4220,20,10,343,344,354,0.2670261934962008,0.49936698246710554,1.1661386547167927,0.9109722042901004,2.2647387981414795,1.4113249778747559,0.8534138202667236,0.7535293042659759,True,2.7112561476059933,False
candidate_000109,D0-D2,D0,D2,000,100,4216,16,10,48,49,59,0.39672108228470554,0.49936698246710554,0.9330143697230999,0.9109722042901004,2.25241756439209,0.6715911030769348,1.580826461315155,0.7535293042659759,True,2.7045922610314337,False
candidate_000110,D0-D1,D0,D1,000,010,4222,22,5,41,42,47,0.4369929237212409,0.4828801581659705,0.9564845979580617,0.8000757674576986,2.2318451404571533,0.6958985924720764,1.535946547985077,0.7535293042659759,True,2.69269879503015,False
candidate_000111,D0-D1,D0,D1,000,010,4222,22,3,42,43,46,0.431192714401986,0.47598741001451006,0.9048095875543372,0.7597972260789279,2.2318451404571533,0.6958985924720764,1.535946547985077,0.7535293042659759,True,2.6795353901210195,False
candidate_000112,D0-D1,D0,D1,000,010,4220,20,5,344,345,350,0.2756663598429734,0.4828801581659705,1.0786214823310938,0.8000757674576986,2.2647387981414795,1.4113249778747559,0.8534138202667236,0.7535293042659759,True,2.674564420601458,False
candidate_000113,D0-D2,D0,D2,000,100,4216,16,10,448,449,459,0.43132974227677917,0.49936698246710554,0.9989562213917713,0.9109722042901004,2.25241756439209,0.6715911030769348,1.580826461315155,0.7535293042659759,True,2.6633963400485157,False
candidate_000114,D0-D2,D0,D2,000,100,4216,16,10,190,191,201,0.45145441846453294,0.49936698246710554,1.0412516235000646,0.9109722042901004,2.25241756439209,0.6715911030769348,1.580826461315155,0.7535293042659759,True,2.6524092402176414,False
candidate_000115,D0-D1,D0,D1,000,010,4220,20,3,344,345,348,0.2956224884028371,0.47598741001451006,1.1049710668492532,0.7597972260789279,2.2647387981414795,1.4113249778747559,0.8534138202667236,0.7535293042659759,True,2.651982935411192,False
candidate_000116,D1-D2,D1,D2,010,100,4220,20,5,1811,1812,1817,0.29256814696889366,0.4828801581659705,1.159415843973623,0.8000757674576986,1.4113249778747559,2.2458486557006836,0.8345236778259277,0.7535293042659759,True,2.6488596659932586,False
candidate_000117,D0-D1,D0,D1,000,010,4222,22,5,42,43,48,0.4390861043227983,0.4828801581659705,0.9415330672804056,0.8000757674576986,2.2318451404571533,0.6958985924720764,1.535946547985077,0.7535293042659759,True,2.637971403985525,False
candidate_000118,D0-D1,D0,D1,000,010,4222,22,3,43,44,47,0.4520852495465976,0.47598741001451006,0.9321096438267943,0.7597972260789279,2.2318451404571533,0.6958985924720764,1.535946547985077,0.7535293042659759,True,2.6328152317169526,False
candidate_000119,D1-D2,D1,D2,010,100,4220,20,3,1809,1810,1813,0.22873650399009915,0.47598741001451006,0.8670906895758914,0.7597972260789279,1.4113249778747559,2.2458486557006836,0.8345236778259277,0.7535293042659759,True,2.630057981298588,False
candidate_000120,D0-D1,D0,D1,000,010,4220,20,5,343,344,349,0.26486498560583055,0.4828801581659705,1.0095689237347758,0.8000757674576986,2.2647387981414795,1.4113249778747559,0.8534138202667236,0.7535293042659759,True,2.6054287007717223,False
candidate_000121,D0-D1,D0,D1,000,010,4209,9,3,1108,1109,1112,0.35776975428811564,0.47598741001451006,0.9930163323928717,0.7597972260789279,2.3040237426757812,1.175516128540039,1.1285076141357422,0.7535293042659759,True,2.6040833336915346,False
candidate_000122,D1-D2,D1,D2,010,100,4220,20,10,1812,1813,1823,0.2986661976938453,0.49936698246710554,1.2809054125245836,0.9109722042901004,1.4113249778747559,2.2458486557006836,0.8345236778259277,0.7535293042659759,True,2.6036595904587747,False
candidate_000123,D1-D2,D1,D2,010,100,4200,0,5,22,23,28,0.4795238835323931,0.4828801581659705,0.8190754238059396,0.8000757674576986,0.292338490486145,2.1908435821533203,1.8985050916671753,0.7535293042659759,True,2.597368179989337,False
candidate_000124,D0-D1,D0,D1,000,010,4222,22,3,40,41,44,0.45258787717703314,0.47598741001451006,0.9200512754868618,0.7597972260789279,2.2318451404571533,0.6958985924720764,1.535946547985077,0.7535293042659759,True,2.595869361568545,False
candidate_000125,D0-D1,D0,D1,000,010,4222,22,3,39,40,43,0.43262511116080127,0.47598741001451006,0.8778961520503369,0.7597972260789279,2.2318451404571533,0.6958985924720764,1.535946547985077,0.7535293042659759,True,2.5912250852659566,False
candidate_000126,D0-D1,D0,D1,000,010,4210,10,3,1697,1698,1701,0.2766999222774685,0.47598741001451006,1.006205333818162,0.7597972260789279,2.2462079524993896,1.3898508548736572,0.8563570976257324,0.7535293042659759,True,2.58898834400186,False
candidate_000127,D0-D1,D0,D1,000,010,4222,22,3,37,38,41,0.39752313880846923,0.47598741001451006,0.8049524658921027,0.7597972260789279,2.2318451404571533,0.6958985924720764,1.535946547985077,0.7535293042659759,True,2.5857202704075566,False
candidate_000128,D0-D2,D0,D2,000,100,4216,16,3,311,312,315,0.45199158831200076,0.47598741001451006,0.886510002695441,0.7597972260789279,2.25241756439209,0.6715911030769348,1.580826461315155,0.7535293042659759,True,2.577716195543871,False
candidate_000129,D0-D2,D0,D2,000,100,4216,16,3,447,448,451,0.47529917136426375,0.47598741001451006,0.9298784008780645,0.7597972260789279,2.25241756439209,0.6715911030769348,1.580826461315155,0.7535293042659759,True,2.57122993394069,False
candidate_000130,D0-D1,D0,D1,000,010,4222,22,5,38,39,44,0.40816569321085644,0.4828801581659705,0.8524458230610976,0.8000757674576986,2.2318451404571533,0.6958985924720764,1.535946547985077,0.7535293042659759,True,2.5692980511780723,False
candidate_000131,D1-D2,D1,D2,010,100,4220,20,3,1810,1811,1814,0.27346336691571527,0.47598741001451006,1.0124010115924487,0.7597972260789279,1.4113249778747559,2.2458486557006836,0.8345236778259277,0.7535293042659759,True,2.568559868578047,False
candidate_000132,D0-D2,D0,D2,000,100,4216,16,10,51,52,62,0.46169265918902946,0.49936698246710554,1.03111775723443,0.9109722042901004,2.25241756439209,0.6715911030769348,1.580826461315155,0.7535293042659759,True,2.568349045400507,False
candidate_000133,D0-D1,D0,D1,000,010,4210,10,5,1698,1699,1704,0.31105690165120536,0.4828801581659705,1.1618855643704586,0.8000757674576986,2.2462079524993896,1.3898508548736572,0.8563570976257324,0.7535293042659759,True,2.5620435806248874,False
candidate_000134,D0-D2,D0,D2,000,100,4216,16,3,186,187,190,0.406684994152976,0.47598741001451006,0.7909258798087684,0.7597972260789279,2.25241756439209,0.6715911030769348,1.580826461315155,0.7535293042659759,True,2.5559917674670247,False
candidate_000135,D0-D2,D0,D2,000,100,4216,16,5,446,447,452,0.421210312744024,0.4828801581659705,0.8497032594610247,0.8000757674576986,2.25241756439209,0.6715911030769348,1.580826461315155,0.7535293042659759,True,2.5542334175095527,False
candidate_000136,D0-D1,D0,D1,000,010,4214,14,3,361,362,365,0.37061336925847854,0.47598741001451006,0.8345801556913314,0.7597972260789279,2.262521982192993,0.9073785543441772,1.355143427848816,0.7535293042659759,True,2.537054818025896,False
candidate_000137,D0-D1,D0,D1,000,010,4210,10,10,1698,1699,1709,0.3086068559008326,0.49936698246710554,1.2519775261951402,0.9109722042901004,2.2462079524993896,1.3898508548736572,0.8563570976257324,0.7535293042659759,True,2.527321059865962,False
candidate_000138,D0-D1,D0,D1,000,010,4222,22,10,41,42,52,0.41869274514762256,0.49936698246710554,0.946296517997482,0.9109722042901004,2.2318451404571533,0.6958985924720764,1.535946547985077,0.7535293042659759,True,2.525355132150683,False
candidate_000139,D0-D1,D0,D1,000,010,4220,20,10,346,347,357,0.32581041626870955,0.49936698246710554,1.3248669946072982,0.9109722042901004,2.2647387981414795,1.4113249778747559,0.8534138202667236,0.7535293042659759,True,2.524535833257209,False
candidate_000140,D0-D1,D0,D1,000,010,4214,14,5,362,363,368,0.3776428096943701,0.4828801581659705,0.8767835703531077,0.8000757674576986,2.262521982192993,0.9073785543441772,1.355143427848816,0.7535293042659759,True,2.520023225173381,False
candidate_000141,D0-D1,D0,D1,000,010,4222,22,5,40,41,46,0.4296789498202576,0.4828801581659705,0.8783089848578969,0.8000757674576986,2.2318451404571533,0.6958985924720764,1.535946547985077,0.7535293042659759,True,2.514707325632115,False
candidate_000142,D0-D1,D0,D1,000,010,4214,14,3,362,363,366,0.3960018651985808,0.47598741001451006,0.8829421637956792,0.7597972260789279,2.262521982192993,0.9073785543441772,1.355143427848816,0.7535293042659759,True,2.5119899862782287,False
candidate_000143,D0-D1,D0,D1,000,010,4214,14,5,28,29,34,0.40493844816034674,0.4828801581659705,0.9348609454489779,0.8000757674576986,2.262521982192993,0.9073785543441772,1.355143427848816,0.7535293042659759,True,2.5058286094299875,False
candidate_000144,D1-D2,D1,D2,010,100,4220,20,10,1806,1807,1817,0.2273013870824845,0.49936698246710554,0.9381521563798235,0.9109722042901004,1.4113249778747559,2.2458486557006836,0.8345236778259277,0.7535293042659759,True,2.5056730975704706,False
candidate_000145,D0-D1,D0,D1,000,010,4221,21,3,174,175,178,0.260548322806875,0.47598741001451006,1.066077439018969,0.7597972260789279,2.1870429515838623,1.4526909589767456,0.7343519926071167,0.7535293042659759,False,2.4980571163045213,False
candidate_000146,D0-D2,D0,D2,000,100,4216,16,10,449,450,460,0.468023489332478,0.49936698246710554,1.0142764464026233,0.9109722042901004,2.25241756439209,0.6715911030769348,1.580826461315155,0.7535293042659759,True,2.4922260936152676,False
candidate_000147,D0-D1,D0,D1,000,010,4222,22,10,42,43,53,0.42195303036265286,0.49936698246710554,0.9408303961334755,0.9109722042901004,2.2318451404571533,0.6958985924720764,1.535946547985077,0.7535293042659759,True,2.4913680098656417,False
candidate_000148,D0-D1,D0,D1,000,010,4222,22,5,37,38,43,0.40409418785114976,0.4828801581659705,0.817916574261352,0.8000757674576986,2.2318451404571533,0.6958985924720764,1.535946547985077,0.7535293042659759,True,2.4900645428704498,False
candidate_000149,D0-D1,D0,D1,000,010,4220,20,5,342,343,348,0.2548704050754277,0.4828801581659705,0.9275780875401262,0.8000757674576986,2.2647387981414795,1.4113249778747559,0.8534138202667236,0.7535293042659759,True,2.487704777318663,False
candidate_000150,D0-D1,D0,D1,000,010,4210,10,10,1697,1698,1708,0.30462514781172784,0.49936698246710554,1.2140403796835293,0.9109722042901004,2.2462079524993896,1.3898508548736572,0.8563570976257324,0.7535293042659759,True,2.4827719613798416,False
candidate_000151,D1-D2,D1,D2,010,100,4201,1,5,1157,1158,1163,0.3393339984925048,0.4828801581659705,0.8859967608559789,0.8000757674576986,1.0165002346038818,2.2010998725891113,1.1845996379852295,0.7535293042659759,True,2.4773333677450804,False
candidate_000152,D0-D2,D0,D2,000,100,4216,16,3,421,422,425,0.43338573564602406,0.47598741001451006,0.8133544191066296,0.7597972260789279,2.25241756439209,0.6715911030769348,1.580826461315155,0.7535293042659759,True,2.4665335672023283,False
candidate_000153,D0-D1,D0,D1,000,010,4209,9,5,1109,1110,1115,0.44014684633239387,0.4828801581659705,1.1992740605467351,0.8000757674576986,2.3040237426757812,1.175516128540039,1.1285076141357422,0.7535293042659759,True,2.462824337595671,False
candidate_000154,D0-D1,D0,D1,000,010,4214,14,5,361,362,367,0.3550158024371543,0.4828801581659705,0.8045929708388182,0.8000757674576986,2.262521982192993,0.9073785543441772,1.355143427848816,0.7535293042659759,True,2.459925246391889,False
candidate_000155,D0-D1,D0,D1,000,010,4214,14,10,363,364,374,0.3882345290757416,0.49936698246710554,0.9673725146971894,0.9109722042901004,2.262521982192993,0.9073785543441772,1.355143427848816,0.7535293042659759,True,2.4564017627586536,False
candidate_000156,D0-D2,D0,D2,000,100,4216,16,5,189,190,195,0.4693722458896515,0.4828801581659705,0.9103695913829063,0.8000757674576986,2.25241756439209,0.6715911030769348,1.580826461315155,0.7535293042659759,True,2.4557979403032033,False
candidate_000157,D0-D1,D0,D1,000,010,4214,14,3,29,30,33,0.42730935442545,0.47598741001451006,0.9306701103733529,0.7597972260789279,2.262521982192993,0.9073785543441772,1.355143427848816,0.7535293042659759,True,2.453783516732627,False
candidate_000158,D0-D1,D0,D1,000,010,4220,20,5,345,346,351,0.31195277929404935,0.4828801581659705,1.1188153171149382,0.8000757674576986,2.2647387981414795,1.4113249778747559,0.8534138202667236,0.7535293042659759,True,2.451530568630305,False
candidate_000159,D1-D2,D1,D2,010,100,4201,1,5,1156,1157,1162,0.319221740053258,0.4828801581659705,0.823773973194148,0.8000757674576986,1.0165002346038818,2.2010998725891113,1.1845996379852295,0.7535293042659759,True,2.448472883602938,False
candidate_000160,D0-D1,D0,D1,000,010,4222,22,10,43,44,54,0.4327203808139024,0.49936698246710554,0.945884146571086,0.9109722042901004,2.2318451404571533,0.6958985924720764,1.535946547985077,0.7535293042659759,True,2.442425073772953,False
candidate_000161,D0-D1,D0,D1,000,010,4210,10,5,1695,1696,1701,0.262394134916803,0.4828801581659705,0.9332569347516925,0.8000757674576986,2.2462079524993896,1.3898508548736572,0.8563570976257324,0.7535293042659759,True,2.4395521200783192,False
candidate_000162,D0-D2,D0,D2,000,100,4216,16,5,447,448,453,0.449160303164929,0.4828801581659705,0.8653597660651748,0.8000757674576986,2.25241756439209,0.6715911030769348,1.580826461315155,0.7535293042659759,True,2.439425880686795,False
candidate_000163,D0-D1,D0,D1,000,010,4214,14,5,29,30,35,0.41724625448015534,0.4828801581659705,0.9360639346397284,0.8000757674576986,2.262521982192993,0.9073785543441772,1.355143427848816,0.7535293042659759,True,2.4350418312188995,False
candidate_000164,D0-D1,D0,D1,000,010,4221,21,5,174,175,180,0.2563290471176849,0.4828801581659705,1.0610792403261773,0.8000757674576986,2.1870429515838623,1.4526909589767456,0.7343519926071167,0.7535293042659759,False,2.4347948221297897,False
candidate_000165,D0-D1,D0,D1,000,010,4220,20,10,342,343,353,0.27682687972143527,0.49936698246710554,1.0774792070077186,0.9109722042901004,2.2647387981414795,1.4113249778747559,0.8534138202667236,0.7535293042659759,True,2.4164335874633562,False
candidate_000166,D0-D2,D0,D2,000,100,4216,16,10,191,192,202,0.4918118505399564,0.49936698246710554,1.0323673220325715,0.9109722042901004,2.25241756439209,0.6715911030769348,1.580826461315155,0.7535293042659759,True,2.4139818951413856,False
candidate_000167,D0-D1,D0,D1,000,010,4214,14,3,28,29,32,0.42994625685051585,0.47598741001451006,0.9201434082475979,0.7597972260789279,2.262521982192993,0.9073785543441772,1.355143427848816,0.7535293042659759,True,2.411149981424544,False
candidate_000168,D0-D1,D0,D1,000,010,4222,22,5,43,44,49,0.4559546280378767,0.4828801581659705,0.8892063108034134,0.8000757674576986,2.2318451404571533,0.6958985924720764,1.535946547985077,0.7535293042659759,True,2.3991925677581496,False
candidate_000169,D0-D1,D0,D1,000,010,4214,14,10,362,363,373,0.37849544461904594,0.49936698246710554,0.9203440313473527,0.9109722042901004,2.262521982192993,0.9073785543441772,1.355143427848816,0.7535293042659759,True,2.39711769648289,False
candidate_000170,D0-D1,D0,D1,000,010,4221,21,5,173,174,179,0.2547995965401564,0.4828801581659705,1.0322750012370312,0.8000757674576986,2.1870429515838623,1.4526909589767456,0.7343519926071167,0.7535293042659759,False,2.3829177314605166,False
candidate_000171,D0-D1,D0,D1,000,010,4214,14,3,30,31,34,0.45504719896182344,0.47598741001451006,0.9599301761479075,0.7597972260789279,2.262521982192993,0.9073785543441772,1.355143427848816,0.7535293042659759,True,2.376654641042654,False
candidate_000172,D1-D2,D1,D2,010,100,4201,1,3,1157,1158,1161,0.3731347352432162,0.47598741001451006,0.90008173039302,0.7597972260789279,1.0165002346038818,2.2010998725891113,1.1845996379852295,0.7535293042659759,True,2.3756665253068885,False
candidate_000173,D1-D2,D1,D2,010,100,4220,20,3,2770,2771,2774,0.2583667400103105,0.47598741001451006,0.8828811179068915,0.7597972260789279,1.4113249778747559,2.2458486557006836,0.8345236778259277,0.7535293042659759,True,2.3708381238212755,False
candidate_000174,D0-D1,D0,D1,000,010,4214,14,10,364,365,375,0.4076060874011342,0.49936698246710554,0.9795888218601891,0.9109722042901004,2.262521982192993,0.9073785543441772,1.355143427848816,0.7535293042659759,True,2.3692068202455854,False
candidate_000175,D0-D1,D0,D1,000,010,4220,20,3,343,344,347,0.2784901655075872,0.47598741001451006,0.9274298371006074,0.7597972260789279,2.2647387981414795,1.4113249778747559,0.8534138202667236,0.7535293042659759,True,2.362808299835797,False
candidate_000176,D0-D1,D0,D1,000,010,4220,20,3,345,346,349,0.337537610908985,0.47598741001451006,1.1220834276972118,0.7597972260789279,2.2647387981414795,1.4113249778747559,0.8534138202667236,0.7535293042659759,True,2.358632417523435,False
candidate_000177,D0-D1,D0,D1,000,010,4214,14,5,27,28,33,0.392107144197977,0.4828801581659705,0.8482151620213599,0.8000757674576986,2.262521982192993,0.9073785543441772,1.355143427848816,0.7535293042659759,True,2.347981314530422,False
candidate_000178,D0-D1,D0,D1,000,010,4214,14,10,30,31,41,0.409826380719143,0.49936698246710554,0.9723257993414335,0.9109722042901004,2.262521982192993,0.9073785543441772,1.355143427848816,0.7535293042659759,True,2.338900320657543,False
candidate_000179,D0-D2,D0,D2,000,100,4216,16,3,422,423,426,0.46025112434348564,0.47598741001451006,0.8189379080761997,0.7597972260789279,2.25241756439209,0.6715911030769348,1.580826461315155,0.7535293042659759,True,2.338502988106276,False
candidate_000180,D0-D2,D0,D2,000,100,4216,16,5,422,423,428,0.47164872521644363,0.4828801581659705,0.8696883923572678,0.8000757674576986,2.25241756439209,0.6715911030769348,1.580826461315155,0.7535293042659759,True,2.3347334349979088,False
candidate_000181,D0-D1,D0,D1,000,010,4209,9,10,1110,1111,1121,0.46598030112992034,0.49936698246710554,1.3224602163680745,0.9109722042901004,2.3040237426757812,1.175516128540039,1.1285076141357422,0.7535293042659759,True,2.3298829517605126,False
candidate_000182,D0-D1,D0,D1,000,010,4210,10,10,1696,1697,1707,0.31700365694473176,0.49936698246710554,1.183348761362269,0.9109722042901004,2.2462079524993896,1.3898508548736572,0.8563570976257324,0.7535293042659759,True,2.325508554741526,False
candidate_000183,D0-D1,D0,D1,000,010,4222,22,10,44,45,55,0.45315558800201133,0.49936698246710554,0.9427950409049987,0.9109722042901004,2.2318451404571533,0.6958985924720764,1.535946547985077,0.7535293042659759,True,2.3246662127053463,False
candidate_000184,D0-D1,D0,D1,000,010,4214,14,10,365,366,376,0.43441254577982347,0.49936698246710554,1.0204901152629111,0.9109722042901004,2.262521982192993,0.9073785543441772,1.355143427848816,0.7535293042659759,True,2.3158277734252235,False
candidate_000185,D0-D1,D0,D1,000,010,4214,14,10,366,367,377,0.46210662351989396,0.49936698246710554,1.084085297481406,0.9109722042901004,2.262521982192993,0.9073785543441772,1.355143427848816,0.7535293042659759,True,2.3127094547775124,False
candidate_000186,D0-D1,D0,D1,000,010,4213,13,10,1812,1813,1823,0.31724846668632717,0.49936698246710554,1.1492895625079849,0.9109722042901004,2.2448813915252686,1.373624324798584,0.8712570667266846,0.7535293042659759,True,2.2960999869693577,False
candidate_000187,D0-D1,D0,D1,000,010,4214,14,10,29,30,40,0.40396489613611886,0.49936698246710554,0.9408317998294338,0.9109722042901004,2.262521982192993,0.9073785543441772,1.355143427848816,0.7535293042659759,True,2.2959803957787623,False
candidate_000188,D0-D1,D0,D1,000,010,4221,21,3,172,173,176,0.23929252356753433,0.47598741001451006,0.8978477019375903,0.7597972260789279,2.1870429515838623,1.4526909589767456,0.7343519926071167,0.7535293042659759,False,2.2907380984375156,False
candidate_000189,D0-D1,D0,D1,000,010,4210,10,3,1698,1699,1702,0.343828068227965,0.47598741001451006,1.1025432901744907,0.7597972260789279,2.2462079524993896,1.3898508548736572,0.8563570976257324,0.7535293042659759,True,2.283004883892197,False
candidate_000190,D0-D1,D0,D1,000,010,4213,13,10,1813,1814,1824,0.3427996483034811,0.49936698246710554,1.2324732690311082,0.9109722042901004,2.2448813915252686,1.373624324798584,0.8712570667266846,0.7535293042659759,True,2.278756950301583,False
candidate_000191,D1-D2,D1,D2,010,100,4220,20,3,2769,2770,2773,0.24676513017607252,0.47598741001451006,0.8090229060982794,0.7597972260789279,1.4113249778747559,2.2458486557006836,0.8345236778259277,0.7535293042659759,True,2.2746433232273273,False
candidate_000192,D1-D2,D1,D2,010,100,4220,20,5,2770,2771,2776,0.2536922534497686,0.4828801581659705,0.8633105488265717,0.8000757674576986,1.4113249778747559,2.2458486557006836,0.8345236778259277,0.7535293042659759,True,2.2746082080386336,False
candidate_000193,D0-D1,D0,D1,000,010,4214,14,10,31,32,42,0.4385278946456736,0.49936698246710554,1.010541119448239,0.9109722042901004,2.262521982192993,0.9073785543441772,1.355143427848816,0.7535293042659759,True,2.2717293068260846,False
candidate_000194,D0-D1,D0,D1,000,010,4210,10,10,1699,1700,1710,0.3471708531734469,0.49936698246710554,1.2575757846851698,0.9109722042901004,2.2462079524993896,1.3898508548736572,0.8563570976257324,0.7535293042659759,True,2.2566300272580917,False
candidate_000195,D0-D1,D0,D1,000,010,4213,13,10,1811,1812,1822,0.3157809069056007,0.49936698246710554,1.1213405403145262,0.9109722042901004,2.2448813915252686,1.373624324798584,0.8712570667266846,0.7535293042659759,True,2.2506736233671485,False
candidate_000196,D0-D1,D0,D1,000,010,4214,14,5,363,364,369,0.4171841589747821,0.4828801581659705,0.8624263154895883,0.8000757674576986,2.262521982192993,0.9073785543441772,1.355143427848816,0.7535293042659759,True,2.243817603205374,False
candidate_000197,D1-D2,D1,D2,010,100,4201,1,3,1115,1116,1119,0.3870350892172501,0.47598741001451006,0.8806582450377901,0.7597972260789279,1.0165002346038818,2.2010998725891113,1.1845996379852295,0.7535293042659759,True,2.240919604535934,False
candidate_000198,D1-D2,D1,D2,010,100,4214,14,10,33,34,44,0.399440834431435,0.49936698246710554,0.9337024320677063,0.9109722042901004,0.9073785543441772,2.2244794368743896,1.3171008825302124,0.7535293042659759,True,2.23969882479901,False
candidate_000199,D0-D2,D0,D2,000,100,4216,16,5,421,422,427,0.4701776540193527,0.4828801581659705,0.8264618818323077,0.8000757674576986,2.25241756439209,0.6715911030769348,1.580826461315155,0.7535293042659759,True,2.2256308736437487,False
candidate_000200,D0-D1,D0,D1,000,010,4214,14,10,367,368,378,0.4869363213701406,0.49936698246710554,1.098101301082769,0.9109722042901004,2.262521982192993,0.9073785543441772,1.355143427848816,0.7535293042659759,True,2.2231565733943994,False
candidate_000201,D0-D1,D0,D1,000,010,4210,10,3,1695,1696,1699,0.2523864569056614,0.47598741001451006,0.7873425361659188,0.7597972260789279,2.2462079524993896,1.3898508548736572,0.8563570976257324,0.7535293042659759,True,2.221008318329496,False
candidate_000202,D1-D2,D1,D2,010,100,4210,10,10,48,49,59,0.2589206062248232,0.49936698246710554,0.9244577463286672,0.9109722042901004,1.3898508548736572,2.2397124767303467,0.8498616218566895,0.7535293042659759,True,2.20741108990266,False
candidate_000203,D1-D2,D1,D2,010,100,4220,20,3,1811,1812,1815,0.3401201060009159,0.47598741001451006,1.0805494591696285,0.7597972260789279,1.4113249778747559,2.2458486557006836,0.8345236778259277,0.7535293042659759,True,2.204187948393309,False
candidate_000204,D0-D1,D0,D1,000,010,4209,9,10,864,865,875,0.48789796213554293,0.49936698246710554,1.3063503295572947,0.9109722042901004,2.3040237426757812,1.175516128540039,1.1285076141357422,0.7535293042659759,True,2.198111408350741,False
candidate_000205,D1-D2,D1,D2,010,100,4201,1,5,1115,1116,1121,0.3705433164839687,0.4828801581659705,0.8568112682636481,0.8000757674576986,1.0165002346038818,2.2010998725891113,1.1845996379852295,0.7535293042659759,True,2.1939457166399174,False
candidate_000206,D1-D2,D1,D2,010,100,4201,1,3,1113,1114,1117,0.34333710192307065,0.47598741001451006,0.7641372800885636,0.7597972260789279,1.0165002346038818,2.2010998725891113,1.1845996379852295,0.7535293042659759,True,2.1918955875722745,False
candidate_000207,D0-D1,D0,D1,000,010,4222,22,10,45,46,56,0.4839225896780404,0.49936698246710554,0.9473640065026758,0.9109722042901004,2.2318451404571533,0.6958985924720764,1.535946547985077,0.7535293042659759,True,2.1874172801886056,False
candidate_000208,D1-D2,D1,D2,010,100,4214,14,10,34,35,45,0.4283047397757051,0.49936698246710554,0.9754935965360911,0.9109722042901004,0.9073785543441772,2.2244794368743896,1.3171008825302124,0.7535293042659759,True,2.182253178732529,False
candidate_000209,D0-D1,D0,D1,000,010,4209,9,10,862,863,873,0.4517999284007777,0.49936698246710554,1.198984288831149,0.9109722042901004,2.3040237426757812,1.175516128540039,1.1285076141357422,0.7535293042659759,True,2.178644548504608,False
candidate_000210,D0-D1,D0,D1,000,010,4214,14,10,28,29,39,0.4148262973035217,0.49936698246710554,0.9149683840527957,0.9109722042901004,2.262521982192993,0.9073785543441772,1.355143427848816,0.7535293042659759,True,2.1744009163776723,False
candidate_000211,D0-D1,D0,D1,000,010,4209,9,10,863,864,874,0.46814806133198333,0.49936698246710554,1.2392568903142998,0.9109722042901004,2.3040237426757812,1.175516128540039,1.1285076141357422,0.7535293042659759,True,2.17318729956819,False
candidate_000212,D0-D1,D0,D1,000,010,4214,14,10,32,33,43,0.4806311385088206,0.49936698246710554,1.0573607038726418,0.9109722042901004,2.262521982192993,0.9073785543441772,1.355143427848816,0.7535293042659759,True,2.168757914510277,False
candidate_000213,D1-D2,D1,D2,010,100,4210,10,5,47,48,53,0.2657388263634313,0.4828801581659705,0.8463019723161243,0.8000757674576986,1.3898508548736572,2.2397124767303467,0.8498616218566895,0.7535293042659759,True,2.167837154207853,False
candidate_000214,D1-D2,D1,D2,010,100,4201,1,5,1114,1115,1120,0.3579204144314578,0.4828801581659705,0.8151416115026512,0.8000757674576986,1.0165002346038818,2.2010998725891113,1.1845996379852295,0.7535293042659759,True,2.160858290861705,False
candidate_000215,D1-D2,D1,D2,010,100,4201,1,3,1159,1160,1163,0.4265077911246717,0.47598741001451006,0.9320759290190979,0.7597972260789279,1.0165002346038818,2.2010998725891113,1.1845996379852295,0.7535293042659759,True,2.1522540545776194,False
candidate_000216,D0-D1,D0,D1,000,010,4214,14,5,1498,1499,1504,0.4205977797333693,0.4828801581659705,0.83354804631206,0.8000757674576986,2.262521982192993,0.9073785543441772,1.355143427848816,0.7535293042659759,True,2.1510822790717756,False
candidate_000217,D1-D2,D1,D2,010,100,4214,14,10,35,36,46,0.453323668942761,0.49936698246710554,1.0170898571540572,0.9109722042901004,0.9073785543441772,2.2244794368743896,1.3171008825302124,0.7535293042659759,True,2.1497329873402324,False
candidate_000218,D0-D1,D0,D1,000,010,4214,14,5,30,31,36,0.4465495109491844,0.4828801581659705,0.8813295462741143,0.8000757674576986,2.262521982192993,0.9073785543441772,1.355143427848816,0.7535293042659759,True,2.142210147617966,False
candidate_000219,D1-D2,D1,D2,010,100,4220,20,5,1812,1813,1818,0.37777029652366956,0.4828801581659705,1.2096903912126138,0.8000757674576986,1.4113249778747559,2.2458486557006836,0.8345236778259277,0.7535293042659759,True,2.140391336588636,False
candidate_000220,D0-D1,D0,D1,000,010,4214,14,3,363,364,367,0.4529123125365648,0.47598741001451006,0.8583608059298725,0.7597972260789279,2.262521982192993,0.9073785543441772,1.355143427848816,0.7535293042659759,True,2.1352003423207253,False
candidate_000221,D0-D1,D0,D1,000,010,4221,21,5,175,176,181,0.3127100640414155,0.4828801581659705,1.1324176857687278,0.8000757674576986,2.1870429515838623,1.4526909589767456,0.7343519926071167,0.7535293042659759,False,2.1299880148192325,False
candidate_000222,D0-D1,D0,D1,000,010,4214,14,5,1500,1501,1506,0.44666081276688135,0.4828801581659705,0.8742964510872715,0.8000757674576986,2.262521982192993,0.9073785543441772,1.355143427848816,0.7535293042659759,True,2.124585553176895,False
candidate_000223,D0-D1,D0,D1,000,010,4213,13,10,1810,1811,1821,0.31464052079050175,0.49936698246710554,1.0521321474255132,0.9109722042901004,2.2448813915252686,1.373624324798584,0.8712570667266846,0.7535293042659759,True,2.1194174391616323,False
candidate_000224,D0-D1,D0,D1,000,010,4214,14,3,1500,1501,1504,0.4669727765496061,0.47598741001451006,0.8782708953996424,0.7597972260789279,2.262521982192993,0.9073785543441772,1.355143427848816,0.7535293042659759,True,2.1189455992097224,False
candidate_000225,D0-D1,D0,D1,000,010,4213,13,5,828,829,834,0.28108106421925994,0.4828801581659705,0.8522365061173273,0.8000757674576986,2.2448813915252686,1.373624324798584,0.8712570667266846,0.7535293042659759,True,2.115840642984786,False
candidate_000226,D0-D1,D0,D1,000,010,4214,14,3,27,28,31,0.4123405322710205,0.47598741001451006,0.7706987630891603,0.7597972260789279,2.262521982192993,0.9073785543441772,1.355143427848816,0.7535293042659759,True,2.1057728092818695,False
candidate_000227,D0-D1,D0,D1,000,010,4209,9,10,861,862,872,0.4355511506142109,0.49936698246710554,1.1126826753383703,0.9109722042901004,2.3040237426757812,1.175516128540039,1.1285076141357422,0.7535293042659759,True,2.09725484300944,False
candidate_000228,D0-D1,D0,D1,000,010,4210,10,10,1695,1696,1706,0.32775808488281355,0.49936698246710554,1.1000243624238628,0.9109722042901004,2.2462079524993896,1.3898508548736572,0.8563570976257324,0.7535293042659759,True,2.090828173590104,False
candidate_000229,D0-D1,D0,D1,000,010,4221,21,10,175,176,186,0.3217952005178852,0.49936698246710554,1.2557164904641593,0.9109722042901004,2.1870429515838623,1.4526909589767456,0.7343519926071167,0.7535293042659759,False,2.084639028736056,False
candidate_000230,D0-D1,D0,D1,000,010,4213,13,5,1812,1813,1818,0.3198139544244535,0.4828801581659705,0.9539537477531517,0.8000757674576986,2.2448813915252686,1.373624324798584,0.8712570667266846,0.7535293042659759,True,2.0815378865470433,False
candidate_000231,D0-D1,D0,D1,000,010,4221,21,10,174,175,185,0.3151618782502432,0.49936698246710554,1.2273555003222154,0.9109722042901004,2.1870429515838623,1.4526909589767456,0.7343519926071167,0.7535293042659759,False,2.0804415672935854,False
candidate_000232,D0-D1,D0,D1,000,010,4221,21,5,172,173,178,0.2750851894602493,0.4828801581659705,0.9723353969690384,0.8000757674576986,2.1870429515838623,1.4526909589767456,0.7343519926071167,0.7535293042659759,False,2.079032422670167,False
candidate_000233,D1-D2,D1,D2,010,100,4210,10,10,49,50,60,0.2927230551728017,0.49936698246710554,0.9826435058121551,0.9109722042901004,1.3898508548736572,2.2397124767303467,0.8498616218566895,0.7535293042659759,True,2.075400076485647,False
candidate_000234,D0-D1,D0,D1,000,010,4214,14,5,1499,1500,1505,0.4267785024615315,0.4828801581659705,0.8142309766793685,0.8000757674576986,2.262521982192993,0.9073785543441772,1.355143427848816,0.7535293042659759,True,2.0708013807409,False
candidate_000235,D1-D2,D1,D2,010,100,4214,14,10,36,37,47,0.4773465842538542,0.49936698246710554,1.0315653049714906,0.9109722042901004,0.9073785543441772,2.2244794368743896,1.3171008825302124,0.7535293042659759,True,2.0706013844506463,False
candidate_000236,D1-D2,D1,D2,010,100,4201,1,3,1114,1115,1118,0.3639699430347567,0.47598741001451006,0.7645608358820519,0.7597972260789279,1.0165002346038818,2.2010998725891113,1.1845996379852295,0.7535293042659759,True,2.0687868084837016,False
candidate_000237,D0-D1,D0,D1,000,010,4220,20,5,346,347,352,0.3905006007433433,0.4828801581659705,1.1807373098546008,0.8000757674576986,2.2647387981414795,1.4113249778747559,0.8534138202667236,0.7535293042659759,True,2.0668042648749374,False
candidate_000238,D1-D2,D1,D2,010,100,4220,20,10,2771,2772,2782,0.27524517993994096,0.49936698246710554,0.9368508194035656,0.9109722042901004,1.4113249778747559,2.2458486557006836,0.8345236778259277,0.7535293042659759,True,2.0663502331458115,False
candidate_000239,D1-D2,D1,D2,010,100,4201,1,3,1117,1118,1121,0.41861949238201895,0.47598741001451006,0.8756307522188029,0.7597972260789279,1.0165002346038818,2.2010998725891113,1.1845996379852295,0.7535293042659759,True,2.060016837417554,False
candidate_000240,D1-D2,D1,D2,010,100,4220,20,5,2771,2772,2777,0.2637246323057703,0.4828801581659705,0.812626554664463,0.8000757674576986,1.4113249778747559,2.2458486557006836,0.8345236778259277,0.7535293042659759,True,2.059619879257668,False
candidate_000241,D0-D1,D0,D1,000,010,4213,13,5,1813,1814,1819,0.36304729206320285,0.4828801581659705,1.070698691922779,0.8000757674576986,2.2448813915252686,1.373624324798584,0.8712570667266846,0.7535293042659759,True,2.0580621291039476,False
candidate_000242,D1-D2,D1,D2,010,100,4201,1,3,1158,1159,1162,0.40598235899394153,0.47598741001451006,0.8472902436661688,0.7597972260789279,1.0165002346038818,2.2010998725891113,1.1845996379852295,0.7535293042659759,True,2.0553900702217227,False
candidate_000243,D0-D1,D0,D1,000,010,4220,20,10,341,342,352,0.30183297062134445,0.49936698246710554,0.9970973024694584,0.9109722042901004,2.2647387981414795,1.4113249778747559,0.8534138202667236,0.7535293042659759,True,2.0509028400416285,False
candidate_000244,D1-D2,D1,D2,010,100,4220,20,10,2770,2771,2781,0.2820894050313576,0.49936698246710554,0.9528377520074081,0.9109722042901004,1.4113249778747559,2.2458486557006836,0.8345236778259277,0.7535293042659759,True,2.050620978215109,False
candidate_000245,D0-D1,D0,D1,000,010,4214,14,10,1501,1502,1512,0.45952771184990643,0.49936698246710554,0.9556913705955069,0.9109722042901004,2.262521982192993,0.9073785543441772,1.355143427848816,0.7535293042659759,True,2.0502450532162637,False
candidate_000246,D0-D1,D0,D1,000,010,4213,13,10,1814,1815,1825,0.38940508105593447,0.49936698246710554,1.2588341610460123,0.9109722042901004,2.2448813915252686,1.373624324798584,0.8712570667266846,0.7535293042659759,True,2.048933065660413,False
candidate_000247,D0-D1,D0,D1,000,010,4209,9,10,860,861,871,0.4209165277118938,0.49936698246710554,1.048549897873637,0.9109722042901004,2.3040237426757812,1.175516128540039,1.1285076141357422,0.7535293042659759,True,2.0450887913056954,False
candidate_000248,D0-D1,D0,D1,000,010,4213,13,5,1811,1812,1817,0.3290412497164796,0.4828801581659705,0.9641624908074512,0.8000757674576986,2.2448813915252686,1.373624324798584,0.8712570667266846,0.7535293042659759,True,2.0448162923355193,False
candidate_000249,D0-D1,D0,D1,000,010,4214,14,3,1499,1500,1503,0.43927578034495507,0.47598741001451006,0.7946777182771869,0.7597972260789279,2.262521982192993,0.9073785543441772,1.355143427848816,0.7535293042659759,True,2.0381524064379093,False
candidate_000250,D1-D2,D1,D2,010,100,4220,20,10,2772,2773,2783,0.282176465956023,0.49936698246710554,0.9448785538170353,0.9109722042901004,1.4113249778747559,2.2458486557006836,0.8345236778259277,0.7535293042659759,True,2.0328644297327103,False
candidate_000251,D0-D1,D0,D1,000,010,4213,13,3,828,829,832,0.2878455692747953,0.47598741001451006,0.8078165656816123,0.7597972260789279,2.2448813915252686,1.373624324798584,0.8712570667266846,0.7535293042659759,True,2.0328116232970475,False
candidate_000252,D0-D1,D0,D1,000,010,4209,9,10,859,860,870,0.4091225689330505,0.49936698246710554,1.0110015836734136,0.9109722042901004,2.3040237426757812,1.175516128540039,1.1285076141357422,0.7535293042659759,True,2.0286981981213423,False
candidate_000253,D0-D1,D0,D1,000,010,4210,10,5,1699,1700,1705,0.40289618291269025,0.4828801581659705,1.1914025703225082,0.8000757674576986,2.2462079524993896,1.3898508548736572,0.8563570976257324,0.7535293042659759,True,2.028282196485173,False
candidate_000254,D0-D1,D0,D1,000,010,4213,13,3,1811,1812,1815,0.3262998377424512,0.47598741001451006,0.913121912380153,0.7597972260789279,2.2448813915252686,1.373624324798584,0.8712570667266846,0.7535293042659759,True,2.027009743100291,False
candidate_000255,D1-D2,D1,D2,010,100,4201,1,5,1116,1117,1122,0.38650541347969974,0.4828801581659705,0.8245062377527207,0.8000757674576986,1.0165002346038818,2.2010998725891113,1.1845996379852295,0.7535293042659759,True,2.0240351822572133,False
candidate_000256,D1-D2,D1,D2,010,100,4220,20,5,2772,2773,2778,0.29198874087907467,0.4828801581659705,0.8805400621998113,0.8000757674576986,1.4113249778747559,2.2458486557006836,0.8345236778259277,0.7535293042659759,True,2.0157180054959403,False
candidate_000257,D1-D2,D1,D2,010,100,4201,1,3,1195,1196,1199,0.42176314959660316,0.47598741001451006,0.8608591540050669,0.7597972260789279,1.0165002346038818,2.2010998725891113,1.1845996379852295,0.7535293042659759,True,2.0101695098333283,False
candidate_000258,D0-D1,D0,D1,000,010,4220,20,10,347,348,358,0.407932828166367,0.49936698246710554,1.318320301234896,0.9109722042901004,2.2647387981414795,1.4113249778747559,0.8534138202667236,0.7535293042659759,True,2.0063491248023975,False
candidate_000259,D0-D1,D0,D1,000,010,4209,9,3,854,855,858,0.39339557656206087,0.47598741001451006,0.841214741703486,0.7597972260789279,2.3040237426757812,1.175516128540039,1.1285076141357422,0.7535293042659759,True,2.0062244169732195,False
candidate_000260,D0-D1,D0,D1,000,010,4209,9,5,862,863,868,0.4803737269631606,0.4828801581659705,1.0637714505855036,0.8000757674576986,2.3040237426757812,1.175516128540039,1.1285076141357422,0.7535293042659759,True,2.00162019831969,False
candidate_000261,D0-D1,D0,D1,000,010,4209,9,3,858,859,862,0.41592153590501174,0.47598741001451006,0.8865253216102804,0.7597972260789279,2.3040237426757812,1.175516128540039,1.1285076141357422,0.7535293042659759,True,1.9997782740852843,False
candidate_000262,D0-D1,D0,D1,000,010,4204,4,3,29,30,33,0.3968134628459648,0.47598741001451006,1.0120043538490082,0.7597972260789279,2.2835373878479004,1.340885043144226,0.9426523447036743,0.7535293042659759,True,1.9986886692712418,False
candidate_000263,D0-D2,D0,D2,000,100,4206,6,5,46,47,52,0.15283821439710651,0.4828801581659705,0.992477892274736,0.8000757674576986,2.315232992172241,1.931213617324829,0.3840193748474121,0.7535293042659759,False,1.9973313547518274,False
candidate_000264,D0-D1,D0,D1,000,010,4204,4,5,1382,1383,1388,0.3584955158111583,0.4828801581659705,0.9464558165972194,0.8000757674576986,2.2835373878479004,1.340885043144226,0.9426523447036743,0.7535293042659759,True,1.9933165202840304,False
candidate_000265,D1-D2,D1,D2,010,100,4220,20,10,1813,1814,1824,0.3888403283592073,0.49936698246710554,1.27251889168662,0.9109722042901004,1.4113249778747559,2.2458486557006836,0.8345236778259277,0.7535293042659759,True,1.9867634067285274,False
candidate_000266,D0-D1,D0,D1,000,010,4213,13,10,1809,1810,1820,0.31292142810448964,0.49936698246710554,0.9762532397974393,0.9109722042901004,2.2448813915252686,1.373624324798584,0.8712570667266846,0.7535293042659759,True,1.9773704958953093,False
candidate_000267,D0-D1,D0,D1,000,010,4204,4,5,29,30,35,0.37013526641520395,0.4828801581659705,0.9685281868531385,0.8000757674576986,2.2835373878479004,1.340885043144226,0.9426523447036743,0.7535293042659759,True,1.9756565430180206,False
candidate_000268,D0-D2,D0,D2,000,100,4206,6,10,47,48,58,0.16912085771457974,0.49936698246710554,1.1953796714234395,0.9109722042901004,2.315232992172241,1.931213617324829,0.3840193748474121,0.7535293042659759,False,1.9745874905174452,False
candidate_000269,D0-D1,D0,D1,000,010,4214,14,10,1502,1503,1513,0.48351692851160116,0.49936698246710554,0.9646990552852285,0.9109722042901004,2.262521982192993,0.9073785543441772,1.355143427848816,0.7535293042659759,True,1.966889600876527,False
candidate_000270,D0-D1,D0,D1,000,010,4210,10,5,1694,1695,1700,0.2805884323715825,0.4828801581659705,0.8009664367647857,0.8000757674576986,2.2462079524993896,1.3898508548736572,0.8563570976257324,0.7535293042659759,True,1.9579768564547735,False
candidate_000271,D1-D2,D1,D2,010,100,4201,1,5,1117,1118,1123,0.4014810862356401,0.4828801581659705,0.8273330829996327,0.8000757674576986,1.0165002346038818,2.2010998725891113,1.1845996379852295,0.7535293042659759,True,1.9552171289775615,False
candidate_000272,D0-D1,D0,D1,000,010,4209,9,10,858,859,869,0.4069069047066366,0.49936698246710554,0.9690021932116424,0.9109722042901004,2.3040237426757812,1.175516128540039,1.1285076141357422,0.7535293042659759,True,1.9550089319716624,False
candidate_000273,D1-D2,D1,D2,010,100,4201,1,3,1116,1117,1120,0.4136022482181343,0.47598741001451006,0.8192631967670438,0.7597972260789279,1.0165002346038818,2.2010998725891113,1.1845996379852295,0.7535293042659759,True,1.9507866108220275,False
candidate_000274,D1-D2,D1,D2,010,100,4210,10,5,48,49,54,0.31298855967585193,0.4828801581659705,0.8953409071017103,0.8000757674576986,1.3898508548736572,2.2397124767303467,0.8498616218566895,0.7535293042659759,True,1.9472256366836915,False
candidate_000275,D0-D2,D0,D2,000,100,4206,6,10,46,47,57,0.1643826868777316,0.49936698246710554,1.1338699091279614,0.9109722042901004,2.315232992172241,1.931213617324829,0.3840193748474121,0.7535293042659759,False,1.9269695107099973,False
candidate_000276,D1-D2,D1,D2,010,100,4220,20,10,2773,2774,2784,0.30667663445237175,0.49936698246710554,0.9734229385930341,0.9109722042901004,1.4113249778747559,2.2458486557006836,0.8345236778259277,0.7535293042659759,True,1.926966224784526,False
candidate_000277,D0-D1,D0,D1,000,010,4213,13,3,1813,1814,1817,0.3830064110716578,0.47598741001451006,1.0167893375370383,0.7597972260789279,2.2448813915252686,1.373624324798584,0.8712570667266846,0.7535293042659759,True,1.922953883397413,False
candidate_000278,D0-D1,D0,D1,000,010,4209,9,5,861,862,867,0.45589178331701874,0.4828801581659705,0.9683248312371813,0.8000757674576986,2.3040237426757812,1.175516128540039,1.1285076141357422,0.7535293042659759,True,1.9198703201959295,False
candidate_000279,D0-D1,D0,D1,000,010,4209,9,5,854,855,860,0.3892758852868939,0.4828801581659705,0.8247880720004186,0.8000757674576986,2.3040237426757812,1.175516128540039,1.1285076141357422,0.7535293042659759,True,1.915126480678702,False
candidate_000280,D0-D1,D0,D1,000,010,4209,9,5,856,857,862,0.4142128577274666,0.4828801581659705,0.8744061389277128,0.8000757674576986,2.3040237426757812,1.175516128540039,1.1285076141357422,0.7535293042659759,True,1.9081047512328357,False
candidate_000281,D0-D1,D0,D1,000,010,4210,10,10,1694,1695,1705,0.3319998710772083,0.49936698246710554,1.0151323355589545,0.9109722042901004,2.2462079524993896,1.3898508548736572,0.8563570976257324,0.7535293042659759,True,1.9048211297255007,False
candidate_000282,D0-D2,D0,D2,000,100,4206,6,5,45,46,51,0.14149393435438554,0.4828801581659705,0.8754178726847301,0.8000757674576986,2.315232992172241,1.931213617324829,0.3840193748474121,0.7535293042659759,False,1.903000137984768,False
candidate_000283,D0-D1,D0,D1,000,010,4209,9,5,858,859,864,0.4277834503585008,0.4828801581659705,0.899999434620672,0.8000757674576986,2.3040237426757812,1.175516128540039,1.1285076141357422,0.7535293042659759,True,1.9016511412462458,False
candidate_000284,D0-D1,D0,D1,000,010,4213,13,5,829,830,835,0.33579383680508235,0.4828801581659705,0.9135175603054858,0.8000757674576986,2.2448813915252686,1.373624324798584,0.8712570667266846,0.7535293042659759,True,1.8984474936244975,False
candidate_000285,D0-D1,D0,D1,000,010,4204,4,5,27,28,33,0.33299092324075885,0.4828801581659705,0.8361356191251613,0.8000757674576986,2.2835373878479004,1.340885043144226,0.9426523447036743,0.7535293042659759,True,1.895850023809559,False
candidate_000286,D1-D2,D1,D2,010,100,4210,10,3,1775,1776,1779,0.2884896299676321,0.47598741001451006,0.7731027896621964,0.7597972260789279,1.3898508548736572,2.2397124767303467,0.8498616218566895,0.7535293042659759,True,1.893445752769532,False
candidate_000287,D0-D1,D0,D1,000,010,4204,4,5,28,29,34,0.35257288320266933,0.4828801581659705,0.8838660988740696,0.8000757674576986,2.2835373878479004,1.340885043144226,0.9426523447036743,0.7535293042659759,True,1.8927672756100449,False
candidate_000288,D0-D1,D0,D1,000,010,4209,9,5,855,856,861,0.40243725661069146,0.4828801581659705,0.8363778864024344,0.8000757674576986,2.3040237426757812,1.175516128540039,1.1285076141357422,0.7535293042659759,True,1.8785248855044756,False
candidate_000289,D0-D1,D0,D1,000,010,4204,4,3,1381,1382,1385,0.33303882872638846,0.47598741001451006,0.797750249361968,0.7597972260789279,2.2835373878479004,1.340885043144226,0.9426523447036743,0.7535293042659759,True,1.877246251601382,False
candidate_000290,D0-D1,D0,D1,000,010,4204,4,10,30,31,41,0.3641299057007406,0.49936698246710554,0.996566430134124,0.9109722042901004,2.2835373878479004,1.340885043144226,0.9426523447036743,0.7535293042659759,True,1.8767914172376101,False
candidate_000291,D0-D1,D0,D1,000,010,4209,9,10,857,858,868,0.4086470050092965,0.49936698246710554,0.9330336236979885,0.9109722042901004,2.3040237426757812,1.175516128540039,1.1285076141357422,0.7535293042659759,True,1.874424791278527,False
candidate_000292,D0-D1,D0,D1,000,010,4209,9,3,856,857,860,0.4415433913115487,0.47598741001451006,0.8817628818617624,0.7597972260789279,2.3040237426757812,1.175516128540039,1.1285076141357422,0.7535293042659759,True,1.8736157709557009,False
candidate_000293,D0-D1,D0,D1,000,010,4209,9,5,860,861,866,0.4386179443362246,0.4828801581659705,0.9091546004850716,0.8000757674576986,2.3040237426757812,1.175516128540039,1.1285076141357422,0.7535293042659759,True,1.8735441699896123,False
candidate_000294,D1-D2,D1,D2,010,100,4201,1,3,1118,1119,1122,0.4294089805549947,0.47598741001451006,0.8160593959636058,0.7597972260789279,1.0165002346038818,2.2010998725891113,1.1845996379852295,0.7535293042659759,True,1.8716293966399613,False
candidate_000295,D0-D1,D0,D1,000,010,4221,21,10,173,174,184,0.33791909531380293,0.49936698246710554,1.1811402553981665,0.9109722042901004,2.1870429515838623,1.4526909589767456,0.7343519926071167,0.7535293042659759,False,1.8672719216831888,False
candidate_000296,D1-D2,D1,D2,010,100,4210,10,10,50,51,61,0.33335495156399364,0.49936698246710554,1.0061850037840463,0.9109722042901004,1.3898508548736572,2.2397124767303467,0.8498616218566895,0.7535293042659759,True,1.86609478534904,False
candidate_000297,D0-D1,D0,D1,000,010,4204,4,5,1381,1382,1387,0.34483707476139314,0.4828801581659705,0.8493290347904797,0.8000757674576986,2.2835373878479004,1.340885043144226,0.9426523447036743,0.7535293042659759,True,1.8596091219717668,False
candidate_000298,D1-D2,D1,D2,010,100,4201,1,10,36,37,47,0.43057532972789175,0.49936698246710554,0.9255051291493832,0.9109722042901004,1.0165002346038818,2.2010998725891113,1.1845996379852295,0.7535293042659759,True,1.8523192253313328,False
candidate_000299,D0-D1,D0,D1,000,010,4209,9,10,856,857,867,0.4101374341055011,0.49936698246710554,0.9225614002831969,0.9109722042901004,2.3040237426757812,1.175516128540039,1.1285076141357422,0.7535293042659759,True,1.8466513807179743,False
candidate_000300,D0-D1,D0,D1,000,010,4209,9,3,857,858,861,0.4306572767719223,0.47598741001451006,0.8466903428523892,0.7597972260789279,2.3040237426757812,1.175516128540039,1.1285076141357422,0.7535293042659759,True,1.8445690856665284,False
candidate_000301,D0-D1,D0,D1,000,010,4213,13,10,1808,1809,1819,0.3141714924710222,0.49936698246710554,0.9120745616803225,0.9109722042901004,2.2448813915252686,1.373624324798584,0.8712570667266846,0.7535293042659759,True,1.8400280063221846,False
candidate_000302,D0-D1,D0,D1,000,010,4204,4,3,1382,1383,1386,0.3881036621988922,0.47598741001451006,0.9109219265293778,0.7597972260789279,2.2835373878479004,1.340885043144226,0.9426523447036743,0.7535293042659759,True,1.8394271095910486,False
candidate_000303,D1-D2,D1,D2,010,100,4220,20,5,2773,2774,2779,0.3472244229651964,0.4828801581659705,0.953667155557308,0.8000757674576986,1.4113249778747559,2.2458486557006836,0.8345236778259277,0.7535293042659759,True,1.8358336304795557,False
candidate_000304,D0-D1,D0,D1,000,010,4214,14,3,1554,1555,1558,0.4721583317004591,0.47598741001451006,0.7691304375955279,0.7597972260789279,2.262521982192993,0.9073785543441772,1.355143427848816,0.7535293042659759,True,1.835249944595619,False
candidate_000305,D0-D1,D0,D1,000,010,4220,20,5,1911,1912,1917,0.30036433556888265,0.4828801581659705,0.8060993581480299,0.8000757674576986,2.2647387981414795,1.4113249778747559,0.8534138202667236,0.7535293042659759,True,1.8344588727316262,False
candidate_000306,D1-D2,D1,D2,010,100,4210,10,5,1619,1620,1625,0.3272674129356245,0.4828801581659705,0.8816434018585821,0.8000757674576986,1.3898508548736572,2.2397124767303467,0.8498616218566895,0.7535293042659759,True,1.833776965668096,False
candidate_000307,D0-D1,D0,D1,000,010,4209,9,3,860,861,864,0.45101817576031744,0.47598741001451006,0.8775767957009891,0.7597972260789279,2.3040237426757812,1.175516128540039,1.1285076141357422,0.7535293042659759,True,1.825547748013044,False
candidate_000308,D0-D1,D0,D1,000,010,4204,4,10,31,32,42,0.3894045978570509,0.49936698246710554,1.0356770623351124,0.9109722042901004,2.2835373878479004,1.340885043144226,0.9426523447036743,0.7535293042659759,True,1.8238511293143003,False
candidate_000309,D0-D1,D0,D1,000,010,4221,21,10,176,177,187,0.37428223768252367,0.49936698246710554,1.2763687451950414,0.9109722042901004,2.1870429515838623,1.4526909589767456,0.7343519926071167,0.7535293042659759,False,1.821779341250912,False
candidate_000310,D0-D2,D0,D2,000,100,4206,6,3,46,47,50,0.16630314703267202,0.47598741001451006,0.9481316522857882,0.7597972260789279,2.315232992172241,1.931213617324829,0.3840193748474121,0.7535293042659759,False,1.8201992432292617,False
candidate_000311,D0-D1,D0,D1,000,010,4220,20,3,122,123,126,0.3042250911918694,0.47598741001451006,0.7804354341976794,0.7597972260789279,2.2647387981414795,1.4113249778747559,0.8534138202667236,0.7535293042659759,True,1.820116709567183,False
candidate_000312,D0-D1,D0,D1,000,010,4210,10,10,1700,1701,1711,0.43571607017392955,0.49936698246710554,1.2726766179955482,0.9109722042901004,2.2462079524993896,1.3898508548736572,0.8563570976257324,0.7535293042659759,True,1.8196335699236716,False
candidate_000313,D1-D2,D1,D2,010,100,4210,10,3,1619,1620,1623,0.33742319459287734,0.47598741001451006,0.8683765462884661,0.7597972260789279,1.3898508548736572,2.2397124767303467,0.8498616218566895,0.7535293042659759,True,1.818356300682585,False
candidate_000314,D1-D2,D1,D2,010,100,4201,1,3,1196,1197,1200,0.43605550365936546,0.47598741001451006,0.8031682255792407,0.7597972260789279,1.0165002346038818,2.2010998725891113,1.1845996379852295,0.7535293042659759,True,1.813986112009999,False
candidate_000315,D0-D1,D0,D1,000,010,4204,4,10,29,30,40,0.369008933693468,0.49936698246710554,0.9749707956414974,0.9109722042901004,2.2835373878479004,1.340885043144226,0.9426523447036743,0.7535293042659759,True,1.8118441169749366,False
candidate_000316,D0-D1,D0,D1,000,010,4213,13,3,829,830,833,0.3840289319584273,0.47598741001451006,0.9599743106204189,0.7597972260789279,2.2448813915252686,1.373624324798584,0.8712570667266846,0.7535293042659759,True,1.810671209063509,False
candidate_000317,D0-D1,D0,D1,000,010,4204,4,3,30,31,34,0.41726818516781083,0.47598741001451006,0.9629673522839456,0.7597972260789279,2.2835373878479004,1.340885043144226,0.9426523447036743,0.7535293042659759,True,1.8086122086309027,False
candidate_000318,D0-D1,D0,D1,000,010,4213,13,3,1810,1811,1814,0.3262621858127047,0.47598741001451006,0.8144446420734338,0.7597972260789279,2.2448813915252686,1.373624324798584,0.8712570667266846,0.7535293042659759,True,1.8081679139914892,False
candidate_000319,D0-D1,D0,D1,000,010,4213,13,10,1815,1816,1826,0.4542347026758236,0.49936698246710554,1.2941762926369325,0.9109722042901004,2.2448813915252686,1.373624324798584,0.8712570667266846,0.7535293042659759,True,1.805818071191833,False
candidate_000320,D1-D2,D1,D2,010,100,4201,1,5,1196,1197,1202,0.4381306623295484,0.4828801581659705,0.8311532904273902,0.8000757674576986,1.0165002346038818,2.2010998725891113,1.1845996379852295,0.7535293042659759,True,1.7999364556056232,False
candidate_000321,D1-D2,D1,D2,010,100,4213,13,3,149,150,153,0.28356400416730465,0.47598741001451006,0.7671572616678759,0.7597972260789279,1.373624324798584,2.17341947555542,0.7997951507568359,0.7535293042659759,True,1.7989110196998939,False
candidate_000322,D0-D1,D0,D1,000,010,4213,13,5,1814,1815,1820,0.44065594627206617,0.4828801581659705,1.1356276741796985,0.8000757674576986,2.2448813915252686,1.373624324798584,0.8712570667266846,0.7535293042659759,True,1.798418424655639,False
candidate_000323,D1-D2,D1,D2,010,100,4210,10,5,49,50,55,0.3626634013451376,0.4828801581659705,0.9579059701360675,0.8000757674576986,1.3898508548736572,2.2397124767303467,0.8498616218566895,0.7535293042659759,True,1.7979411176233242,False
candidate_000324,D1-D2,D1,D2,010,100,4220,20,10,2774,2775,2785,0.35510534622745293,0.49936698246710554,1.0496096091482119,0.9109722042901004,1.4113249778747559,2.2458486557006836,0.8345236778259277,0.7535293042659759,True,1.794418764953536,False
candidate_000325,D0-D1,D0,D1,000,010,4210,10,5,1512,1513,1518,0.3402910430862045,0.4828801581659705,0.8901530259581641,0.8000757674576986,2.2462079524993896,1.3898508548736572,0.8563570976257324,0.7535293042659759,True,1.7942260309494336,False
candidate_000326,D1-D2,D1,D2,010,100,4210,10,5,1618,1619,1624,0.31680105826917765,0.4828801581659705,0.8330806471694632,0.8000757674576986,1.3898508548736572,2.2397124767303467,0.8498616218566895,0.7535293042659759,True,1.7900152748317626,False
candidate_000327,D0-D1,D0,D1,000,010,4209,9,5,859,860,865,0.4280500414143915,0.4828801581659705,0.8467806342598488,0.8000757674576986,2.3040237426757812,1.175516128540039,1.1285076141357422,0.7535293042659759,True,1.7880883129303544,False
candidate_000328,D0-D1,D0,D1,000,010,4210,10,5,1511,1512,1517,0.3251150793867976,0.4828801581659705,0.8472247785364115,0.8000757674576986,2.2462079524993896,1.3898508548736572,0.8563570976257324,0.7535293042659759,True,1.787411444944825,False
candidate_000329,D0-D1,D0,D1,000,010,4210,10,5,1510,1511,1516,0.31983308678597006,0.4828801581659705,0.8333827084327156,0.8000757674576986,2.2462079524993896,1.3898508548736572,0.8563570976257324,0.7535293042659759,True,1.787245014814394,False
candidate_000330,D1-D2,D1,D2,010,100,4201,1,10,37,38,48,0.45585702454867155,0.49936698246710554,0.9412292239443008,0.9109722042901004,1.0165002346038818,2.2010998725891113,1.1845996379852295,0.7535293042659759,True,1.7793152407473922,False
candidate_000331,D0-D1,D0,D1,000,010,4220,20,3,346,347,350,0.4432859075683885,0.47598741001451006,1.110173110224813,0.7597972260789279,2.2647387981414795,1.4113249778747559,0.8534138202667236,0.7535293042659759,True,1.7769044141274866,False
candidate_000332,D1-D2,D1,D2,010,100,4220,20,3,1812,1813,1816,0.4436444002796736,0.47598741001451006,1.134324791525795,0.7597972260789279,1.4113249778747559,2.2458486557006836,0.8345236778259277,0.7535293042659759,True,1.7739390695367556,False
candidate_000333,D0-D1,D0,D1,000,010,4221,21,10,662,663,673,0.2762103049984417,0.49936698246710554,0.9163246458025696,0.9109722042901004,2.1870429515838623,1.4526909589767456,0.7343519926071167,0.7535293042659759,False,1.7722636071625626,False
candidate_000334,D0-D2,D0,D2,000,100,4206,6,5,47,48,53,0.17847078185588772,0.4828801581659705,1.0253186321710626,0.8000757674576986,2.315232992172241,1.931213617324829,0.3840193748474121,0.7535293042659759,False,1.7670667566417286,False
candidate_000335,D1-D2,D1,D2,010,100,4220,20,3,2772,2773,2776,0.3166016179264622,0.47598741001451006,0.8049615841779186,0.7597972260789279,1.4113249778747559,2.2458486557006836,0.8345236778259277,0.7535293042659759,True,1.763998874676622,False
candidate_000336,D1-D2,D1,D2,010,100,4201,1,5,1195,1196,1201,0.4465000594413454,0.4828801581659705,0.8294458645570332,0.8000757674576986,1.0165002346038818,2.2010998725891113,1.1845996379852295,0.7535293042659759,True,1.7625693668461722,False
candidate_000337,D0-D1,D0,D1,000,010,4213,13,3,1430,1431,1434,0.40159846760383366,0.47598741001451006,0.9751817675132959,0.7597972260789279,2.2448813915252686,1.373624324798584,0.8712570667266846,0.7535293042659759,True,1.7588850403951,False
candidate_000338,D0-D1,D0,D1,000,010,4221,21,3,175,176,179,0.3608545503030779,0.47598741001451006,1.0380531335715877,0.7597972260789279,2.1870429515838623,1.4526909589767456,0.7343519926071167,0.7535293042659759,False,1.7562619446932528,False
candidate_000339,D1-D2,D1,D2,010,100,4201,1,5,1197,1198,1203,0.45602376539700173,0.4828801581659705,0.8427960782737779,0.8000757674576986,1.0165002346038818,2.2010998725891113,1.1845996379852295,0.7535293042659759,True,1.7535361462219294,False
candidate_000340,D1-D2,D1,D2,010,100,4221,21,10,841,842,852,0.3422455772485745,0.49936698246710554,1.0794343312658947,0.9109722042901004,1.4526909589767456,2.216704845428467,0.7640138864517212,0.7535293042659759,True,1.7529687979117803,False
candidate_000341,D0-D1,D0,D1,000,010,4210,10,10,1693,1694,1704,0.33343656803922966,0.49936698246710554,0.9367167873725248,0.9109722042901004,2.2462079524993896,1.3898508548736572,0.8563570976257324,0.7535293042659759,True,1.750106708154494,False
candidate_000342,D0-D1,D0,D1,000,010,4204,4,5,30,31,36,0.3953392473978374,0.4828801581659705,0.9162736399749627,0.8000757674576986,2.2835373878479004,1.340885043144226,0.9426523447036743,0.7535293042659759,True,1.7499067675673339,False
candidate_000343,D0-D1,D0,D1,000,010,4210,10,3,1512,1513,1516,0.3675886697935998,0.47598741001451006,0.902970065752152,0.7597972260789279,2.2462079524993896,1.3898508548736572,0.8563570976257324,0.7535293042659759,True,1.748895071362863,False
candidate_000344,D0-D1,D0,D1,000,010,4213,13,5,1810,1811,1816,0.33293502603967756,0.4828801581659705,0.8316978171607927,0.8000757674576986,2.2448813915252686,1.373624324798584,0.8712570667266846,0.7535293042659759,True,1.7432532577288737,False
candidate_000345,D1-D2,D1,D2,010,100,4207,7,10,323,324,334,0.2966039892148515,0.49936698246710554,1.1879859693323662,0.9109722042901004,1.6474778652191162,2.2455549240112305,0.5980770587921143,0.7535293042659759,False,1.742633341981036,False
candidate_000346,D0-D1,D0,D1,000,010,4204,4,5,1383,1384,1389,0.423479376921342,0.4828801581659705,0.977032959367579,0.8000757674576986,2.2835373878479004,1.340885043144226,0.9426523447036743,0.7535293042659759,True,1.7419536631162464,False
candidate_000347,D0-D2,D0,D2,000,100,4206,6,10,45,46,56,0.16899610396994044,0.49936698246710554,1.0532550412936952,0.9109722042901004,2.315232992172241,1.931213617324829,0.3840193748474121,0.7535293042659759,False,1.741103312953391,False
candidate_000348,D0-D1,D0,D1,000,010,4213,13,5,1429,1430,1435,0.36396128778243775,0.4828801581659705,0.905045324264289,0.8000757674576986,2.2448813915252686,1.373624324798584,0.8712570667266846,0.7535293042659759,True,1.735279942071261,False
candidate_000349,D0-D1,D0,D1,000,010,4220,20,3,123,124,127,0.31606298545472444,0.47598741001451006,0.7723233917140131,0.7597972260789279,2.2647387981414795,1.4113249778747559,0.8534138202667236,0.7535293042659759,True,1.7337354839156718,False
candidate_000350,D0-D1,D0,D1,000,010,4213,13,3,1812,1813,1816,0.31800184923013075,0.47598741001451006,0.7606332668978469,0.7597972260789279,2.2448813915252686,1.373624324798584,0.8712570667266846,0.7535293042659759,True,1.7325652498435222,False
candidate_000351,D0-D1,D0,D1,000,010,4213,13,5,1430,1431,1436,0.3779283478550781,0.4828801581659705,0.9373362897738101,0.8000757674576986,2.2448813915252686,1.373624324798584,0.8712570667266846,0.7535293042659759,True,1.7307740430111485,False
candidate_000352,D0-D1,D0,D1,000,010,4209,9,3,859,860,863,0.4173539549815911,0.47598741001451006,0.7679016518003272,0.7597972260789279,2.3040237426757812,1.175516128540039,1.1285076141357422,0.7535293042659759,True,1.726247957192718,False
candidate_000353,D0-D1,D0,D1,000,010,4221,21,3,661,662,665,0.2965996104976083,0.47598741001451006,0.8370603726911073,0.7597972260789279,2.1870429515838623,1.4526909589767456,0.7343519926071167,0.7535293042659759,False,1.7230111954286047,False
candidate_000354,D0-D1,D0,D1,000,010,4201,1,10,30,31,41,0.4859242636253402,0.49936698246710554,0.9365428206684987,0.9109722042901004,2.2451279163360596,1.0165002346038818,1.2286276817321777,0.7535293042659759,True,1.7226375171089128,False
candidate_000355,D0-D1,D0,D1,000,010,4210,10,5,1513,1514,1519,0.36235257038451496,0.4828801581659705,0.9097028403761697,0.8000757674576986,2.2462079524993896,1.3898508548736572,0.8563570976257324,0.7535293042659759,True,1.7219922917925206,False
candidate_000356,D0-D1,D0,D1,000,010,4213,13,3,1809,1810,1813,0.3314358527964061,0.47598741001451006,0.7875066079196736,0.7597972260789279,2.2448813915252686,1.373624324798584,0.8712570667266846,0.7535293042659759,True,1.7210704570597475,False
candidate_000357,D1-D2,D1,D2,010,100,4201,1,3,36,37,40,0.4677656523582811,0.47598741001451006,0.8168958368622373,0.7597972260789279,1.0165002346038818,2.2010998725891113,1.1845996379852295,0.7535293042659759,True,1.7199173010788293,False
candidate_000358,D1-D2,D1,D2,010,100,4207,7,5,322,323,328,0.2640150724262834,0.4828801581659705,0.9457748289027602,0.8000757674576986,1.6474778652191162,2.2455549240112305,0.5980770587921143,0.7535293042659759,False,1.716027610919188,False
candidate_000359,D0-D2,D0,D2,000,100,4206,6,3,45,46,49,0.1487040541906412,0.47598741001451006,0.7965313444076453,0.7597972260789279,2.315232992172241,1.931213617324829,0.3840193748474121,0.7535293042659759,False,1.71013664528619,False
candidate_000360,D1-D2,D1,D2,010,100,4221,21,10,842,843,853,0.36662427228317157,0.49936698246710554,1.1276205265446844,0.9109722042901004,1.4526909589767456,2.216704845428467,0.7640138864517212,0.7535293042659759,True,1.709454566908843,False
candidate_000361,D1-D2,D1,D2,010,100,4201,1,3,1119,1120,1123,0.4530521796943802,0.47598741001451006,0.7860832721806421,0.7597972260789279,1.0165002346038818,2.2010998725891113,1.1845996379852295,0.7535293042659759,True,1.708793335660766,False
candidate_000362,D1-D2,D1,D2,010,100,4201,1,5,36,37,42,0.4827599305010592,0.4828801581659705,0.8688396725374082,0.8000757674576986,1.0165002346038818,2.2010998725891113,1.1845996379852295,0.7535293042659759,True,1.7076077606127942,False
candidate_000363,D1-D2,D1,D2,010,100,4220,20,3,28,29,32,0.3202754726243782,0.47598741001451006,0.7882171425872289,0.7597972260789279,1.4113249778747559,2.2458486557006836,0.8345236778259277,0.7535293042659759,True,1.7074912000881666,False
candidate_000364,D1-D2,D1,D2,010,100,4204,4,5,2083,2084,2089,0.37293260025531993,0.4828801581659705,0.896618380546912,0.8000757674576986,1.340885043144226,2.2271876335144043,0.8863025903701782,0.7535293042659759,True,1.706740145913226,False
candidate_000365,D1-D2,D1,D2,010,100,4216,16,3,120,121,124,0.47052828857780293,0.47598741001451006,0.9826704701603759,0.7597972260789279,1.6540350914001465,0.6715911030769348,0.9824439883232117,0.7535293042659759,True,1.705797925136962,False
candidate_000366,D0-D1,D0,D1,000,010,4213,13,10,830,831,841,0.3517173452485568,0.49936698246710554,0.9455571392977177,0.9109722042901004,2.2448813915252686,1.373624324798584,0.8712570667266846,0.7535293042659759,True,1.7039421923423597,False
candidate_000367,D1-D2,D1,D2,010,100,4204,4,3,2083,2084,2087,0.3819055919761526,0.47598741001451006,0.8828820859745866,0.7597972260789279,1.340885043144226,2.2271876335144043,0.8863025903701782,0.7535293042659759,True,1.7034379624686238,False
candidate_000368,D0-D1,D0,D1,000,010,4209,9,3,855,856,859,0.4225954899494746,0.47598741001451006,0.7655211797169773,0.7597972260789279,2.3040237426757812,1.175516128540039,1.1285076141357422,0.7535293042659759,True,1.6995520208583987,False
candidate_000369,D1-D2,D1,D2,010,100,4216,16,3,41,42,45,0.4519233287554499,0.47598741001451006,0.9403465747000058,0.7597972260789279,1.6540350914001465,0.6715911030769348,0.9824439883232117,0.7535293042659759,True,1.699529085316668,False
candidate_000370,D1-D2,D1,D2,010,100,4210,10,3,1531,1532,1535,0.35138920583073685,0.47598741001451006,0.8446148840556513,0.7597972260789279,1.3898508548736572,2.2397124767303467,0.8498616218566895,0.7535293042659759,True,1.698306795320845,False
candidate_000371,D0-D1,D0,D1,000,010,4201,1,10,29,30,40,0.4823220221658173,0.49936698246710554,0.9164238711211325,0.9109722042901004,2.2451279163360596,1.0165002346038818,1.2286276817321777,0.7535293042659759,True,1.698220773858213,False
candidate_000372,D0-D1,D0,D1,000,010,4210,10,5,1514,1515,1520,0.3801596726310622,0.4828801581659705,0.9410616965233677,0.8000757674576986,2.2462079524993896,1.3898508548736572,0.8563570976257324,0.7535293042659759,True,1.6979115034259848,False
candidate_000373,D1-D2,D1,D2,010,100,4217,17,3,1089,1090,1093,0.22634044232470318,0.47598741001451006,0.8570327837849906,0.7597972260789279,1.525992751121521,2.064797878265381,0.5388051271438599,0.7535293042659759,False,1.6961513806111579,False
candidate_000374,D0-D1,D0,D1,000,010,4220,20,5,1912,1913,1918,0.3550872230112499,0.4828801581659705,0.8798224394940685,0.8000757674576986,2.2647387981414795,1.4113249778747559,0.8534138202667236,0.7535293042659759,True,1.6936659542724888,False
candidate_000375,D0-D1,D0,D1,000,010,4204,4,10,32,33,43,0.43313994243434006,0.49936698246710554,1.0683574304369865,0.9109722042901004,2.2835373878479004,1.340885043144226,0.9426523447036743,0.7535293042659759,True,1.691431616079616,False
candidate_000376,D1-D2,D1,D2,010,100,4217,17,3,1088,1089,1092,0.20873796102218892,0.47598741001451006,0.7877265941428488,0.7597972260789279,1.525992751121521,2.064797878265381,0.5388051271438599,0.7535293042659759,False,1.6904541898247165,False
candidate_000377,D0-D1,D0,D1,000,010,4210,10,3,1699,1700,1703,0.47304862786027285,0.47598741001451006,1.122951750940349,0.7597972260789279,2.2462079524993896,1.3898508548736572,0.8563570976257324,0.7535293042659759,True,1.6900821959347698,False
candidate_000378,D1-D2,D1,D2,010,100,4207,7,10,324,325,335,0.3137581674597729,0.49936698246710554,1.2182262669496156,0.9109722042901004,1.6474778652191162,2.2455549240112305,0.5980770587921143,0.7535293042659759,False,1.6892915712116137,False
candidate_000379,D1-D2,D1,D2,010,100,4221,21,5,839,840,845,0.32720792348453187,0.4828801581659705,0.9029522959922482,0.8000757674576986,1.4526909589767456,2.216704845428467,0.7640138864517212,0.7535293042659759,True,1.6886916046071394,False
candidate_000380,D1-D2,D1,D2,010,100,4207,7,5,321,322,327,0.24658221752931345,0.4828801581659705,0.8679337460715869,0.8000757674576986,1.6474778652191162,2.2455549240112305,0.5980770587921143,0.7535293042659759,False,1.6861261414015507,False
candidate_000381,D1-D2,D1,D2,010,100,4219,19,10,506,507,517,0.3239461261182809,0.49936698246710554,0.9430221617098039,0.9109722042901004,1.4596240520477295,2.253171682357788,0.7935476303100586,0.7535293042659759,True,1.6804928111041126,False
candidate_000382,D1-D2,D1,D2,010,100,4207,7,5,323,324,329,0.29998005775450526,0.4828801581659705,1.0492904517912864,0.8000757674576986,1.6474778652191162,2.2455549240112305,0.5980770587921143,0.7535293042659759,False,1.6755931553392085,False
candidate_000383,D1-D2,D1,D2,010,100,4221,21,10,840,841,851,0.34482653828064586,0.49936698246710554,1.038129987724269,0.9109722042901004,1.4526909589767456,2.216704845428467,0.7640138864517212,0.7535293042659759,True,1.6732732104643648,False
candidate_000384,D1-D2,D1,D2,010,100,4219,19,10,507,508,518,0.33557580804474546,0.49936698246710554,0.9724515868918685,0.9109722042901004,1.4596240520477295,2.253171682357788,0.7935476303100586,0.7535293042659759,True,1.6728804099981083,False
candidate_000385,D0-D1,D0,D1,000,010,4209,9,3,961,962,965,0.4754937641138287,0.47598741001451006,0.8478276226943863,0.7597972260789279,2.3040237426757812,1.175516128540039,1.1285076141357422,0.7535293042659759,True,1.6728802176711361,False
candidate_000386,D0-D1,D0,D1,000,010,4210,10,3,1514,1515,1518,0.39329062386551933,0.47598741001451006,0.9239207257472952,0.7597972260789279,2.2462079524993896,1.3898508548736572,0.8563570976257324,0.7535293042659759,True,1.672528911643316,False
candidate_000387,D0-D1,D0,D1,000,010,4221,21,5,171,172,177,0.2994366086469704,0.4828801581659705,0.8513064675881254,0.8000757674576986,2.1870429515838623,1.4526909589767456,0.7343519926071167,0.7535293042659759,False,1.6722199956638193,False
candidate_000388,D0-D1,D0,D1,000,010,4204,4,3,28,29,32,0.37667414881909766,0.47598741001451006,0.8019783713088663,0.7597972260789279,2.2835373878479004,1.340885043144226,0.9426523447036743,0.7535293042659759,True,1.6685760592369019,False
candidate_000389,D1-D2,D1,D2,010,100,4219,19,10,505,506,516,0.3187774864485884,0.49936698246710554,0.9185113872047919,0.9109722042901004,1.4596240520477295,2.253171682357788,0.7935476303100586,0.7535293042659759,True,1.6633531064899942,False
candidate_000390,D1-D2,D1,D2,010,100,4221,21,3,838,839,842,0.3348250820988489,0.47598741001451006,0.8763443283351152,0.7597972260789279,1.4526909589767456,2.216704845428467,0.7640138864517212,0.7535293042659759,True,1.6624770706485303,False
candidate_000391,D0-D1,D0,D1,000,010,4220,20,10,1913,1914,1924,0.3456967773882776,0.49936698246710554,0.925123805533474,0.9109722042901004,2.2647387981414795,1.4113249778747559,0.8534138202667236,0.7535293042659759,True,1.6614173775652015,False
candidate_000392,D1-D2,D1,D2,010,100,4210,10,3,1533,1534,1537,0.3747676892426047,0.47598741001451006,0.8808980404539986,0.7597972260789279,1.3898508548736572,2.2397124767303467,0.8498616218566895,0.7535293042659759,True,1.6607694078059916,False
candidate_000393,D0-D1,D0,D1,000,010,4201,1,5,27,28,33,0.4768140377651058,0.4828801581659705,0.8039102532494051,0.8000757674576986,2.2451279163360596,1.0165002346038818,1.2286276817321777,0.7535293042659759,True,1.6591548774182319,False
candidate_000394,D1-D2,D1,D2,010,100,4210,10,10,51,52,62,0.3869200796819415,0.49936698246710554,1.0381645011780258,0.9109722042901004,1.3898508548736572,2.2397124767303467,0.8498616218566895,0.7535293042659759,True,1.658852132613632,False
candidate_000395,D1-D2,D1,D2,010,100,4201,1,10,992,993,1003,0.4752302160625296,0.49936698246710554,0.9146122817783702,0.9109722042901004,1.0165002346038818,2.2010998725891113,1.1845996379852295,0.7535293042659759,True,1.658513954724585,False
candidate_000396,D0-D1,D0,D1,000,010,4221,21,3,47,48,51,0.3992430797447053,0.47598741001451006,1.083442326811433,0.7597972260789279,2.1870429515838623,1.4526909589767456,0.7343519926071167,0.7535293042659759,False,1.656800795176369,False
candidate_000397,D1-D2,D1,D2,010,100,4216,16,3,37,38,41,0.4137981673409074,0.47598741001451006,0.8393389650233876,0.7597972260789279,1.6540350914001465,0.6715911030769348,0.9824439883232117,0.7535293042659759,True,1.6567395397151132,False
candidate_000398,D1-D2,D1,D2,010,100,4216,16,5,39,40,45,0.42417848365794913,0.4828801581659705,0.8929468994879279,0.8000757674576986,1.6540350914001465,0.6715911030769348,0.9824439883232117,0.7535293042659759,True,1.6565055490130984,False
candidate_000399,D1-D2,D1,D2,010,100,4210,10,10,1620,1621,1631,0.3448094410796859,0.49936698246710554,0.923433723547819,0.9109722042901004,1.3898508548736572,2.2397124767303467,0.8498616218566895,0.7535293042659759,True,1.6557293666011512,False
candidate_000400,D0-D1,D0,D1,000,010,4210,10,3,1511,1512,1515,0.3424691384455453,0.47598741001451006,0.7962914169186446,0.7597972260789279,2.2462079524993896,1.3898508548736572,0.8563570976257324,0.7535293042659759,True,1.6554006086259987,False
candidate_000401,D1-D2,D1,D2,010,100,4201,1,10,38,39,49,0.4833985683427322,0.49936698246710554,0.9279064503471222,0.9109722042901004,1.0165002346038818,2.2010998725891113,1.1845996379852295,0.7535293042659759,True,1.6541884383850554,False
candidate_000402,D1-D2,D1,D2,010,100,4221,21,3,837,838,841,0.31354313474834733,0.47598741001451006,0.8157714214516244,0.7597972260789279,1.4526909589767456,2.216704845428467,0.7640138864517212,0.7535293042659759,True,1.6526087908790783,False
candidate_000403,D1-D2,D1,D2,010,100,4219,19,3,506,507,510,0.3202560762118862,0.47598741001451006,0.8022000231072519,0.7597972260789279,1.4596240520477295,2.253171682357788,0.7935476303100586,0.7535293042659759,True,1.6525549390848289,False
candidate_000404,D1-D2,D1,D2,010,100,4223,23,3,1179,1180,1183,0.29495796306934435,0.47598741001451006,0.9050441659787956,0.7597972260789279,1.5574966669082642,2.204577684402466,0.6470810174942017,0.7535293042659759,False,1.6506915309010206,False
candidate_000405,D0-D1,D0,D1,000,010,4220,20,3,1884,1885,1888,0.33488397833139205,0.47598741001451006,0.7788822800985231,0.7597972260789279,2.2647387981414795,1.4113249778747559,0.8534138202667236,0.7535293042659759,True,1.650192999578363,False
candidate_000406,D0-D1,D0,D1,000,010,4213,13,5,1428,1429,1434,0.37045208094836773,0.4828801581659705,0.8758674705270489,0.8000757674576986,2.2448813915252686,1.373624324798584,0.8712570667266846,0.7535293042659759,True,1.6499119542826448,False
candidate_000407,D0-D1,D0,D1,000,010,4210,10,3,1513,1514,1517,0.3883105585663607,0.47598741001451006,0.8981855230723025,0.7597972260789279,2.2462079524993896,1.3898508548736572,0.8563570976257324,0.7535293042659759,True,1.64679435033011,False
candidate_000408,D1-D2,D1,D2,010,100,4219,19,10,508,509,519,0.364456278006151,0.49936698246710554,1.0387058844663435,0.9109722042901004,1.4596240520477295,2.253171682357788,0.7935476303100586,0.7535293042659759,True,1.6452606360628275,False
candidate_000409,D1-D2,D1,D2,010,100,4217,17,5,1088,1089,1094,0.21136104864861088,0.4828801581659705,0.8023707350596875,0.8000757674576986,1.525992751121521,2.064797878265381,0.5388051271438599,0.7535293042659759,False,1.638286837914876,False
candidate_000410,D0-D1,D0,D1,000,010,4213,13,3,1431,1432,1435,0.4410578061290644,0.47598741001451006,0.9964595722788564,0.7597972260789279,2.2448813915252686,1.373624324798584,0.8712570667266846,0.7535293042659759,True,1.6364701946506321,False
candidate_000411,D1-D2,D1,D2,010,100,4221,21,5,837,838,843,0.30371689702881244,0.4828801581659705,0.8119371106541443,0.8000757674576986,1.4526909589767456,2.216704845428467,0.7640138864517212,0.7535293042659759,True,1.635922731483066,False
candidate_000412,D0-D1,D0,D1,000,010,4221,21,5,660,661,666,0.297850516086255,0.4828801581659705,0.8278956249257577,0.8000757674576986,2.1870429515838623,1.4526909589767456,0.7343519926071167,0.7535293042659759,False,1.6348940203341868,False
candidate_000413,D1-D2,D1,D2,010,100,4219,19,5,507,508,513,0.3446562567933312,0.4828801581659705,0.8865216819351956,0.8000757674576986,1.4596240520477295,2.253171682357788,0.7935476303100586,0.7535293042659759,True,1.6348740146387402,False
candidate_000414,D1-D2,D1,D2,010,100,4216,16,3,76,77,80,0.398649116134119,0.47598741001451006,0.7973502881631686,0.7597972260789279,1.6540350914001465,0.6715911030769348,0.9824439883232117,0.7535293042659759,True,1.633667860196824,False
candidate_000415,D1-D2,D1,D2,010,100,4204,4,3,2082,2083,2086,0.3477666146736931,0.47598741001451006,0.770811806133748,0.7597972260789279,1.340885043144226,2.2271876335144043,0.8863025903701782,0.7535293042659759,True,1.6332027569644638,False
candidate_000416,D1-D2,D1,D2,010,100,4210,10,3,1995,1996,1999,0.3747501315906107,0.47598741001451006,0.8660217652003296,0.7597972260789279,1.3898508548736572,2.2397124767303467,0.8498616218566895,0.7535293042659759,True,1.6327994535306938,False
candidate_000417,D1-D2,D1,D2,010,100,4221,21,5,838,839,844,0.3100624036769727,0.4828801581659705,0.8270701667549973,0.8000757674576986,1.4526909589767456,2.216704845428467,0.7640138864517212,0.7535293042659759,True,1.632309828437516,False
candidate_000418,D1-D2,D1,D2,010,100,4210,10,5,1533,1534,1539,0.370142829753905,0.4828801581659705,0.887165044362314,0.8000757674576986,1.3898508548736572,2.2397124767303467,0.8498616218566895,0.7535293042659759,True,1.6315162198138644,False
candidate_000419,D1-D2,D1,D2,010,100,4210,10,5,50,51,56,0.4208060908550059,0.4828801581659705,1.0085905828465926,0.8000757674576986,1.3898508548736572,2.2397124767303467,0.8498616218566895,0.7535293042659759,True,1.6315079956257097,False
candidate_000420,D1-D2,D1,D2,010,100,4207,7,10,322,323,333,0.3013255818375366,0.49936698246710554,1.1296754299704341,0.9109722042901004,1.6474778652191162,2.2455549240112305,0.5980770587921143,0.7535293042659759,False,1.631133002532533,False
candidate_000421,D1-D2,D1,D2,010,100,4201,1,10,993,994,1004,0.49514104391160424,0.49936698246710554,0.935355404451702,0.9109722042901004,1.0165002346038818,2.2010998725891113,1.1845996379852295,0.7535293042659759,True,1.6279230751671536,False
candidate_000422,D0-D1,D0,D1,000,010,4209,9,5,26,27,32,0.45747375061286305,0.4828801581659705,0.822301093970388,0.8000757674576986,2.3040237426757812,1.175516128540039,1.1285076141357422,0.7535293042659759,True,1.6247153331013984,False
candidate_000423,D0-D2,D0,D2,000,100,4206,6,10,48,49,59,0.21251060814957345,0.49936698246710554,1.235884217358457,0.9109722042901004,2.315232992172241,1.931213617324829,0.3840193748474121,0.7535293042659759,False,1.6246688731905377,False
candidate_000424,D0-D1,D0,D1,000,010,4220,20,10,1914,1915,1925,0.37472973089582207,0.49936698246710554,0.9805412648676204,0.9109722042901004,2.2647387981414795,1.4113249778747559,0.8534138202667236,0.7535293042659759,True,1.6245083468975734,False
candidate_000425,D0-D1,D0,D1,000,010,4221,21,3,662,663,666,0.3307953714068271,0.47598741001451006,0.8796852821481321,0.7597972260789279,2.1870429515838623,1.4526909589767456,0.7343519926071167,0.7535293042659759,False,1.623565428343373,False
candidate_000426,D1-D2,D1,D2,010,100,4210,10,3,1777,1778,1781,0.3516492117920817,0.47598741001451006,0.8074703241217935,0.7597972260789279,1.3898508548736572,2.2397124767303467,0.8498616218566895,0.7535293042659759,True,1.62241799751478,False
candidate_000427,D1-D2,D1,D2,010,100,4221,21,3,839,840,843,0.34443315129486407,0.47598741001451006,0.8797137860897246,0.7597972260789279,1.4526909589767456,2.216704845428467,0.7640138864517212,0.7535293042659759,True,1.6223155113261616,False
candidate_000428,D0-D1,D0,D1,000,010,4220,20,3,1886,1887,1890,0.3496227886929286,0.47598741001451006,0.7970273924649368,0.7597972260789279,2.2647387981414795,1.4113249778747559,0.8534138202667236,0.7535293042659759,True,1.617449769024239,False
candidate_000429,D1-D2,D1,D2,010,100,4216,16,5,118,119,124,0.44866917614024254,0.4828801581659705,0.9219541815672485,0.8000757674576986,1.6540350914001465,0.6715911030769348,0.9824439883232117,0.7535293042659759,True,1.6169589734111618,False
candidate_000430,D1-D2,D1,D2,010,100,4204,4,3,544,545,548,0.3482015465696429,0.47598741001451006,0.7633679754508486,0.7597972260789279,1.340885043144226,2.2271876335144043,0.8863025903701782,0.7535293042659759,True,1.615410402015278,False
candidate_000431,D1-D2,D1,D2,010,100,4216,16,3,39,40,43,0.42705833733147885,0.47598741001451006,0.8415919208160785,0.7597972260789279,1.6540350914001465,0.6715911030769348,0.9824439883232117,0.7535293042659759,True,1.6096066878817274,False
candidate_000432,D0-D1,D0,D1,000,010,4221,21,5,48,49,54,0.4227017593134271,0.4828801581659705,1.154188871002101,0.8000757674576986,2.1870429515838623,1.4526909589767456,0.7343519926071167,0.7535293042659759,False,1.6060357257946933,False
candidate_000433,D0-D1,D0,D1,000,010,4221,21,10,663,664,674,0.3202252569835739,0.49936698246710554,0.9624815999626781,0.9109722042901004,2.1870429515838623,1.4526909589767456,0.7343519926071167,0.7535293042659759,False,1.6056677408139268,False
candidate_000434,D1-D2,D1,D2,010,100,4223,23,5,1180,1181,1186,0.3300795606712686,0.4828801581659705,1.018223413201881,0.8000757674576986,1.5574966669082642,2.204577684402466,0.6470810174942017,0.7535293042659759,False,1.598789190627168,False
candidate_000435,D0-D1,D0,D1,000,010,4210,10,10,1514,1515,1525,0.3616274109604841,0.49936698246710554,0.9275545614006473,0.9109722042901004,2.2462079524993896,1.3898508548736572,0.8563570976257324,0.7535293042659759,True,1.5978925671830957,False
candidate_000436,D0-D1,D0,D1,000,010,4213,13,3,28,29,32,0.3484160001302245,0.47598741001451006,0.7668386103293221,0.7597972260789279,2.2448813915252686,1.373624324798584,0.8712570667266846,0.7535293042659759,True,1.5942257150394115,False
candidate_000437,D0-D1,D0,D1,000,010,4213,13,3,1429,1430,1433,0.3872617822001451,0.47598741001451006,0.8516870523302199,0.7597972260789279,2.2448813915252686,1.373624324798584,0.8712570667266846,0.7535293042659759,True,1.5930130533256768,False
candidate_000438,D1-D2,D1,D2,010,100,4216,16,3,118,119,122,0.4525793938297782,0.47598741001451006,0.8826183734172208,0.7597972260789279,1.6540350914001465,0.6715911030769348,0.9824439883232117,0.7535293042659759,True,1.592881992362473,False
candidate_000439,D1-D2,D1,D2,010,100,4210,10,5,1620,1621,1626,0.36023248210457304,0.4828801581659705,0.8420907778630056,0.8000757674576986,1.3898508548736572,2.2397124767303467,0.8498616218566895,0.7535293042659759,True,1.5912277925864937,False
candidate_000440,D1-D2,D1,D2,010,100,4213,13,3,42,43,46,0.38686798646922543,0.47598741001451006,0.9243057284988008,0.7597972260789279,1.373624324798584,2.17341947555542,0.7997951507568359,0.7535293042659759,True,1.5886536823835518,False
candidate_000441,D1-D2,D1,D2,010,100,4204,4,5,2084,2085,2090,0.41693509818833735,0.4828801581659705,0.9325128697670773,0.8000757674576986,1.340885043144226,2.2271876335144043,0.8863025903701782,0.7535293042659759,True,1.5877294262224837,False
candidate_000442,D1-D2,D1,D2,010,100,4221,21,5,841,842,847,0.3683026878474475,0.4828801581659705,0.953151372615314,0.8000757674576986,1.4526909589767456,2.216704845428467,0.7640138864517212,0.7535293042659759,True,1.5836760127497183,False
candidate_000443,D1-D2,D1,D2,010,100,4221,21,5,840,841,846,0.34289253868963265,0.4828801581659705,0.8865968776166318,0.8000757674576986,1.4526909589767456,2.216704845428467,0.7640138864517212,0.7535293042659759,True,1.5822587712541556,False
candidate_000444,D1-D2,D1,D2,010,100,4201,1,3,1180,1181,1184,0.47357865554340633,0.47598741001451006,0.7607635096788057,0.7597972260789279,1.0165002346038818,2.2010998725891113,1.1845996379852295,0.7535293042659759,True,1.582073893987218,False
candidate_000445,D0-D1,D0,D1,000,010,4221,21,5,661,662,667,0.3038063295037276,0.4828801581659705,0.8157284832263826,0.8000757674576986,2.1870429515838623,1.4526909589767456,0.7343519926071167,0.7535293042659759,False,1.5792874497331577,False
candidate_000446,D1-D2,D1,D2,010,100,4210,10,3,1532,1533,1536,0.34092677709891184,0.47598741001451006,0.7615989932168412,0.7597972260789279,1.3898508548736572,2.2397124767303467,0.8498616218566895,0.7535293042659759,True,1.5783782280029333,False
candidate_000447,D0-D1,D0,D1,000,010,4204,4,10,33,34,44,0.4812092376263159,0.49936698246710554,1.1070505784568712,0.9109722042901004,2.2835373878479004,1.340885043144226,0.9426523447036743,0.7535293042659759,True,1.5776098571621182,False
candidate_000448,D0-D1,D0,D1,000,010,4221,21,10,172,173,183,0.37576947253264187,0.49936698246710554,1.1081341257517083,0.9109722042901004,2.1870429515838623,1.4526909589767456,0.7343519926071167,0.7535293042659759,False,1.5753957283718196,False
candidate_000449,D0-D1,D0,D1,000,010,4221,21,3,48,49,52,0.42562538954373935,0.47598741001451006,1.0977750020895047,0.7597972260789279,2.1870429515838623,1.4526909589767456,0.7343519926071167,0.7535293042659759,False,1.574663292218737,False
candidate_000450,D0-D1,D0,D1,000,010,4213,13,10,33,34,44,0.3986363409861425,0.49936698246710554,0.9902968186913965,0.9109722042901004,2.2448813915252686,1.373624324798584,0.8712570667266846,0.7535293042659759,True,1.5745242771868415,False
candidate_000451,D1-D2,D1,D2,010,100,4210,10,3,49,50,53,0.41967769031204033,0.47598741001451006,0.9345497455867593,0.7597972260789279,1.3898508548736572,2.2397124767303467,0.8498616218566895,0.7535293042659759,True,1.5733754660059978,False
candidate_000452,D0-D1,D0,D1,000,010,4221,21,5,662,663,668,0.32289237937662724,0.4828801581659705,0.8634977740985307,0.8000757674576986,2.1870429515838623,1.4526909589767456,0.7343519926071167,0.7535293042659759,False,1.5729532022090142,False
candidate_000453,D1-D2,D1,D2,010,100,4220,20,10,2775,2776,2786,0.41473953685980136,0.49936698246710554,1.0726585428033075,0.9109722042901004,1.4113249778747559,2.2458486557006836,0.8345236778259277,0.7535293042659759,True,1.5701432355429004,False
candidate_000454,D0-D1,D0,D1,000,010,4213,13,10,32,33,43,0.3774299004801398,0.49936698246710554,0.9344271334126847,0.9109722042901004,2.2448813915252686,1.373624324798584,0.8712570667266846,0.7535293042659759,True,1.5691700251620153,False
candidate_000455,D0-D1,D0,D1,000,010,4221,21,5,176,177,182,0.43647692297677704,0.4828801581659705,1.1615102054702005,0.8000757674576986,2.1870429515838623,1.4526909589767456,0.7343519926071167,0.7535293042659759,False,1.5652154200966895,False
candidate_000456,D1-D2,D1,D2,010,100,4216,16,5,38,39,44,0.41607829283603487,0.4828801581659705,0.8269667483225578,0.8000757674576986,1.6540350914001465,0.6715911030769348,0.9824439883232117,0.7535293042659759,True,1.5639716812848485,False
candidate_000457,D0-D1,D0,D1,000,010,4217,17,5,455,456,461,0.2813357601418179,0.4828801581659705,0.8646318563230306,0.8000757674576986,2.160839319229126,1.525992751121521,0.634846568107605,0.7535293042659759,False,1.5627271871597546,False
candidate_000458,D1-D2,D1,D2,010,100,4210,10,10,1621,1622,1632,0.38216961944969924,0.49936698246710554,0.9655276154327255,0.9109722042901004,1.3898508548736572,2.2397124767303467,0.8498616218566895,0.7535293042659759,True,1.5619650399177356,False
candidate_000459,D1-D2,D1,D2,010,100,4220,20,3,2773,2774,2777,0.39164771310577945,0.47598741001451006,0.8815872970740852,0.7597972260789279,1.4113249778747559,2.2458486557006836,0.8345236778259277,0.7535293042659759,True,1.5617301970181565,False
candidate_000460,D1-D2,D1,D2,010,100,4210,10,3,1994,1995,1998,0.3887330578166923,0.47598741001451006,0.8564514964004555,0.7597972260789279,1.3898508548736572,2.2397124767303467,0.8498616218566895,0.7535293042659759,True,1.556672062801183,False
candidate_000461,D0-D2,D0,D2,000,100,4206,6,10,44,45,55,0.17552489862145934,0.49936698246710554,0.9770455168217735,0.9109722042901004,2.315232992172241,1.931213617324829,0.3840193748474121,0.7535293042659759,False,1.5550478364118365,False
candidate_000462,D0-D1,D0,D1,000,010,4213,13,5,1431,1432,1437,0.41705630210036043,0.4828801581659705,0.9288698704094799,0.8000757674576986,2.2448813915252686,1.373624324798584,0.8712570667266846,0.7535293042659759,True,1.5542275346028633,False
candidate_000463,D1-D2,D1,D2,010,100,4207,7,3,525,526,529,0.2714196354147616,0.47598741001451006,0.8479442883175589,0.7597972260789279,1.6474778652191162,2.2455549240112305,0.5980770587921143,0.7535293042659759,False,1.5533911118802046,False
candidate_000464,D1-D2,D1,D2,010,100,4216,16,3,119,120,123,0.47152833209725614,0.47598741001451006,0.8933445936446504,0.7597972260789279,1.6540350914001465,0.6715911030769348,0.9824439883232117,0.7535293042659759,True,1.5474500374494706,False
candidate_000465,D0-D1,D0,D1,000,010,4213,13,10,34,35,45,0.4189933336164517,0.49936698246710554,1.0201299312948484,0.9109722042901004,2.2448813915252686,1.373624324798584,0.8712570667266846,0.7535293042659759,True,1.543153905558144,False
candidate_000466,D0-D1,D0,D1,000,010,4210,10,3,1652,1653,1656,0.3566212193333332,0.47598741001451006,0.772511827107482,0.7597972260789279,2.2462079524993896,1.3898508548736572,0.8563570976257324,0.7535293042659759,True,1.5422347117848945,False
candidate_000467,D1-D2,D1,D2,010,100,4216,16,5,117,118,123,0.44556795777976277,0.4828801581659705,0.8699336209724301,0.8000757674576986,1.6540350914001465,0.6715911030769348,0.9824439883232117,0.7535293042659759,True,1.5363425562262594,False
candidate_000468,D1-D2,D1,D2,010,100,4220,20,5,2774,2775,2780,0.43318967649289464,0.4828801581659705,0.9953824576278797,0.8000757674576986,1.4113249778747559,2.2458486557006836,0.8345236778259277,0.7535293042659759,True,1.5358848087518673,False
candidate_000469,D0-D1,D0,D1,000,010,4213,13,10,35,36,46,0.4369304183443315,0.49936698246710554,1.0580911413228533,0.9109722042901004,2.2448813915252686,1.373624324798584,0.8712570667266846,0.7535293042659759,True,1.5348702311874935,False
candidate_000470,D1-D2,D1,D2,010,100,4216,16,3,81,82,85,0.4636214184164429,0.47598741001451006,0.8710499894324261,0.7597972260789279,1.6540350914001465,0.6715911030769348,0.9824439883232117,0.7535293042659759,True,1.534563992617843,False
candidate_000471,D1-D2,D1,D2,010,100,4216,16,5,37,38,43,0.41310442381379897,0.4828801581659705,0.8055164583835999,0.8000757674576986,1.6540350914001465,0.6715911030769348,0.9824439883232117,0.7535293042659759,True,1.5343713097904632,False
candidate_000472,D1-D2,D1,D2,010,100,4210,10,3,1996,1997,2000,0.38879737341303217,0.47598741001451006,0.8441128670704392,0.7597972260789279,1.3898508548736572,2.2397124767303467,0.8498616218566895,0.7535293042659759,True,1.5339917765727205,False
candidate_000473,D1-D2,D1,D2,010,100,4207,7,3,322,323,326,0.27611472659308417,0.47598741001451006,0.851644920480226,0.7597972260789279,1.6474778652191162,2.2455549240112305,0.5980770587921143,0.7535293042659759,False,1.5336411387203361,False
candidate_000474,D0-D1,D0,D1,000,010,4220,20,10,1915,1916,1926,0.4135832508612531,0.49936698246710554,1.0216494402904506,0.9109722042901004,2.2647387981414795,1.4113249778747559,0.8534138202667236,0.7535293042659759,True,1.5336038214979095,False
candidate_000475,D1-D2,D1,D2,010,100,4216,16,3,121,122,125,0.4550440827896655,0.47598741001451006,0.8535208094453237,0.7597972260789279,1.6540350914001465,0.6715911030769348,0.9824439883232117,0.7535293042659759,True,1.532025724735592,False
candidate_000476,D1-D2,D1,D2,010,100,4223,23,3,1180,1181,1184,0.3299537453527136,0.47598741001451006,0.9394525583334864,0.7597972260789279,1.5574966669082642,2.204577684402466,0.6470810174942017,0.7535293042659759,False,1.5317153558313064,False
candidate_000477,D1-D2,D1,D2,010,100,4221,21,10,839,840,850,0.36434432128342353,0.49936698246710554,1.0032498698026124,0.9109722042901004,1.4526909589767456,2.216704845428467,0.7640138864517212,0.7535293042659759,True,1.530428028915587,False
candidate_000478,D0-D1,D0,D1,000,010,4204,4,10,1382,1383,1393,0.44728801675156643,0.49936698246710554,0.9966685700071987,0.9109722042901004,2.2835373878479004,1.340885043144226,0.9426523447036743,0.7535293042659759,True,1.528021987279444,False
candidate_000479,D1-D2,D1,D2,010,100,4219,19,5,508,509,514,0.38945736278351867,0.4828801581659705,0.9354597520709615,0.8000757674576986,1.4596240520477295,2.253171682357788,0.7935476303100586,0.7535293042659759,True,1.5266739120156507,False
candidate_000480,D0-D1,D0,D1,000,010,4220,20,3,137,138,141,0.40812845379500534,0.47598741001451006,0.8774452575029726,0.7597972260789279,2.2647387981414795,1.4113249778747559,0.8534138202667236,0.7535293042659759,True,1.5253884172221968,False
candidate_000481,D1-D2,D1,D2,010,100,4216,16,3,77,78,81,0.4337444896246797,0.47598741001451006,0.8077511035504702,0.7597972260789279,1.6540350914001465,0.6715911030769348,0.9824439883232117,0.7535293042659759,True,1.5210693128353088,False
candidate_000482,D1-D2,D1,D2,010,100,4210,10,3,1620,1621,1624,0.39372519968230957,0.47598741001451006,0.8468572193775326,0.7597972260789279,1.3898508548736572,2.2397124767303467,0.8498616218566895,0.7535293042659759,True,1.519717328907568,False
candidate_000483,D0-D1,D0,D1,000,010,4221,21,5,47,48,53,0.4184919271672569,0.4828801581659705,1.0810516633914176,0.8000757674576986,2.1870429515838623,1.4526909589767456,0.7343519926071167,0.7535293042659759,False,1.5193986612328971,False
candidate_000484,D1-D2,D1,D2,010,100,4210,10,5,1532,1533,1538,0.37508267891287145,0.4828801581659705,0.8346209496227117,0.8000757674576986,1.3898508548736572,2.2397124767303467,0.8498616218566895,0.7535293042659759,True,1.5146719658547174,False
candidate_000485,D1-D2,D1,D2,010,100,4216,16,3,116,117,120,0.4355717247581805,0.47598741001451006,0.807421320868985,0.7597972260789279,1.6540350914001465,0.6715911030769348,0.9824439883232117,0.7535293042659759,True,1.5140699802046813,False
candidate_000486,D0-D1,D0,D1,000,010,4210,10,5,40,41,46,0.37375957593520964,0.4828801581659705,0.824031160196602,0.8000757674576986,2.2462079524993896,1.3898508548736572,0.8563570976257324,0.7535293042659759,True,1.512217657968633,False
candidate_000487,D0-D1,D0,D1,000,010,4210,10,5,1515,1516,1521,0.41035438307991473,0.4828801581659705,0.9043977591466326,0.8000757674576986,2.2462079524993896,1.3898508548736572,0.8563570976257324,0.7535293042659759,True,1.5116922959218957,False
candidate_000488,D1-D2,D1,D2,010,100,4221,21,5,842,843,848,0.4202175157148022,0.4828801581659705,1.0355896802930658,0.8000757674576986,1.4526909589767456,2.216704845428467,0.7640138864517212,0.7535293042659759,True,1.5080749026280704,False
candidate_000489,D1-D2,D1,D2,010,100,4216,16,5,76,77,82,0.42265892412188827,0.4828801581659705,0.8096906018950475,0.8000757674576986,1.6540350914001465,0.6715911030769348,0.9824439883232117,0.7535293042659759,True,1.5074570662505244,False
candidate_000490,D0-D1,D0,D1,000,010,4207,7,3,490,491,494,0.36010279878721424,0.47598741001451006,1.0996822704379645,0.7597972260789279,2.2403006553649902,1.6474778652191162,0.592822790145874,0.7535293042659759,False,1.5050926436639944,False
candidate_000491,D1-D2,D1,D2,010,100,4221,21,10,843,844,854,0.42485152616069266,0.49936698246710554,1.1492418767240653,0.9109722042901004,1.4526909589767456,2.216704845428467,0.7640138864517212,0.7535293042659759,True,1.503453719509944,False
candidate_000492,D0-D1,D0,D1,000,010,4210,10,3,42,43,46,0.41863754335645853,0.47598741001451006,0.8826932594026968,0.7597972260789279,2.2462079524993896,1.3898508548736572,0.8563570976257324,0.7535293042659759,True,1.5011502195720707,False
candidate_000493,D1-D2,D1,D2,010,100,4216,16,3,42,43,46,0.44586905408476685,0.47598741001451006,0.8193376146787427,0.7597972260789279,1.6540350914001465,0.6715911030769348,0.9824439883232117,0.7535293042659759,True,1.5009318637057578,False
candidate_000494,D0-D1,D0,D1,000,010,4210,10,3,1673,1674,1677,0.3802999243972583,0.47598741001451006,0.8013937367331974,0.7597972260789279,2.2462079524993896,1.3898508548736572,0.8563570976257324,0.7535293042659759,True,1.5002796621605141,False
candidate_000495,D1-D2,D1,D2,010,100,4216,16,3,40,41,44,0.4489580536736857,0.47598741001451006,0.8239391318705265,0.7597972260789279,1.6540350914001465,0.6715911030769348,0.9824439883232117,0.7535293042659759,True,1.4989763404226928,False
candidate_000496,D1-D2,D1,D2,010,100,4216,16,3,117,118,121,0.43796368094544097,0.47598741001451006,0.8036759948251795,0.7597972260789279,1.6540350914001465,0.6715911030769348,0.9824439883232117,0.7535293042659759,True,1.4988159785391997,False
candidate_000497,D0-D1,D0,D1,000,010,4220,20,5,1913,1914,1919,0.4099990465024525,0.4828801581659705,0.8987124101018333,0.8000757674576986,2.2647387981414795,1.4113249778747559,0.8534138202667236,0.7535293042659759,True,1.498323740433976,False
candidate_000498,D1-D2,D1,D2,010,100,4223,23,5,1181,1182,1187,0.36085482001938785,0.4828801581659705,1.0428732821162805,0.8000757674576986,1.5574966669082642,2.204577684402466,0.6470810174942017,0.7535293042659759,False,1.4978412524416482,False
candidate_000499,D0-D1,D0,D1,000,010,4220,20,3,1887,1888,1891,0.3652236715846514,0.47598741001451006,0.770911094719337,0.7597972260789279,2.2647387981414795,1.4113249778747559,0.8534138202667236,0.7535293042659759,True,1.4976235649451826,False
candidate_000500,D1-D2,D1,D2,010,100,4216,16,5,77,78,83,0.4291875602844632,0.4828801581659705,0.815875086186995,0.8000757674576986,1.6540350914001465,0.6715911030769348,0.9824439883232117,0.7535293042659759,True,1.495865143807259,False
candidate_000501,D0-D1,D0,D1,000,010,4213,13,10,831,832,842,0.4110184397834452,0.49936698246710554,0.9689268734615782,0.9109722042901004,2.2448813915252686,1.373624324798584,0.8712570667266846,0.7535293042659759,True,1.494137480863989,False
candidate_000502,D1-D2,D1,D2,010,100,4216,16,5,120,121,126,0.4581632313880664,0.4828801581659705,0.869649729960984,0.8000757674576986,1.6540350914001465,0.6715911030769348,0.9824439883232117,0.7535293042659759,True,1.4936196891979368,False
candidate_000503,D0-D1,D0,D1,000,010,4213,13,10,36,37,47,0.45592254746245403,0.49936698246710554,1.0741692845376114,0.9109722042901004,2.2448813915252686,1.373624324798584,0.8712570667266846,0.7535293042659759,True,1.4932843871900705,False
candidate_000504,D1-D2,D1,D2,010,100,4216,16,5,119,120,125,0.45479857008610136,0.4828801581659705,0.8622553645463316,0.8000757674576986,1.6540350914001465,0.6715911030769348,0.9824439883232117,0.7535293042659759,True,1.4918759438459506,False
candidate_000505,D0-D1,D0,D1,000,010,4204,4,5,31,32,37,0.4490342499995453,0.4828801581659705,0.8837368032102877,0.8000757674576986,2.2835373878479004,1.340885043144226,0.9426523447036743,0.7535293042659759,True,1.4859463270649667,False
candidate_000506,D1-D2,D1,D2,010,100,4213,13,3,43,44,47,0.36505521407644614,0.47598741001451006,0.8154967168851256,0.7597972260789279,1.373624324798584,2.17341947555542,0.7997951507568359,0.7535293042659759,True,1.4853884524208145,False
candidate_000507,D0-D1,D0,D1,000,010,4210,10,10,1516,1517,1527,0.3951491411456542,0.49936698246710554,0.9410492086361435,0.9109722042901004,2.2462079524993896,1.3898508548736572,0.8563570976257324,0.7535293042659759,True,1.4836133912954228,False
candidate_000508,D1-D2,D1,D2,010,100,4219,19,10,509,510,520,0.41711749315107133,0.49936698246710554,1.0706205369158823,0.9109722042901004,1.4596240520477295,2.253171682357788,0.7935476303100586,0.7535293042659759,True,1.4817151343879258,False
candidate_000509,D0-D2,D0,D2,000,100,4206,6,3,47,48,51,0.2000583963026795,0.47598741001451006,0.9284221170170127,0.7597972260789279,2.315232992172241,1.931213617324829,0.3840193748474121,0.7535293042659759,False,1.4816289202289,False
candidate_000510,D0-D1,D0,D1,000,010,4204,4,10,1383,1384,1394,0.45864239304667687,0.49936698246710554,0.9905396311263058,0.9109722042901004,2.2835373878479004,1.340885043144226,0.9426523447036743,0.7535293042659759,True,1.4810296909351557,False
candidate_000511,D1-D2,D1,D2,010,100,4210,10,5,1621,1622,1627,0.4320180650532667,0.4828801581659705,0.9384407677629248,0.8000757674576986,1.3898508548736572,2.2397124767303467,0.8498616218566895,0.7535293042659759,True,1.4786359931140851,False
candidate_000512,D0-D1,D0,D1,000,010,4213,13,3,29,30,33,0.37283926960482755,0.47598741001451006,0.7610329562962831,0.7597972260789279,2.2448813915252686,1.373624324798584,0.8712570667266846,0.7535293042659759,True,1.47851503394166,False
candidate_000513,D0-D1,D0,D1,000,010,4210,10,3,1515,1516,1519,0.42718066879321737,0.47598741001451006,0.8867924144560972,0.7597972260789279,2.2462079524993896,1.3898508548736572,0.8563570976257324,0.7535293042659759,True,1.4779607318548895,False
candidate_000514,D0-D1,D0,D1,000,010,4220,20,3,2505,2506,2509,0.377698915941907,0.47598741001451006,0.7859584903909418,0.7597972260789279,2.2647387981414795,1.4113249778747559,0.8534138202667236,0.7535293042659759,True,1.4764242121934996,False
candidate_000515,D1-D2,D1,D2,010,100,4207,7,10,325,326,336,0.37020256278619124,0.49936698246710554,1.2533791452104852,0.9109722042901004,1.6474778652191162,2.2455549240112305,0.5980770587921143,0.7535293042659759,False,1.4730406741792823,False
candidate_000516,D1-D2,D1,D2,010,100,4216,16,5,41,42,47,0.43814588963713147,0.4828801581659705,0.819970531610379,0.8000757674576986,1.6540350914001465,0.6715911030769348,0.9824439883232117,0.7535293042659759,True,1.472635954769139,False
candidate_000517,D0-D1,D0,D1,000,010,4204,4,10,1381,1382,1392,0.44914882081843094,0.49936698246710554,0.9630306221935955,0.9109722042901004,2.2835373878479004,1.340885043144226,0.9426523447036743,0.7535293042659759,True,1.4703337861582746,False
candidate_000518,D1-D2,D1,D2,010,100,4221,21,3,841,842,845,0.38305081762939547,0.47598741001451006,0.8857336466271942,0.7597972260789279,1.4526909589767456,2.216704845428467,0.7640138864517212,0.7535293042659759,True,1.4687423473810652,False
candidate_000519,D0-D1,D0,D1,000,010,4213,13,5,830,831,836,0.4183943855576604,0.4828801581659705,0.8793421000729931,0.8000757674576986,2.2448813915252686,1.373624324798584,0.8712570667266846,0.7535293042659759,True,1.466649805594374,False
candidate_000520,D1-D2,D1,D2,010,100,4207,7,5,324,325,330,0.3599337613015724,0.4828801581659705,1.1019621485420492,0.8000757674576986,1.6474778652191162,2.2455549240112305,0.5980770587921143,0.7535293042659759,False,1.4665920734822175,False
candidate_000521,D1-D2,D1,D2,010,100,4204,4,3,1034,1035,1038,0.43139319842400686,0.47598741001451006,0.8560955118211874,0.7597972260789279,1.340885043144226,2.2271876335144043,0.8863025903701782,0.7535293042659759,True,1.4622733361597098,False
candidate_000522,D1-D2,D1,D2,010,100,4216,16,3,10,11,14,0.4308854330620278,0.47598741001451006,0.7706848491215317,0.7597972260789279,1.6540350914001465,0.6715911030769348,0.9824439883232117,0.7535293042659759,True,1.4608997818578209,False
candidate_000523,D0-D1,D0,D1,000,010,4221,21,3,799,800,803,0.35197766225428256,0.47598741001451006,0.838310982391166,0.7597972260789279,2.1870429515838623,1.4526909589767456,0.7343519926071167,0.7535293042659759,False,1.4540922054978362,False
candidate_000524,D0-D1,D0,D1,000,010,4220,20,5,138,139,144,0.43555942708746065,0.4828801581659705,0.9259408656092457,0.8000757674576986,2.2647387981414795,1.4113249778747559,0.8534138202667236,0.7535293042659759,True,1.4531271013362699,False
candidate_000525,D1-D2,D1,D2,010,100,4223,23,5,1179,1180,1185,0.32068002167842546,0.4828801581659705,0.899067016746568,0.8000757674576986,1.5574966669082642,2.204577684402466,0.6470810174942017,0.7535293042659759,False,1.453071276565256,False
candidate_000526,D0-D1,D0,D1,000,010,4213,13,10,1431,1432,1442,0.43338365726123784,0.49936698246710554,0.9933556769638416,0.9109722042901004,2.2448813915252686,1.373624324798584,0.8712570667266846,0.7535293042659759,True,1.4527574563616716,False
candidate_000527,D1-D2,D1,D2,010,100,4223,23,10,1181,1182,1192,0.378968189468881,0.49936698246710554,1.1671405044497243,0.9109722042901004,1.5574966669082642,2.204577684402466,0.6470810174942017,0.7535293042659759,False,1.4497515960107223,False
candidate_000528,D0-D1,D0,D1,000,010,4213,13,10,1432,1433,1443,0.4450277615091807,0.49936698246710554,1.01635563056172,0.9109722042901004,2.2448813915252686,1.373624324798584,0.8712570667266846,0.7535293042659759,True,1.447502954974905,False
candidate_000529,D0-D1,D0,D1,000,010,4221,21,3,800,801,804,0.36813150985415766,0.47598741001451006,0.8711257530398343,0.7597972260789279,2.1870429515838623,1.4526909589767456,0.7343519926071167,0.7535293042659759,False,1.4447069237130936,False
candidate_000530,D0-D1,D0,D1,000,010,4213,13,10,37,38,48,0.4832843780418866,0.49936698246710554,1.1011783011841578,0.9109722042901004,2.2448813915252686,1.373624324798584,0.8712570667266846,0.7535293042659759,True,1.444161467944402,False
candidate_000531,D0-D1,D0,D1,000,010,4221,21,10,801,802,812,0.36938348008682037,0.49936698246710554,0.9972688814399417,0.9109722042901004,2.1870429515838623,1.4526909589767456,0.7343519926071167,0.7535293042659759,False,1.4422934401414682,False
candidate_000532,D1-D2,D1,D2,010,100,4207,7,3,323,324,327,0.3402836499965231,0.47598741001451006,0.9867465617331248,0.7597972260789279,1.6474778652191162,2.2455549240112305,0.5980770587921143,0.7535293042659759,False,1.4418474005101358,False
candidate_000533,D1-D2,D1,D2,010,100,4216,16,5,79,80,85,0.4661108326199601,0.4828801581659705,0.8540346784709444,0.8000757674576986,1.6540350914001465,0.6715911030769348,0.9824439883232117,0.7535293042659759,True,1.4417906546038437,False
candidate_000534,D0-D1,D0,D1,000,010,4204,4,10,1384,1385,1395,0.4817840884310768,0.49936698246710554,1.0108814978967477,0.9109722042901004,2.2835373878479004,1.340885043144226,0.9426523447036743,0.7535293042659759,True,1.4388446248849014,False
candidate_000535,D0-D1,D0,D1,000,010,4213,13,3,1957,1958,1961,0.3927815396879874,0.47598741001451006,0.7802029052640604,0.7597972260789279,2.2448813915252686,1.373624324798584,0.8712570667266846,0.7535293042659759,True,1.4387999836617942,False
candidate_000536,D0-D1,D0,D1,000,010,4221,21,10,177,178,188,0.4745131951503564,0.49936698246710554,1.2771058682648304,0.9109722042901004,2.1870429515838623,1.4526909589767456,0.7343519926071167,0.7535293042659759,False,1.4377965461764086,False
candidate_000537,D1-D2,D1,D2,010,100,4210,10,3,1535,1536,1539,0.45133645455926186,0.47598741001451006,0.9182076508787211,0.7597972260789279,1.3898508548736572,2.2397124767303467,0.8498616218566895,0.7535293042659759,True,1.4374287519384121,False
candidate_000538,D1-D2,D1,D2,010,100,4223,23,10,1182,1183,1193,0.3913751370485511,0.49936698246710554,1.1943167976861566,0.9109722042901004,1.5574966669082642,2.204577684402466,0.6470810174942017,0.7535293042659759,False,1.436479786569177,False
candidate_000539,D0-D1,D0,D1,000,010,4213,13,3,1661,1662,1665,0.4177364640265366,0.47598741001451006,0.8283182602568825,0.7597972260789279,2.2448813915252686,1.373624324798584,0.8712570667266846,0.7535293042659759,True,1.4362788934956967,False
candidate_000540,D1-D2,D1,D2,010,100,4203,3,10,127,128,138,0.4755002859141561,0.49936698246710554,1.2008409412207874,0.9109722042901004,1.3722208738327026,2.153775453567505,0.7815545797348022,0.7535293042659759,True,1.4358483311123942,False
candidate_000541,D1-D2,D1,D2,010,100,4213,13,10,153,154,164,0.38633572206013345,0.49936698246710554,0.9517496042672898,0.9109722042901004,1.373624324798584,2.17341947555542,0.7997951507568359,0.7535293042659759,True,1.4333463889553189,False
candidate_000542,D1-D2,D1,D2,010,100,4210,10,10,52,53,63,0.4480686698624046,0.49936698246710554,1.0373348757964012,0.9109722042901004,1.3898508548736572,2.2397124767303467,0.8498616218566895,0.7535293042659759,True,1.4313214205252234,False
candidate_000543,D1-D2,D1,D2,010,100,4216,16,5,116,117,122,0.4592238498442626,0.4828801581659705,0.8351904956544325,0.8000757674576986,1.6540350914001465,0.6715911030769348,0.9824439883232117,0.7535293042659759,True,1.4311231435914984,False
candidate_000544,D1-D2,D1,D2,010,100,4207,7,3,526,527,530,0.2809669051199425,0.47598741001451006,0.8082994861635766,0.7597972260789279,1.6474778652191162,2.2455549240112305,0.5980770587921143,0.7535293042659759,False,1.430447406175096,False
candidate_000545,D1-D2,D1,D2,010,100,4203,3,10,128,129,139,0.49552678199960754,0.49936698246710554,1.2437050047915965,0.9109722042901004,1.3722208738327026,2.153775453567505,0.7815545797348022,0.7535293042659759,True,1.427000462546863,False
candidate_000546,D0-D1,D0,D1,000,010,4207,7,5,491,492,497,0.3924346614843538,0.4828801581659705,1.1791757504043607,0.8000757674576986,2.2403006553649902,1.6474778652191162,0.592822790145874,0.7535293042659759,False,1.426737802963284,False
candidate_000547,D1-D2,D1,D2,010,100,4216,16,5,78,79,84,0.4484956828878018,0.4828801581659705,0.8115635091464698,0.8000757674576986,1.6540350914001465,0.6715911030769348,0.9824439883232117,0.7535293042659759,True,1.4239021343613074,False
candidate_000548,D1-D2,D1,D2,010,100,4203,3,10,126,127,137,0.46799905418049215,0.49936698246710554,1.171006150648001,0.9109722042901004,1.3722208738327026,2.153775453567505,0.7815545797348022,0.7535293042659759,True,1.4226172312585947,False
candidate_000549,D0-D1,D0,D1,000,010,4221,21,5,800,801,806,0.35692114816498743,0.4828801581659705,0.8627969843363097,0.8000757674576986,2.1870429515838623,1.4526909589767456,0.7343519926071167,0.7535293042659759,False,1.4218333998484227,False
candidate_000550,D0-D1,D0,D1,000,010,4210,10,5,1606,1607,1612,0.48036057856061504,0.4828801581659705,0.9953024458978782,0.8000757674576986,2.2462079524993896,1.3898508548736572,0.8563570976257324,0.7535293042659759,True,1.42118531343775,False
candidate_000551,D1-D2,D1,D2,010,100,4207,7,10,321,322,332,0.32590462053858116,0.49936698246710554,1.0639183283431013,0.9109722042901004,1.6474778652191162,2.2455549240112305,0.5980770587921143,0.7535293042659759,False,1.4203306808735847,False
candidate_000552,D0-D1,D0,D1,000,010,4220,20,3,138,139,142,0.44463149405407343,0.47598741001451006,0.8886138700473125,0.7597972260789279,2.2647387981414795,1.4113249778747559,0.8534138202667236,0.7535293042659759,True,1.4179801574222213,False
candidate_000553,D0-D1,D0,D1,000,010,4220,20,5,1914,1915,1920,0.46484406819554236,0.4828801581659705,0.9627458324783768,0.8000757674576986,2.2647387981414795,1.4113249778747559,0.8534138202667236,0.7535293042659759,True,1.4157029033110529,False
candidate_000554,D0-D1,D0,D1,000,010,4207,7,5,490,491,496,0.368900806906294,0.4828801581659705,1.0993981496024117,0.8000757674576986,2.2403006553649902,1.6474778652191162,0.592822790145874,0.7535293042659759,False,1.4150715016242883,False
candidate_000555,D0-D1,D0,D1,000,010,4220,20,3,1889,1890,1893,0.3845681966640062,0.47598741001451006,0.7661055067937922,0.7597972260789279,2.2647387981414795,1.4113249778747559,0.8534138202667236,0.7535293042659759,True,1.4134241436311432,False
candidate_000556,D0-D1,D0,D1,000,010,4217,17,5,456,457,462,0.3043986874990509,0.4828801581659705,0.8450300427218023,0.8000757674576986,2.160839319229126,1.525992751121521,0.634846568107605,0.7535293042659759,False,1.4115824402640256,False
candidate_000557,D0-D1,D0,D1,000,010,4218,18,10,1709,1710,1720,0.259671833850353,0.49936698246710554,1.1670893431418732,0.9109722042901004,2.283595561981201,1.8522467613220215,0.4313488006591797,0.7535293042659759,False,1.4103353931653089,False
candidate_000558,D1-D2,D1,D2,010,100,4210,10,5,1994,1995,2000,0.399387018531633,0.4828801581659705,0.8271525777827459,0.8000757674576986,1.3898508548736572,2.2397124767303467,0.8498616218566895,0.7535293042659759,True,1.4097691341592973,False
candidate_000559,D0-D1,D0,D1,000,010,4221,21,5,799,800,805,0.33935380303756435,0.4828801581659705,0.813211147626145,0.8000757674576986,2.1870429515838623,1.4526909589767456,0.7343519926071167,0.7535293042659759,False,1.4094931760486096,False
candidate_000560,D0-D1,D0,D1,000,010,4216,16,3,1529,1530,1533,0.2943572338294561,0.47598741001451006,0.8323123937252321,0.7597972260789279,2.25241756439209,1.6540350914001465,0.5983824729919434,0.7535293042659759,False,1.4066567301939268,False
candidate_000561,D0-D1,D0,D1,000,010,4207,7,10,491,492,502,0.3917208242709879,0.49936698246710554,1.2765193023197128,0.9109722042901004,2.2403006553649902,1.6474778652191162,0.592822790145874,0.7535293042659759,False,1.4053683516536664,False
candidate_000562,D0-D1,D0,D1,000,010,4221,21,5,663,664,669,0.3749939274059264,0.4828801581659705,0.893884051838976,0.8000757674576986,2.1870429515838623,1.4526909589767456,0.7343519926071167,0.7535293042659759,False,1.4020688119019828,False
candidate_000563,D1-D2,D1,D2,010,100,4213,13,10,154,155,165,0.41794883669698446,0.49936698246710554,1.0070685585075507,0.9109722042901004,1.373624324798584,2.17341947555542,0.7997951507568359,0.7535293042659759,True,1.401939378488704,False
candidate_000564,D1-D2,D1,D2,010,100,4216,16,5,121,122,127,0.4601189667273096,0.4828801581659705,0.8196454288572412,0.8000757674576986,1.6540350914001465,0.6715911030769348,0.9824439883232117,0.7535293042659759,True,1.401753928759472,False
candidate_000565,D1-D2,D1,D2,010,100,4213,13,5,40,41,46,0.3895276330283368,0.4828801581659705,0.8519440225939924,0.8000757674576986,1.373624324798584,2.17341947555542,0.7997951507568359,0.7535293042659759,True,1.4010694131979087,False
candidate_000566,D1-D2,D1,D2,010,100,4221,21,3,840,841,844,0.35312800707171954,0.47598741001451006,0.7783316366771513,0.7597972260789279,1.4526909589767456,2.216704845428467,0.7640138864517212,0.7535293042659759,True,1.4000108062788221,False
candidate_000567,D0-D2,D0,D2,000,100,4209,9,10,1684,1685,1695,0.2757095278047016,0.49936698246710554,1.0505550438328566,0.9109722042901004,2.3040237426757812,1.7992675304412842,0.5047562122344971,0.7535293042659759,False,1.3991467307681396,False
candidate_000568,D0-D1,D0,D1,000,010,4218,18,10,1710,1711,1721,0.27444037030748825,0.49936698246710554,1.2227631394739038,0.9109722042901004,2.283595561981201,1.8522467613220215,0.4313488006591797,0.7535293042659759,False,1.3980975933479332,False
candidate_000569,D0-D1,D0,D1,000,010,4220,20,3,315,316,319,0.45766831948983694,0.47598741001451006,0.9008017002969043,0.7597972260789279,2.2647387981414795,1.4113249778747559,0.8534138202667236,0.7535293042659759,True,1.3964829366426108,False
candidate_000570,D1-D2,D1,D2,010,100,4216,16,3,122,123,126,0.4698940053265592,0.47598741001451006,0.8031637553221986,0.7597972260789279,1.6540350914001465,0.6715911030769348,0.9824439883232117,0.7535293042659759,True,1.3960777713587933,False
candidate_000571,D1-D2,D1,D2,010,100,4210,10,10,1622,1623,1633,0.4332897027774199,0.49936698246710554,0.9775842666932945,0.9109722042901004,1.3898508548736572,2.2397124767303467,0.8498616218566895,0.7535293042659759,True,1.3948856444060334,False
candidate_000572,D0-D1,D0,D1,000,010,4221,21,10,802,803,813,0.39158348084294303,0.49936698246710554,1.0182202414270887,0.9109722042901004,2.1870429515838623,1.4526909589767456,0.7343519926071167,0.7535293042659759,False,1.3891085771269096,False
candidate_000573,D1-D2,D1,D2,010,100,4210,10,3,1534,1535,1538,0.420180267622613,0.47598741001451006,0.8255837482409677,0.7597972260789279,1.3898508548736572,2.2397124767303467,0.8498616218566895,0.7535293042659759,True,1.3882616134165662,False
candidate_000574,D1-D2,D1,D2,010,100,4223,23,10,1183,1184,1194,0.4182828027804568,0.49936698246710554,1.2331155978459176,0.9109722042901004,1.5574966669082642,2.204577684402466,0.6470810174942017,0.7535293042659759,False,1.3877364423914422,False
candidate_000575,D1-D2,D1,D2,010,100,4204,4,3,22,23,26,0.45998294499075565,0.47598741001451006,0.8657807941852346,0.7597972260789279,1.340885043144226,2.2271876335144043,0.8863025903701782,0.7535293042659759,True,1.3869022486404745,False
candidate_000576,D1-D2,D1,D2,010,100,4204,4,3,1033,1034,1037,0.4354339604317394,0.47598741001451006,0.8189842260569102,0.7597972260789279,1.340885043144226,2.2271876335144043,0.8863025903701782,0.7535293042659759,True,1.3859031241877824,False
candidate_000577,D0-D1,D0,D1,000,010,4220,20,10,1916,1917,1927,0.4706426227899714,0.49936698246710554,1.0503059249022786,0.9109722042901004,2.2647387981414795,1.4113249778747559,0.8534138202667236,0.7535293042659759,True,1.3854752850702765,False
candidate_000578,D0-D1,D0,D1,000,010,4221,21,10,49,50,60,0.4862751575832893,0.49936698246710554,1.2595090603449073,0.9109722042901004,2.1870429515838623,1.4526909589767456,0.7343519926071167,0.7535293042659759,False,1.3836875775359063,False
candidate_000579,D0-D1,D0,D1,000,010,4213,13,3,1663,1664,1667,0.43517162343688337,0.47598741001451006,0.8312853943512285,0.7597972260789279,2.2448813915252686,1.373624324798584,0.8712570667266846,0.7535293042659759,True,1.3836731418901353,False
candidate_000580,D0-D1,D0,D1,000,010,4213,13,10,1433,1434,1444,0.47615281488806455,0.49936698246710554,1.03882969630076,0.9109722042901004,2.2448813915252686,1.373624324798584,0.8712570667266846,0.7535293042659759,True,1.3827983898729221,False
candidate_000581,D0-D1,D0,D1,000,010,4220,20,5,137,138,143,0.4362540996244279,0.4828801581659705,0.8806267306614377,0.8000757674576986,2.2647387981414795,1.4113249778747559,0.8534138202667236,0.7535293042659759,True,1.3798126160151483,False
candidate_000582,D0-D1,D0,D1,000,010,4218,18,10,1708,1709,1719,0.24603773074795643,0.49936698246710554,1.0815923474389793,0.9109722042901004,2.283595561981201,1.8522467613220215,0.4313488006591797,0.7535293042659759,False,1.3794470651158486,False
candidate_000583,D1-D2,D1,D2,010,100,4203,3,10,125,126,136,0.4566695087252277,0.49936698246710554,1.1078763978975963,0.9109722042901004,1.3722208738327026,2.153775453567505,0.7815545797348022,0.7535293042659759,True,1.3793140465190936,False
candidate_000584,D1-D2,D1,D2,010,100,4223,23,3,1178,1179,1182,0.3133195072049499,0.47598741001451006,0.8029886105002136,0.7597972260789279,1.5574966669082642,2.204577684402466,0.6470810174942017,0.7535293042659759,False,1.3787268262500498,False
candidate_000585,D1-D2,D1,D2,010,100,4220,20,10,2776,2777,2787,0.4784009606264899,0.49936698246710554,1.0851529946004135,0.9109722042901004,1.4113249778747559,2.2458486557006836,0.8345236778259277,0.7535293042659759,True,1.3770577227991356,False
candidate_000586,D0-D1,D0,D1,000,010,4210,10,3,40,41,44,0.41142116975583526,0.47598741001451006,0.795403496805194,0.7597972260789279,2.2462079524993896,1.3898508548736572,0.8563570976257324,0.7535293042659759,True,1.3764276190009395,False
candidate_000587,D1-D2,D1,D2,010,100,4210,10,5,1997,1998,2003,0.4101989138358824,0.4828801581659705,0.8288436956060875,0.8000757674576986,1.3898508548736572,2.2397124767303467,0.8498616218566895,0.7535293042659759,True,1.375417188290433,False
candidate_000588,D0-D1,D0,D1,000,010,4207,7,10,490,491,501,0.3956108807597806,0.49936698246710554,1.2615344985482009,0.9109722042901004,2.2403006553649902,1.6474778652191162,0.592822790145874,0.7535293042659759,False,1.3752141944748095,False
candidate_000589,D1-D2,D1,D2,010,100,4221,21,10,838,839,849,0.394429847978892,0.49936698246710554,0.9755252697964928,0.9109722042901004,1.4526909589767456,2.216704845428467,0.7640138864517212,0.7535293042659759,True,1.3746260044259007,False
candidate_000590,D0-D1,D0,D1,000,010,4210,10,5,1516,1517,1522,0.4545171863104987,0.4828801581659705,0.9108194315638531,0.8000757674576986,2.2462079524993896,1.3898508548736572,0.8563570976257324,0.7535293042659759,True,1.3745007355004446,False
candidate_000591,D1-D2,D1,D2,010,100,4204,4,10,552,553,563,0.43187730258161755,0.49936698246710554,0.920241898328266,0.9109722042901004,1.340885043144226,2.2271876335144043,0.8863025903701782,0.7535293042659759,True,1.3738464399838402,False
candidate_000592,D0-D2,D0,D2,000,100,4209,9,10,1683,1684,1694,0.2676522817366524,0.49936698246710554,0.9992805529620064,0.9109722042901004,2.3040237426757812,1.7992675304412842,0.5047562122344971,0.7535293042659759,False,1.3709218863724855,False
candidate_000593,D0-D1,D0,D1,000,010,4213,13,10,832,833,843,0.4679933599066778,0.49936698246710554,1.0115863547433395,0.9109722042901004,2.2448813915252686,1.373624324798584,0.8712570667266846,0.7535293042659759,True,1.3700112601484127,False
candidate_000594,D1-D2,D1,D2,010,100,4213,13,10,155,156,166,0.44676754959890447,0.49936698246710554,1.0498028933371877,0.9109722042901004,1.373624324798584,2.17341947555542,0.7997951507568359,0.7535293042659759,True,1.3671603747618235,False
candidate_000595,D1-D2,D1,D2,010,100,4223,23,10,1180,1181,1191,0.38407638356473867,0.49936698246710554,1.1146597834010725,0.9109722042901004,1.5574966669082642,2.204577684402466,0.6470810174942017,0.7535293042659759,False,1.3661485950675156,False
candidate_000596,D1-D2,D1,D2,010,100,4204,4,3,2084,2085,2088,0.46242919713318165,0.47598741001451006,0.8571274006242884,0.7597972260789279,1.340885043144226,2.2271876335144043,0.8863025903701782,0.7535293042659759,True,1.3657769094006267,False
candidate_000597,D0-D1,D0,D1,000,010,4221,21,10,664,665,675,0.3809761078500687,0.49936698246710554,0.9725825527287654,0.9109722042901004,2.1870429515838623,1.4526909589767456,0.7343519926071167,0.7535293042659759,False,1.3637901928487854,False
candidate_000598,D0-D1,D0,D1,000,010,4221,21,10,48,49,59,0.48022857427750776,0.49936698246710554,1.2256732580194345,0.9109722042901004,2.1870429515838623,1.4526909589767456,0.7343519926071167,0.7535293042659759,False,1.3634698604904674,False
candidate_000599,D0-D1,D0,D1,000,010,4207,7,3,489,490,493,0.35728703932217837,0.47598741001451006,0.9873499254040305,0.7597972260789279,2.2403006553649902,1.6474778652191162,0.592822790145874,0.7535293042659759,False,1.3619975990911342,False
candidate_000600,D0-D1,D0,D1,000,010,4210,10,3,41,42,45,0.42737445600654733,0.47598741001451006,0.8173976941679441,0.7597972260789279,2.2462079524993896,1.3898508548736572,0.8563570976257324,0.7535293042659759,True,1.3616872293536517,False
candidate_000601,D1-D2,D1,D2,010,100,4203,3,5,126,127,132,0.4732123820194348,0.4828801581659705,1.0250330364482276,0.8000757674576986,1.3722208738327026,2.153775453567505,0.7815545797348022,0.7535293042659759,True,1.355967162781533,False
candidate_000602,D1-D2,D1,D2,010,100,4223,23,5,1182,1183,1188,0.41507124828545994,0.4828801581659705,1.0851848589663102,0.8000757674576986,1.5574966669082642,2.204577684402466,0.6470810174942017,0.7535293042659759,False,1.3550266331852976,False
candidate_000603,D0-D1,D0,D1,000,010,4221,21,10,800,801,811,0.3738178956109207,0.49936698246710554,0.947779905122339,0.9109722042901004,2.1870429515838623,1.4526909589767456,0.7343519926071167,0.7535293042659759,False,1.3544601668833665,False
candidate_000604,D1-D2,D1,D2,010,100,4210,10,5,1993,1994,1999,0.40930479150124455,0.4828801581659705,0.8135981148222889,0.8000757674576986,1.3898508548736572,2.2397124767303467,0.8498616218566895,0.7535293042659759,True,1.353067366625414,False
candidate_000605,D1-D2,D1,D2,010,100,4220,20,3,378,379,382,0.45154443484923473,0.47598741001451006,0.8803254941275861,0.7597972260789279,1.4113249778747559,2.2458486557006836,0.8345236778259277,0.7535293042659759,True,1.3526301513866241,False
candidate_000606,D1-D2,D1,D2,010,100,4204,4,10,553,554,564,0.4466935132913451,0.49936698246710554,0.9353906324491279,0.9109722042901004,1.340885043144226,2.2271876335144043,0.8863025903701782,0.7535293042659759,True,1.3501435333721457,False
candidate_000607,D0-D1,D0,D1,000,010,4220,20,3,136,137,140,0.4136383976281384,0.47598741001451006,0.7867294432655825,0.7597972260789279,2.2647387981414795,1.4113249778747559,0.8534138202667236,0.7535293042659759,True,1.3494656802580312,False
candidate_000608,D0-D1,D0,D1,000,010,4221,21,5,46,47,52,0.4359326239475064,0.4828801581659705,0.9973136192339005,0.8000757674576986,2.1870429515838623,1.4526909589767456,0.7343519926071167,0.7535293042659759,False,1.3456271868834042,False
candidate_000609,D0-D1,D0,D1,000,010,4221,21,3,801,802,805,0.4038813835180944,0.47598741001451006,0.8898712812707298,0.7597972260789279,2.1870429515838623,1.4526909589767456,0.7343519926071167,0.7535293042659759,False,1.345164040316309,False
candidate_000610,D0-D1,D0,D1,000,010,4223,23,3,1836,1837,1840,0.46014540885774413,0.47598741001451006,0.9821819079559487,0.7597972260789279,2.3154003620147705,1.5574966669082642,0.7579036951065063,0.7535293042659759,True,1.3449572394263598,False
candidate_000611,D1-D2,D1,D2,010,100,4219,19,5,509,510,515,0.4782911975855144,0.4828801581659705,1.011386609490633,0.8000757674576986,1.4596240520477295,2.253171682357788,0.7935476303100586,0.7535293042659759,True,1.3440205446920725,False
candidate_000612,D0-D1,D0,D1,000,010,4210,10,3,43,44,47,0.4166144493619629,0.47598741001451006,0.7863921448665198,0.7597972260789279,2.2462079524993896,1.3898508548736572,0.8563570976257324,0.7535293042659759,True,1.3438702985060764,False
candidate_000613,D1-D2,D1,D2,010,100,4223,23,5,1178,1179,1184,0.34062402979594286,0.4828801581659705,0.8818284171402481,0.8000757674576986,1.5574966669082642,2.204577684402466,0.6470810174942017,0.7535293042659759,False,1.3417622352808194,False
candidate_000614,D0-D1,D0,D1,000,010,4213,13,10,1430,1431,1441,0.4497340359707622,0.49936698246710554,0.9519696021795178,0.9109722042901004,2.2448813915252686,1.373624324798584,0.8712570667266846,0.7535293042659759,True,1.3416158792293065,False
candidate_000615,D0-D1,D0,D1,000,010,4217,17,5,81,82,87,0.30979491994848335,0.4828801581659705,0.8164361411581843,0.8000757674576986,2.160839319229126,1.525992751121521,0.634846568107605,0.7535293042659759,False,1.3400617245520605,False
candidate_000616,D1-D2,D1,D2,010,100,4204,4,10,555,556,566,0.48637291358866147,0.49936698246710554,1.0102903256505478,0.9109722042901004,1.340885043144226,2.2271876335144043,0.8863025903701782,0.7535293042659759,True,1.3392861685761863,False
candidate_000617,D0-D1,D0,D1,000,010,4210,10,5,42,43,48,0.41097054100540203,0.4828801581659705,0.8024157898825693,0.8000757674576986,2.2462079524993896,1.3898508548736572,0.8563570976257324,0.7535293042659759,True,1.3392195259444963,False
candidate_000618,D1-D2,D1,D2,010,100,4213,13,3,51,52,55,0.4478188921620716,0.47598741001451006,0.9001927785912339,0.7597972260789279,1.373624324798584,2.17341947555542,0.7997951507568359,0.7535293042659759,True,1.3366247409703038,False
candidate_000619,D0-D1,D0,D1,000,010,4218,18,10,1707,1708,1718,0.2342249338858054,0.49936698246710554,0.9974798578107719,0.9109722042901004,2.283595561981201,1.8522467613220215,0.4313488006591797,0.7535293042659759,False,1.3363313474185397,False
candidate_000620,D0-D1,D0,D1,000,010,4207,7,5,489,490,495,0.3714912059678007,0.4828801581659705,1.0439099523300737,0.8000757674576986,2.2403006553649902,1.6474778652191162,0.592822790145874,0.7535293042659759,False,1.3342815745315282,False
candidate_000621,D1-D2,D1,D2,010,100,4213,13,10,156,157,167,0.4703125381104342,0.49936698246710554,1.07822147865738,0.9109722042901004,1.373624324798584,2.17341947555542,0.7997951507568359,0.7535293042659759,True,1.3338737943408463,False
candidate_000622,D0-D1,D0,D1,000,010,4220,20,3,316,317,320,0.4605506949438627,0.47598741001451006,0.8655190801863093,0.7597972260789279,2.2647387981414795,1.4113249778747559,0.8534138202667236,0.7535293042659759,True,1.3333878438764588,False
candidate_000623,D0-D1,D0,D1,000,010,4218,18,10,1711,1712,1722,0.2989300287026138,0.49936698246710554,1.2698692202507713,0.9109722042901004,2.283595561981201,1.8522467613220215,0.4313488006591797,0.7535293042659759,False,1.333007519560538,False
candidate_000624,D0-D1,D0,D1,000,010,4213,13,3,1955,1956,1959,0.4189088933886905,0.47598741001451006,0.7706057728824617,0.7597972260789279,2.2448813915252686,1.373624324798584,0.8712570667266846,0.7535293042659759,True,1.3324674444688573,False
candidate_000625,D0-D1,D0,D1,000,010,4210,10,3,1659,1660,1663,0.46170198951749364,0.47598741001451006,0.8640656832585523,0.7597972260789279,2.2462079524993896,1.3898508548736572,0.8563570976257324,0.7535293042659759,True,1.332408910844473,False
candidate_000626,D0-D1,D0,D1,000,010,4217,17,3,81,82,85,0.3274263701671561,0.47598741001451006,0.8258674774694322,0.7597972260789279,2.160839319229126,1.525992751121521,0.634846568107605,0.7535293042659759,False,1.3312606717827207,False
candidate_000627,D0-D1,D0,D1,000,010,4210,10,10,1517,1518,1528,0.4366773615828072,0.49936698246710554,0.9330936892259712,0.9109722042901004,2.2462079524993896,1.3898508548736572,0.8563570976257324,0.7535293042659759,True,1.3311715515827776,False
candidate_000628,D0-D1,D0,D1,000,010,4221,21,5,801,802,807,0.3831465840146821,0.4828801581659705,0.8669696392374189,0.8000757674576986,2.1870429515838623,1.4526909589767456,0.7343519926071167,0.7535293042659759,False,1.3309180219754408,False
candidate_000629,D1-D2,D1,D2,010,100,4204,4,5,1035,1036,1041,0.4574368657958751,0.4828801581659705,0.8572344570181512,0.8000757674576986,1.340885043144226,2.2271876335144043,0.8863025903701782,0.7535293042659759,True,1.330327512473829,False
candidate_000630,D1-D2,D1,D2,010,100,4210,10,5,1531,1532,1537,0.4198615562829108,0.4828801581659705,0.820241157047948,0.8000757674576986,1.3898508548736572,2.2397124767303467,0.8498616218566895,0.7535293042659759,True,1.3298166330005305,False
candidate_000631,D0-D1,D0,D1,000,010,4220,20,3,1848,1849,1852,0.4503816226672303,0.47598741001451006,0.8433792168583648,0.7597972260789279,2.2647387981414795,1.4113249778747559,0.8534138202667236,0.7535293042659759,True,1.328616129531262,False
candidate_000632,D1-D2,D1,D2,010,100,4204,4,5,553,554,559,0.4447621267846894,0.4828801581659705,0.8315182124983894,0.8000757674576986,1.340885043144226,2.2271876335144043,0.8863025903701782,0.7535293042659759,True,1.327193002828672,False
candidate_000633,D0-D2,D0,D2,000,100,4209,9,10,1682,1683,1693,0.26198402680718097,0.49936698246710554,0.946651138570893,0.9109722042901004,2.3040237426757812,1.7992675304412842,0.5047562122344971,0.7535293042659759,False,1.326818055198782,False
candidate_000634,D0-D1,D0,D1,000,010,4210,10,5,43,44,49,0.4222290229500311,0.4828801581659705,0.8166232735514347,0.8000757674576986,2.2462079524993896,1.3898508548736572,0.8563570976257324,0.7535293042659759,True,1.3265898481107088,False
candidate_000635,D1-D2,D1,D2,010,100,4209,9,3,40,41,44,0.31411852367668286,0.47598741001451006,0.8035341738372868,0.7597972260789279,1.175516128540039,1.7992675304412842,0.6237514019012451,0.7535293042659759,False,1.3265387915966158,False
candidate_000636,D1-D2,D1,D2,010,100,4210,10,5,1535,1536,1541,0.41249109393290506,0.4828801581659705,0.8033228381232327,0.8000757674576986,1.3898508548736572,2.2397124767303467,0.8498616218566895,0.7535293042659759,True,1.3256590857091577,False
candidate_000637,D1-D2,D1,D2,010,100,4209,9,5,40,41,46,0.3034865651314543,0.4828801581659705,0.8037511949266237,0.8000757674576986,1.175516128540039,1.7992675304412842,0.6237514019012451,0.7535293042659759,False,1.3231277961812515,False
candidate_000638,D1-D2,D1,D2,010,100,4203,3,10,124,125,135,0.44490428944037147,0.49936698246710554,1.034661611765958,0.9109722042901004,1.3722208738327026,2.153775453567505,0.7815545797348022,0.7535293042659759,True,1.3222257390902448,False
candidate_000639,D1-D2,D1,D2,010,100,4213,13,3,41,42,45,0.41309495486358494,0.47598741001451006,0.8209629067787158,0.7597972260789279,1.373624324798584,2.17341947555542,0.7997951507568359,0.7535293042659759,True,1.3214478427010674,False
candidate_000640,D1-D2,D1,D2,010,100,4204,4,3,23,24,27,0.4520088812517586,0.47598741001451006,0.8104200286683751,0.7597972260789279,1.340885043144226,2.2271876335144043,0.8863025903701782,0.7535293042659759,True,1.321121717125618,False
candidate_000641,D0-D1,D0,D1,000,010,4216,16,3,49,50,53,0.3420083234388505,0.47598741001451006,0.9077192518097859,0.7597972260789279,2.25241756439209,1.6540350914001465,0.5983824729919434,0.7535293042659759,False,1.3203569347448,False
candidate_000642,D1-D2,D1,D2,010,100,4219,19,10,510,511,521,0.48730347649418737,0.49936698246710554,1.1142353529500544,0.9109722042901004,1.4596240520477295,2.253171682357788,0.7935476303100586,0.7535293042659759,True,1.3199727781416155,False
candidate_000643,D1-D2,D1,D2,010,100,4204,4,3,1035,1036,1039,0.46643795525877757,0.47598741001451006,0.8352484520409271,0.7597972260789279,1.340885043144226,2.2271876335144043,0.8863025903701782,0.7535293042659759,True,1.3194758042171941,False
candidate_000644,D1-D2,D1,D2,010,100,4204,4,10,554,555,565,0.46446586075719404,0.49936698246710554,0.9502667919310426,0.9109722042901004,1.340885043144226,2.2271876335144043,0.8863025903701782,0.7535293042659759,True,1.3191322102085157,False
candidate_000645,D0-D2,D0,D2,000,100,4209,9,10,1685,1686,1696,0.29069109496338025,0.49936698246710554,1.040568031715383,0.9109722042901004,2.3040237426757812,1.7992675304412842,0.5047562122344971,0.7535293042659759,False,1.3144224735104488,False
candidate_000646,D1-D2,D1,D2,010,100,4204,4,5,1034,1035,1040,0.4619730136805497,0.4828801581659705,0.8552957116545016,0.8000757674576986,1.340885043144226,2.2271876335144043,0.8863025903701782,0.7535293042659759,True,1.3142857631270506,False
candidate_000647,D0-D1,D0,D1,000,010,4213,13,5,1661,1662,1667,0.4277704579991203,0.4828801581659705,0.8055795176647991,0.8000757674576986,2.2448813915252686,1.373624324798584,0.8712570667266846,0.7535293042659759,True,1.3141714789314791,False
candidate_000648,D0-D1,D0,D1,000,010,4207,7,3,491,492,495,0.4120301822075152,0.47598741001451006,1.0980176673069835,0.7597972260789279,2.2403006553649902,1.6474778652191162,0.592822790145874,0.7535293042659759,False,1.313417517699205,False
candidate_000649,D0-D1,D0,D1,000,010,4213,13,3,1659,1660,1663,0.4295283401875385,0.47598741001451006,0.7769204154919452,0.7597972260789279,2.2448813915252686,1.373624324798584,0.8712570667266846,0.7535293042659759,True,1.3101729818402947,False
candidate_000650,D0-D1,D0,D1,000,010,4217,17,10,457,458,468,0.33358141242367795,0.49936698246710554,0.9452963030219583,0.9109722042901004,2.160839319229126,1.525992751121521,0.634846568107605,0.7535293042659759,False,1.3087281502131765,False
candidate_000651,D1-D2,D1,D2,010,100,4213,13,5,42,43,48,0.39681844960705925,0.4828801581659705,0.8094382389111813,0.8000757674576986,1.373624324798584,2.17341947555542,0.7997951507568359,0.7535293042659759,True,1.306708526632865,False
candidate_000652,D0-D1,D0,D1,000,010,4223,23,5,1836,1837,1842,0.46340044387628015,0.4828801581659705,0.9949937095540524,0.8000757674576986,2.3154003620147705,1.5574966669082642,0.7579036951065063,0.7535293042659759,True,1.3034248938831856,False
candidate_000653,D1-D2,D1,D2,010,100,4213,13,3,40,41,44,0.4131306669250295,0.47598741001451006,0.8095366325549582,0.7597972260789279,1.373624324798584,2.17341947555542,0.7997951507568359,0.7535293042659759,True,1.302943111123237,False
candidate_000654,D0-D1,D0,D1,000,010,4218,18,10,1706,1707,1717,0.223310814093112,0.49936698246710554,0.926935008399706,0.9109722042901004,2.283595561981201,1.8522467613220215,0.4313488006591797,0.7535293042659759,False,1.302514829341657,False
candidate_000655,D0-D1,D0,D1,000,010,4217,17,5,457,458,463,0.3539239580550472,0.4828801581659705,0.9065990450161059,0.8000757674576986,2.160839319229126,1.525992751121521,0.634846568107605,0.7535293042659759,False,1.3025133055005174,False
candidate_000656,D0-D1,D0,D1,000,010,4213,13,3,1664,1665,1668,0.42625794879758977,0.47598741001451006,0.7652709178290124,0.7597972260789279,2.2448813915252686,1.373624324798584,0.8712570667266846,0.7535293042659759,True,1.300429006187522,False
candidate_000657,D0-D1,D0,D1,000,010,4220,20,3,1847,1848,1851,0.4567455847717461,0.47598741001451006,0.8370011956105738,0.7597972260789279,2.2647387981414795,1.4113249778747559,0.8534138202667236,0.7535293042659759,True,1.3001965451211053,False
candidate_000658,D0-D1,D0,D1,000,010,4216,16,3,1528,1529,1532,0.2995048918568525,0.47598741001451006,0.7825145108045557,0.7597972260789279,2.25241756439209,1.6540350914001465,0.5983824729919434,0.7535293042659759,False,1.2997653631345742,False
candidate_000659,D0-D2,D0,D2,000,100,4206,6,5,48,49,54,0.2620436313685371,0.4828801581659705,1.106001710389782,0.8000757674576986,2.315232992172241,1.931213617324829,0.3840193748474121,0.7535293042659759,False,1.2982054345165417,False
candidate_000660,D1-D2,D1,D2,010,100,4203,3,5,125,126,131,0.44560535848692584,0.4828801581659705,0.9236484944369775,0.8000757674576986,1.3722208738327026,2.153775453567505,0.7815545797348022,0.7535293042659759,True,1.2975488928515277,False
candidate_000661,D0-D1,D0,D1,000,010,4221,21,3,663,664,667,0.41940061927396843,0.47598741001451006,0.8912709701632907,0.7597972260789279,2.1870429515838623,1.4526909589767456,0.7343519926071167,0.7535293042659759,False,1.2974259708942188,False
candidate_000662,D1-D2,D1,D2,010,100,4213,13,5,41,42,47,0.3988955682315562,0.4828801581659705,0.8075771375739593,0.8000757674576986,1.373624324798584,2.17341947555542,0.7997951507568359,0.7535293042659759,True,1.296915462353513,False
candidate_000663,D1-D2,D1,D2,010,100,4213,13,10,157,158,168,0.49440672423987625,0.49936698246710554,1.1018223068440613,0.9109722042901004,1.373624324798584,2.17341947555542,0.7997951507568359,0.7535293042659759,True,1.2966432693724446,False
candidate_000664,D1-D2,D1,D2,010,100,4203,3,10,123,124,134,0.4376634766698993,0.49936698246710554,0.9970880793324013,0.9109722042901004,1.3722208738327026,2.153775453567505,0.7815545797348022,0.7535293042659759,True,1.2952902069703518,False
candidate_000665,D0-D1,D0,D1,000,010,4221,21,10,171,172,182,0.4202721511642878,0.49936698246710554,1.0182899044890898,0.9109722042901004,2.1870429515838623,1.4526909589767456,0.7343519926071167,0.7535293042659759,False,1.2943736235711178,False
candidate_000666,D1-D2,D1,D2,010,100,4220,20,10,33,34,44,0.46192043950610573,0.49936698246710554,0.9803400655219329,0.9109722042901004,1.4113249778747559,2.2458486557006836,0.8345236778259277,0.7535293042659759,True,1.2884358117095107,False
candidate_000667,D0-D1,D0,D1,000,010,4211,11,3,28,29,32,0.4078011038131121,0.47598741001451006,1.047960249822892,0.7597972260789279,2.2977540493011475,1.696059226989746,0.6016948223114014,0.7535293042659759,False,1.2854947363371232,False
candidate_000668,D1-D2,D1,D2,010,100,4221,21,3,842,843,846,0.4627874129143117,0.47598741001451006,0.9363955351741795,0.7597972260789279,1.4526909589767456,2.216704845428467,0.7640138864517212,0.7535293042659759,True,1.285217598688916,False
candidate_000669,D0-D1,D0,D1,000,010,4217,17,3,100,101,104,0.3416130458643502,0.47598741001451006,0.8297229392692463,0.7597972260789279,2.160839319229126,1.525992751121521,0.634846568107605,0.7535293042659759,False,1.2819321554569578,False
candidate_000670,D0-D1,D0,D1,000,010,4210,10,5,1605,1606,1611,0.46709999204928077,0.4828801581659705,0.8724681376864013,0.8000757674576986,2.2462079524993896,1.3898508548736572,0.8563570976257324,0.7535293042659759,True,1.2811580637819893,False
candidate_000671,D0-D1,D0,D1,000,010,4223,23,5,1837,1838,1843,0.47880445013524603,0.4828801581659705,1.0091015854244842,0.8000757674576986,2.3154003620147705,1.5574966669082642,0.7579036951065063,0.7535293042659759,True,1.2793778630888506,False
candidate_000672,D0-D1,D0,D1,000,010,4211,11,5,28,29,34,0.3793542192683515,0.4828801581659705,1.0039123780131534,0.8000757674576986,2.2977540493011475,1.696059226989746,0.6016948223114014,0.7535293042659759,False,1.275367253377677,False
candidate_000673,D0-D1,D0,D1,000,010,4207,7,10,492,493,503,0.4396254631464183,0.49936698246710554,1.29940521716291,0.9109722042901004,2.2403006553649902,1.6474778652191162,0.592822790145874,0.7535293042659759,False,1.2746801123417129,False
candidate_000674,D1-D2,D1,D2,010,100,4223,23,10,1184,1185,1195,0.4669270011283466,0.49936698246710554,1.2601278330593475,0.9109722042901004,1.5574966669082642,2.204577684402466,0.6470810174942017,0.7535293042659759,False,1.2703951490412566,False
candidate_000675,D0-D1,D0,D1,000,010,4216,16,3,50,51,54,0.37260687975782697,0.47598741001451006,0.9510439814422585,0.7597972260789279,2.25241756439209,1.6540350914001465,0.5983824729919434,0.7535293042659759,False,1.2697733621859348,False
candidate_000676,D1-D2,D1,D2,010,100,4209,9,10,44,45,55,0.3414178293651332,0.49936698246710554,0.954737501763645,0.9109722042901004,1.175516128540039,1.7992675304412842,0.6237514019012451,0.7535293042659759,False,1.2688896976459034,False
candidate_000677,D0-D2,D0,D2,000,100,4209,9,10,133,134,144,0.27729566046136134,0.49936698246710554,0.958100729369147,0.9109722042901004,2.3040237426757812,1.7992675304412842,0.5047562122344971,0.7535293042659759,False,1.2687157226841042,False
candidate_000678,D1-D2,D1,D2,010,100,4209,9,10,43,44,54,0.33369087638461925,0.49936698246710554,0.9324889594643617,0.9109722042901004,1.175516128540039,1.7992675304412842,0.6237514019012451,0.7535293042659759,False,1.268018098546644,False
candidate_000679,D1-D2,D1,D2,010,100,4210,10,5,1536,1537,1542,0.4341241943404487,0.4828801581659705,0.8086794936108153,0.8000757674576986,1.3898508548736572,2.2397124767303467,0.8498616218566895,0.7535293042659759,True,1.2679985445430255,False
candidate_000680,D1-D2,D1,D2,010,100,4223,23,3,1181,1182,1185,0.4014227373822783,0.47598741001451006,0.9458799328971671,0.7597972260789279,1.5574966669082642,2.204577684402466,0.6470810174942017,0.7535293042659759,False,1.2676236086956651,False
candidate_000681,D1-D2,D1,D2,010,100,4220,20,5,416,417,422,0.46919232111861237,0.4828801581659705,0.8881291119505594,0.8000757674576986,1.4113249778747559,2.2458486557006836,0.8345236778259277,0.7535293042659759,True,1.26523725358529,False
candidate_000682,D0-D1,D0,D1,000,010,4223,23,3,1835,1836,1839,0.42926853162770556,0.47598741001451006,0.8615700324960096,0.7597972260789279,2.3154003620147705,1.5574966669082642,0.7579036951065063,0.7535293042659759,True,1.2646582221873668,False
candidate_000683,D0-D1,D0,D1,000,010,4211,11,5,27,28,33,0.3551032686271272,0.4828801581659705,0.9307342215950839,0.8000757674576986,2.2977540493011475,1.696059226989746,0.6016948223114014,0.7535293042659759,False,1.2631513312519358,False
candidate_000684,D0-D1,D0,D1,000,010,4216,16,10,49,50,60,0.3155277677946231,0.49936698246710554,0.9154624357415582,0.9109722042901004,2.25241756439209,1.6540350914001465,0.5983824729919434,0.7535293042659759,False,1.262979668764112,False
candidate_000685,D0-D1,D0,D1,000,010,4210,10,10,46,47,57,0.45266003291250445,0.49936698246710554,0.9162832020546435,0.9109722042901004,2.2462079524993896,1.3898508548736572,0.8563570976257324,0.7535293042659759,True,1.2610346713122238,False
candidate_000686,D0-D1,D0,D1,000,010,4217,17,3,83,84,87,0.34697351989540837,0.47598741001451006,0.8274912434059747,0.7597972260789279,2.160839319229126,1.525992751121521,0.634846568107605,0.7535293042659759,False,1.2587325608958193,False
candidate_000687,D1-D2,D1,D2,010,100,4209,9,10,45,46,56,0.35380982554395823,0.49936698246710554,0.98106369352447,0.9109722042901004,1.175516128540039,1.7992675304412842,0.6237514019012451,0.7535293042659759,False,1.2582107774549527,False
candidate_000688,D0-D1,D0,D1,000,010,4207,7,5,488,489,494,0.3747131918772341,0.4828801581659705,0.9926107086225906,0.8000757674576986,2.2403006553649902,1.6474778652191162,0.592822790145874,0.7535293042659759,False,1.257803971315952,False
candidate_000689,D0-D1,D0,D1,000,010,4213,13,5,33,34,39,0.455364313895495,0.4828801581659705,0.8206874791809365,0.8000757674576986,2.2448813915252686,1.373624324798584,0.8712570667266846,0.7535293042659759,True,1.257688893601864,False
candidate_000690,D0-D1,D0,D1,000,010,4217,17,3,456,457,460,0.3210415169681701,0.47598741001451006,0.763947635953823,0.7597972260789279,2.160839319229126,1.525992751121521,0.634846568107605,0.7535293042659759,False,1.2559396874052615,False
candidate_000691,D0-D2,D0,D2,000,100,4209,9,10,134,135,145,0.2960270767417412,0.49936698246710554,1.0111274081149113,0.9109722042901004,2.3040237426757812,1.7992675304412842,0.5047562122344971,0.7535293042659759,False,1.2542111879762872,False
candidate_000692,D1-D2,D1,D2,010,100,4204,4,3,552,553,556,0.45502589103034097,0.47598741001451006,0.773968211148841,0.7597972260789279,1.340885043144226,2.2271876335144043,0.8863025903701782,0.7535293042659759,True,1.2533335027050032,False
candidate_000693,D1-D2,D1,D2,010,100,4223,23,10,1179,1180,1190,0.40155176115365104,0.49936698246710554,1.0680575877653449,0.9109722042901004,1.5574966669082642,2.204577684402466,0.6470810174942017,0.7535293042659759,False,1.2520634735003193,False
candidate_000694,D0-D1,D0,D1,000,010,4207,7,10,489,490,500,0.41747712879721854,0.49936698246710554,1.2117798838743599,0.9109722042901004,2.2403006553649902,1.6474778652191162,0.592822790145874,0.7535293042659759,False,1.2517871626684247,False
candidate_000695,D0-D1,D0,D1,000,010,4220,20,3,1849,1850,1853,0.4564610136524889,0.47598741001451006,0.8045317073494868,0.7597972260789279,2.2647387981414795,1.4113249778747559,0.8534138202667236,0.7535293042659759,True,1.250537621117264,False
candidate_000696,D0-D1,D0,D1,000,010,4221,21,3,312,313,316,0.3852182362272532,0.47598741001451006,0.7887962065576056,0.7597972260789279,2.1870429515838623,1.4526909589767456,0.7343519926071167,0.7535293042659759,False,1.2501435028513073,False
candidate_000697,D1-D2,D1,D2,010,100,4213,13,3,50,51,54,0.45483730932222943,0.47598741001451006,0.8546597672491955,0.7597972260789279,1.373624324798584,2.17341947555542,0.7997951507568359,0.7535293042659759,True,1.249434692737109,False
candidate_000698,D1-D2,D1,D2,010,100,4210,10,10,1623,1624,1634,0.4925917596190269,0.49936698246710554,0.9945577602524411,0.9109722042901004,1.3898508548736572,2.2397124767303467,0.8498616218566895,0.7535293042659759,True,1.2482616769412687,False
candidate_000699,D0-D1,D0,D1,000,010,4221,21,5,45,46,51,0.4618433905491704,0.4828801581659705,0.9797237654802283,0.8000757674576986,2.1870429515838623,1.4526909589767456,0.7343519926071167,0.7535293042659759,False,1.2477319184346733,False
candidate_000700,D0-D1,D0,D1,000,010,4220,20,3,1913,1914,1917,0.4637645858500081,0.47598741001451006,0.8155142616899332,0.7597972260789279,2.2647387981414795,1.4113249778747559,0.8534138202667236,0.7535293042659759,True,1.2476456758335104,False
candidate_000701,D0-D1,D0,D1,000,010,4216,16,3,1530,1531,1534,0.33681779197324135,0.47598741001451006,0.844443068112061,0.7597972260789279,2.25241756439209,1.6540350914001465,0.5983824729919434,0.7535293042659759,False,1.247245168820125,False
candidate_000702,D0-D1,D0,D1,000,010,4217,17,5,100,101,106,0.3494283974362556,0.4828801581659705,0.8567319840408006,0.8000757674576986,2.160839319229126,1.525992751121521,0.634846568107605,0.7535293042659759,False,1.2467048743150244,False
candidate_000703,D1-D2,D1,D2,010,100,4203,3,3,124,125,128,0.42787896917434637,0.47598741001451006,0.820758634670159,0.7597972260789279,1.3722208738327026,2.153775453567505,0.7815545797348022,0.7535293042659759,True,1.2463828007578193,False
candidate_000704,D1-D2,D1,D2,010,100,4209,9,10,42,43,53,0.3329501866850894,0.49936698246710554,0.9141582537979263,0.9109722042901004,1.175516128540039,1.7992675304412842,0.6237514019012451,0.7535293042659759,False,1.2458570336144335,False
candidate_000705,D0-D1,D0,D1,000,010,4210,10,5,1604,1605,1610,0.4674370634495019,0.4828801581659705,0.8483996822147966,0.8000757674576986,2.2462079524993896,1.3898508548736572,0.8563570976257324,0.7535293042659759,True,1.2449168665261565,False
candidate_000706,D0-D1,D0,D1,000,010,4217,17,10,458,459,469,0.3648392979756156,0.49936698246710554,0.9815766495192981,0.9109722042901004,2.160839319229126,1.525992751121521,0.634846568107605,0.7535293042659759,False,1.2425272868353172,False
candidate_000707,D0-D1,D0,D1,000,010,4223,23,3,1768,1769,1772,0.42356963741463166,0.47598741001451006,0.8348279401061782,0.7597972260789279,2.3154003620147705,1.5574966669082642,0.7579036951065063,0.7535293042659759,True,1.241891900048956,False
candidate_000708,D0-D1,D0,D1,000,010,4216,16,5,49,50,55,0.3584782115147064,0.4828801581659705,0.9278974182391366,0.8000757674576986,2.25241756439209,1.6540350914001465,0.5983824729919434,0.7535293042659759,False,1.2405782523919484,False
candidate_000709,D1-D2,D1,D2,010,100,4203,3,5,123,124,129,0.4309269173631514,0.4828801581659705,0.8522536250696148,0.8000757674576986,1.3722208738327026,2.153775453567505,0.7815545797348022,0.7535293042659759,True,1.2380342056863294,False
candidate_000710,D0-D2,D0,D2,000,100,4209,9,5,1684,1685,1690,0.30444642293615826,0.4828801581659705,0.9317102026954099,0.8000757674576986,2.3040237426757812,1.7992675304412842,0.5047562122344971,0.7535293042659759,False,1.237256503696893,False
candidate_000711,D0-D1,D0,D1,000,010,4221,21,10,803,804,814,0.4576399517095616,0.49936698246710554,1.0592168684778336,0.9109722042901004,2.1870429515838623,1.4526909589767456,0.7343519926071167,0.7535293042659759,False,1.2364591894514154,False
candidate_000712,D0-D1,D0,D1,000,010,4217,17,3,99,100,103,0.33703987851256056,0.47598741001451006,0.7869814983393398,0.7597972260789279,2.160839319229126,1.525992751121521,0.634846568107605,0.7535293042659759,False,1.2323941399799132,False
candidate_000713,D0-D1,D0,D1,000,010,4213,13,5,34,35,40,0.47756796064351,0.4828801581659705,0.8425661760386659,0.8000757674576986,2.2448813915252686,1.373624324798584,0.8712570667266846,0.7535293042659759,True,1.2311848102710152,False
candidate_000714,D0-D1,D0,D1,000,010,4221,21,3,311,312,315,0.40425710080245064,0.47598741001451006,0.813212848457306,0.7597972260789279,2.1870429515838623,1.4526909589767456,0.7343519926071167,0.7535293042659759,False,1.2281416727016936,False
candidate_000715,D0-D1,D0,D1,000,010,4221,21,10,665,666,676,0.44088125576055304,0.49936698246710554,1.0133452875970104,0.9109722042901004,2.1870429515838623,1.4526909589767456,0.7343519926071167,0.7535293042659759,False,1.2278763836517568,False
candidate_000716,D1-D2,D1,D2,010,100,4209,9,3,42,43,46,0.34941875119260246,0.47598741001451006,0.8264845946368734,0.7597972260789279,1.175516128540039,1.7992675304412842,0.6237514019012451,0.7535293042659759,False,1.2265851599125148,False
candidate_000717,D0-D1,D0,D1,000,010,4216,16,10,50,51,61,0.33539834653451667,0.49936698246710554,0.9434277898340675,0.9109722042901004,2.25241756439209,1.6540350914001465,0.5983824729919434,0.7535293042659759,False,1.224450304073189,False
candidate_000718,D0-D2,D0,D2,000,100,4206,6,10,49,50,60,0.28809628648818003,0.49936698246710554,1.2617764962192295,0.9109722042901004,2.315232992172241,1.931213617324829,0.3840193748474121,0.7535293042659759,False,1.2235239104532314,False
candidate_000719,D0-D1,D0,D1,000,010,4223,23,10,51,52,62,0.43234478067821136,0.49936698246710554,0.9584942862811563,0.9109722042901004,2.3154003620147705,1.5574966669082642,0.7579036951065063,0.7535293042659759,True,1.2223283478699898,False
candidate_000720,D1-D2,D1,D2,010,100,4207,7,3,324,325,328,0.42068242190337696,0.47598741001451006,1.0340349087677214,0.7597972260789279,1.6474778652191162,2.2455549240112305,0.5980770587921143,0.7535293042659759,False,1.2221811879683429,False
candidate_000721,D0-D1,D0,D1,000,010,4212,12,5,1305,1306,1311,0.25022649724097173,0.4828801581659705,0.887930639376097,0.8000757674576986,2.3023815155029297,1.8733159303665161,0.4290655851364136,0.7535293042659759,False,1.2194879813832071,False
candidate_000722,D1-D2,D1,D2,010,100,4220,20,3,377,378,381,0.4633738900968094,0.47598741001451006,0.814326616399599,0.7597972260789279,1.4113249778747559,2.2458486557006836,0.8345236778259277,0.7535293042659759,True,1.2192797195693048,False
candidate_000723,D1-D2,D1,D2,010,100,4207,7,5,325,326,331,0.46183638928425863,0.4828801581659705,1.174312822509146,0.8000757674576986,1.6474778652191162,2.2455549240112305,0.5980770587921143,0.7535293042659759,False,1.2180381613199294,False
candidate_000724,D1-D2,D1,D2,010,100,4209,9,10,46,47,57,0.3736088097633712,0.49936698246710554,1.002629685228385,0.9109722042901004,1.175516128540039,1.7992675304412842,0.6237514019012451,0.7535293042659759,False,1.2177258817448953,False
candidate_000725,D0-D1,D0,D1,000,010,4211,11,5,26,27,32,0.3503081542574158,0.4828801581659705,0.8848436549742913,0.8000757674576986,2.2977540493011475,1.696059226989746,0.6016948223114014,0.7535293042659759,False,1.2173085315988037,False
candidate_000726,D0-D1,D0,D1,000,010,4223,23,5,1835,1836,1841,0.462772236331956,0.4828801581659705,0.927002107695052,0.8000757674576986,2.3154003620147705,1.5574966669082642,0.7579036951065063,0.7535293042659759,True,1.2160055224997366,False
candidate_000727,D1-D2,D1,D2,010,100,4221,21,10,49,50,60,0.48355328838709055,0.49936698246710554,1.0577012851001584,0.9109722042901004,1.4526909589767456,2.216704845428467,0.7640138864517212,0.7535293042659759,True,1.2157226129337055,False
candidate_000728,D1-D2,D1,D2,010,100,4220,20,3,379,380,383,0.46602154094892434,0.47598741001451006,0.8161097359776266,0.7597972260789279,1.4113249778747559,2.2458486557006836,0.8345236778259277,0.7535293042659759,True,1.2150071853617341,False
candidate_000729,D0-D2,D0,D2,000,100,4209,9,10,1686,1687,1697,0.32195473596674085,0.49936698246710554,1.0646232450694226,0.9109722042901004,2.3040237426757812,1.7992675304412842,0.5047562122344971,0.7535293042659759,False,1.2142199122804544,False
candidate_000730,D0-D1,D0,D1,000,010,4216,16,5,50,51,56,0.3687921167196443,0.4828801581659705,0.9307890327965486,0.8000757674576986,2.25241756439209,1.6540350914001465,0.5983824729919434,0.7535293042659759,False,1.2096412544578505,False
candidate_000731,D1-D2,D1,D2,010,100,4217,17,5,29,30,35,0.3006091173300006,0.4828801581659705,0.8407657027607592,0.8000757674576986,1.525992751121521,2.064797878265381,0.5388051271438599,0.7535293042659759,False,1.2070149679965219,False
candidate_000732,D1-D2,D1,D2,010,100,4217,17,10,1106,1107,1117,0.3888188543008398,0.49936698246710554,1.1965855703717483,0.9109722042901004,1.525992751121521,2.064797878265381,0.5388051271438599,0.7535293042659759,False,1.2062649711225213,False
candidate_000733,D1-D2,D1,D2,010,100,4203,3,10,122,123,133,0.44313132409876416,0.49936698246710554,0.939839859044883,0.9109722042901004,1.3722208738327026,2.153775453567505,0.7815545797348022,0.7535293042659759,True,1.2058555124681085,False
candidate_000734,D0-D2,D0,D2,000,100,4209,9,10,135,136,146,0.32274906322853947,0.49936698246710554,1.059821205303512,0.9109722042901004,2.3040237426757812,1.7992675304412842,0.5047562122344971,0.7535293042659759,False,1.2057682353888803,False
candidate_000735,D1-D2,D1,D2,010,100,4217,17,10,1107,1108,1118,0.4015168329391274,0.49936698246710554,1.2350182849969558,0.9109722042901004,1.525992751121521,2.064797878265381,0.5388051271438599,0.7535293042659759,False,1.2056351515828247,False
candidate_000736,D0-D1,D0,D1,000,010,4210,10,3,1658,1659,1662,0.465660224734363,0.47598741001451006,0.7882374914697996,0.7597972260789279,2.2462079524993896,1.3898508548736572,0.8563570976257324,0.7535293042659759,True,1.2051482138178644,False
candidate_000737,D0-D1,D0,D1,000,010,4210,10,3,1657,1658,1661,0.4586258787079366,0.47598741001451006,0.7756054999623442,0.7597972260789279,2.2462079524993896,1.3898508548736572,0.8563570976257324,0.7535293042659759,True,1.2040231586800187,False
candidate_000738,D1-D2,D1,D2,010,100,4213,13,10,51,52,62,0.4509818063077206,0.49936698246710554,0.9329671399723225,0.9109722042901004,1.373624324798584,2.17341947555542,0.7997951507568359,0.7535293042659759,True,1.203651175288952,False
candidate_000739,D1-D2,D1,D2,010,100,4210,10,3,1536,1537,1540,0.4574252690843407,0.47598741001451006,0.7790786606580528,0.7597972260789279,1.3898508548736572,2.2397124767303467,0.8498616218566895,0.7535293042659759,True,1.203391640006499,False
candidate_000740,D1-D2,D1,D2,010,100,4221,21,10,48,49,59,0.47328280808794226,0.49936698246710554,1.0240410520363112,0.9109722042901004,1.4526909589767456,2.216704845428467,0.7640138864517212,0.7535293042659759,True,1.202575749549802,False
candidate_000741,D1-D2,D1,D2,010,100,4221,21,10,837,838,848,0.4302700557913625,0.49936698246710554,0.9305073502092539,0.9109722042901004,1.4526909589767456,2.216704845428467,0.7640138864517212,0.7535293042659759,True,1.2019723823763746,False
candidate_000742,D0-D1,D0,D1,000,010,4219,19,5,29,30,35,0.45089297777087406,0.4828801581659705,0.833300571344925,0.8000757674576986,2.270905017852783,1.4596240520477295,0.8112809658050537,0.7535293042659759,True,1.2009020656285958,False
candidate_000743,D1-D2,D1,D2,010,100,4221,21,5,46,47,52,0.4587768074859232,0.4828801581659705,0.9000578540264014,0.8000757674576986,1.4526909589767456,2.216704845428467,0.7640138864517212,0.7535293042659759,True,1.2005446602287686,False
candidate_000744,D0-D1,D0,D1,000,010,4217,17,3,457,458,461,0.4016562744697244,0.47598741001451006,0.9126819826412607,0.7597972260789279,2.160839319229126,1.525992751121521,0.634846568107605,0.7535293042659759,False,1.1993096088941007,False
candidate_000745,D1-D2,D1,D2,010,100,4217,17,3,28,29,32,0.28451394459069534,0.47598741001451006,0.7609834815494853,0.7597972260789279,1.525992751121521,2.064797878265381,0.5388051271438599,0.7535293042659759,False,1.1981219045741323,False
candidate_000746,D0-D1,D0,D1,000,010,4216,16,5,48,49,54,0.3581785281941121,0.4828801581659705,0.8947911877025918,0.8000757674576986,2.25241756439209,1.6540350914001465,0.5983824729919434,0.7535293042659759,False,1.1973168990140437,False
candidate_000747,D1-D2,D1,D2,010,100,4220,20,5,378,379,384,0.4648285442588825,0.4828801581659705,0.8319756045007232,0.8000757674576986,1.4113249778747559,2.2458486557006836,0.8345236778259277,0.7535293042659759,True,1.1963673798205854,False
candidate_000748,D0-D1,D0,D1,000,010,4217,17,3,2660,2661,2664,0.3595342311917281,0.47598741001451006,0.8115872936160561,0.7597972260789279,2.160839319229126,1.525992751121521,0.634846568107605,0.7535293042659759,False,1.1914103950882315,False
candidate_000749,D0-D1,D0,D1,000,010,4217,17,5,101,102,107,0.36967634904261293,0.4828801581659705,0.8639101640270915,0.8000757674576986,2.160839319229126,1.525992751121521,0.634846568107605,0.7535293042659759,False,1.1882936887896898,False
candidate_000750,D0-D1,D0,D1,000,010,4218,18,10,1712,1713,1723,0.34157484618474715,0.49936698246710554,1.2933186230649962,0.9109722042901004,2.283595561981201,1.8522467613220215,0.4313488006591797,0.7535293042659759,False,1.1881268111451047,False
candidate_000751,D1-D2,D1,D2,010,100,4207,7,10,320,321,331,0.35705638985659266,0.49936698246710554,0.9746045926979908,0.9109722042901004,1.6474778652191162,2.2455549240112305,0.5980770587921143,0.7535293042659759,False,1.187581270268034,False
candidate_000752,D1-D2,D1,D2,010,100,4203,3,3,122,123,126,0.4196937446519516,0.47598741001451006,0.7662608769883299,0.7597972260789279,1.3722208738327026,2.153775453567505,0.7815545797348022,0.7535293042659759,True,1.186317901475158,False
candidate_000753,D0-D1,D0,D1,000,010,4221,21,5,312,313,318,0.4221858973773272,0.4828801581659705,0.8509516215996794,0.8000757674576986,2.1870429515838623,1.4526909589767456,0.7343519926071167,0.7535293042659759,False,1.185532660350152,False
candidate_000754,D1-D2,D1,D2,010,100,4204,4,3,547,548,551,0.47362800773846087,0.47598741001451006,0.7620081664428004,0.7597972260789279,1.340885043144226,2.2271876335144043,0.8863025903701782,0.7535293042659759,True,1.18550088809019,False
candidate_000755,D0-D1,D0,D1,000,010,4221,21,3,310,311,314,0.44687661624004604,0.47598741001451006,0.8651456301167747,0.7597972260789279,2.1870429515838623,1.4526909589767456,0.7343519926071167,0.7535293042659759,False,1.1819619118280302,False
candidate_000756,D1-D2,D1,D2,010,100,4223,23,5,1177,1178,1183,0.36614867833476394,0.4828801581659705,0.8345258741651527,0.8000757674576986,1.5574966669082642,2.204577684402466,0.6470810174942017,0.7535293042659759,False,1.181269776487446,False
candidate_000757,D0-D1,D0,D1,000,010,4221,21,3,45,46,49,0.4337432425697798,0.47598741001451006,0.8379138655899508,0.7597972260789279,2.1870429515838623,1.4526909589767456,0.7343519926071167,0.7535293042659759,False,1.1794201640992805,False
candidate_000758,D0-D1,D0,D1,000,010,4220,20,5,136,137,142,0.4732872584163319,0.4828801581659705,0.8147444982050986,0.8000757674576986,2.2647387981414795,1.4113249778747559,0.8534138202667236,0.7535293042659759,True,1.17669631232382,False
candidate_000759,D1-D2,D1,D2,010,100,4221,21,10,47,48,58,0.4656682910690067,0.49936698246710554,0.9857068131453487,0.9109722042901004,1.4526909589767456,2.216704845428467,0.7640138864517212,0.7535293042659759,True,1.1764863585732122,False
candidate_000760,D1-D2,D1,D2,010,100,4209,9,5,46,47,52,0.4252041918366802,0.4828801581659705,0.9996949278644157,0.8000757674576986,1.175516128540039,1.7992675304412842,0.6237514019012451,0.7535293042659759,False,1.1745988821553974,False
candidate_000761,D1-D2,D1,D2,010,100,4209,9,5,43,44,49,0.3501293676132844,0.4828801581659705,0.82310618518267,0.8000757674576986,1.175516128540039,1.7992675304412842,0.6237514019012451,0.7535293042659759,False,1.174483602257021,False
candidate_000762,D1-D2,D1,D2,010,100,4217,17,3,1002,1003,1006,0.3007742480986854,0.47598741001451006,0.7877732331765932,0.7597972260789279,1.525992751121521,2.064797878265381,0.5388051271438599,0.7535293042659759,False,1.1732482250771672,False
candidate_000763,D0-D1,D0,D1,000,010,4210,10,10,1518,1519,1529,0.48471140717621136,0.49936698246710554,0.9123700363252514,0.9109722042901004,2.2462079524993896,1.3898508548736572,0.8563570976257324,0.7535293042659759,True,1.172619809493615,False
candidate_000764,D1-D2,D1,D2,010,100,4203,3,5,124,125,130,0.43054341858434036,0.4828801581659705,0.8054688436159219,0.8000757674576986,1.3722208738327026,2.153775453567505,0.7815545797348022,0.7535293042659759,True,1.1711140753797382,False
candidate_000765,D1-D2,D1,D2,010,100,4217,17,10,1105,1106,1116,0.3767549524539873,0.49936698246710554,1.125055728335976,0.9109722042901004,1.525992751121521,2.064797878265381,0.5388051271438599,0.7535293042659759,False,1.1704728294815843,False
candidate_000766,D0-D1,D0,D1,000,010,4223,23,5,1768,1769,1774,0.42527815417110537,0.4828801581659705,0.8192380587171572,0.8000757674576986,2.3154003620147705,1.5574966669082642,0.7579036951065063,0.7535293042659759,True,1.1693894383782006,False
candidate_000767,D0-D1,D0,D1,000,010,4210,10,10,47,48,58,0.4857751349592856,0.49936698246710554,0.9115366657174377,0.9109722042901004,2.2462079524993896,1.3898508548736572,0.8563570976257324,0.7535293042659759,True,1.168983320500538,False
candidate_000768,D1-D2,D1,D2,010,100,4207,7,10,326,327,337,0.47339598144224915,0.49936698246710554,1.266521832923376,0.9109722042901004,1.6474778652191162,2.2455549240112305,0.5980770587921143,0.7535293042659759,False,1.1640183033951297,False
candidate_000769,D1-D2,D1,D2,010,100,4217,17,10,1108,1109,1119,0.4291748585093906,0.49936698246710554,1.273850288463494,0.9109722042901004,1.525992751121521,2.064797878265381,0.5388051271438599,0.7535293042659759,False,1.163403560148611,False
candidate_000770,D0-D1,D0,D1,000,010,4216,16,5,1529,1530,1535,0.33045187150241995,0.4828801581659705,0.8021240229012135,0.8000757674576986,2.25241756439209,1.6540350914001465,0.5983824729919434,0.7535293042659759,False,1.1633764517806553,False
candidate_000771,D0-D1,D0,D1,000,010,4211,11,3,27,28,31,0.3643935258335096,0.47598741001451006,0.8468409538852659,0.7597972260789279,2.2977540493011475,1.696059226989746,0.6016948223114014,0.7535293042659759,False,1.1625324661763303,False
candidate_000772,D1-D2,D1,D2,010,100,4220,20,10,381,382,392,0.49155387488523183,0.49936698246710554,0.9400831777905497,0.9109722042901004,1.4113249778747559,2.2458486557006836,0.8345236778259277,0.7535293042659759,True,1.1610431815657618,False
candidate_000773,D0-D1,D0,D1,000,010,4218,18,5,1711,1712,1717,0.344181478056043,0.4828801581659705,1.1552873275982631,0.8000757674576986,2.283595561981201,1.8522467613220215,0.4313488006591797,0.7535293042659759,False,1.159682774287623,False
candidate_000774,D0-D1,D0,D1,000,010,4207,7,3,488,489,492,0.3747472334663527,0.47598741001451006,0.8817422269034603,0.7597972260789279,2.2403006553649902,1.6474778652191162,0.592822790145874,0.7535293042659759,False,1.1596467389609888,False
candidate_000775,D1-D2,D1,D2,010,100,4213,13,10,52,53,63,0.47364344176550344,0.49936698246710554,0.9439331732836006,0.9109722042901004,1.373624324798584,2.17341947555542,0.7997951507568359,0.7535293042659759,True,1.1595328023355618,False
candidate_000776,D0-D1,D0,D1,000,010,4221,21,5,314,315,320,0.46885127935795057,0.4828801581659705,0.9218134377403293,0.8000757674576986,2.1870429515838623,1.4526909589767456,0.7343519926071167,0.7535293042659759,False,1.1564325418245278,False
candidate_000777,D0-D1,D0,D1,000,010,4223,23,10,52,53,63,0.4713672561781318,0.49936698246710554,0.9885595790902469,0.9109722042901004,2.3154003620147705,1.5574966669082642,0.7579036951065063,0.7535293042659759,True,1.1563039630284775,False
candidate_000778,D0-D1,D0,D1,000,010,4211,11,5,29,30,35,0.42266996915369665,0.4828801581659705,1.012970665306171,0.8000757674576986,2.2977540493011475,1.696059226989746,0.6016948223114014,0.7535293042659759,False,1.1549943190327583,False
candidate_000779,D0-D1,D0,D1,000,010,4219,19,10,32,33,43,0.4849144889019164,0.49936698246710554,0.947831947364778,0.9109722042901004,2.270905017852783,1.4596240520477295,0.8112809658050537,0.7535293042659759,True,1.153591428436432,False
candidate_000780,D0-D1,D0,D1,000,010,4221,21,10,666,667,677,0.49231586484271866,0.49936698246710554,1.0621116312639525,0.9109722042901004,2.1870429515838623,1.4526909589767456,0.7343519926071167,0.7535293042659759,False,1.1525112225059684,False
candidate_000781,D0-D1,D0,D1,000,010,4221,21,3,46,47,50,0.4064093404013592,0.47598741001451006,0.7661863354778459,0.7597972260789279,2.1870429515838623,1.4526909589767456,0.7343519926071167,0.7535293042659759,False,1.1509928210572005,False
candidate_000782,D1-D2,D1,D2,010,100,4209,9,5,44,45,50,0.3755900735638628,0.4828801581659705,0.864385108012084,0.8000757674576986,1.175516128540039,1.7992675304412842,0.6237514019012451,0.7535293042659759,False,1.1497748431452497,False
candidate_000783,D1-D2,D1,D2,010,100,4223,23,5,37,38,43,0.3952357378384522,0.4828801581659705,0.8757297308925509,0.8000757674576986,1.5574966669082642,2.204577684402466,0.6470810174942017,0.7535293042659759,False,1.14836684100017,False
candidate_000784,D0-D1,D0,D1,000,010,4216,16,3,48,49,52,0.3520804219860896,0.47598741001451006,0.8113553405611599,0.7597972260789279,2.25241756439209,1.6540350914001465,0.5983824729919434,0.7535293042659759,False,1.146425144732688,False
candidate_000785,D1-D2,D1,D2,010,100,4223,23,5,38,39,44,0.4134157116246852,0.4828801581659705,0.9142725416130143,0.8000757674576986,1.5574966669082642,2.204577684402466,0.6470810174942017,0.7535293042659759,False,1.1461869407283118,False
candidate_000786,D0-D1,D0,D1,000,010,4217,17,5,99,100,105,0.36056926124884464,0.4828801581659705,0.8116813212160692,0.8000757674576986,2.160839319229126,1.525992751121521,0.634846568107605,0.7535293042659759,False,1.1446526687297827,False
candidate_000787,D0-D1,D0,D1,000,010,4217,17,3,149,150,153,0.456600385667993,0.47598741001451006,0.987760265891838,0.7597972260789279,2.160839319229126,1.525992751121521,0.634846568107605,0.7535293042659759,False,1.1417779978268598,False
candidate_000788,D1-D2,D1,D2,010,100,4217,17,3,29,30,33,0.31900464188613964,0.47598741001451006,0.8130124166045216,0.7597972260789279,1.525992751121521,2.064797878265381,0.5388051271438599,0.7535293042659759,False,1.1416408784562784,False
candidate_000789,D0-D1,D0,D1,000,010,4217,17,5,458,459,464,0.4291627712956651,0.4828801581659705,0.9630382637187915,0.8000757674576986,2.160839319229126,1.525992751121521,0.634846568107605,0.7535293042659759,False,1.1410334476285764,False
candidate_000790,D1-D2,D1,D2,010,100,4213,13,5,51,52,57,0.46826387822232535,0.4828801581659705,0.8340485834800255,0.8000757674576986,1.373624324798584,2.17341947555542,0.7997951507568359,0.7535293042659759,True,1.1410050201294186,False
candidate_000791,D0-D1,D0,D1,000,010,4216,16,5,1282,1283,1288,0.3546239381180504,0.4828801581659705,0.8437011866486143,0.8000757674576986,2.25241756439209,1.6540350914001465,0.5983824729919434,0.7535293042659759,False,1.1402696708390412,False
candidate_000792,D0-D1,D0,D1,000,010,4218,18,5,1710,1711,1716,0.31813885783526175,0.4828801581659705,1.0476427310535967,0.8000757674576986,2.283595561981201,1.8522467613220215,0.4313488006591797,0.7535293042659759,False,1.137714199621813,False
candidate_000793,D1-D2,D1,D2,010,100,4223,23,3,37,38,41,0.393525162056437,0.47598741001451006,0.8320593094667723,0.7597972260789279,1.5574966669082642,2.204577684402466,0.6470810174942017,0.7535293042659759,False,1.1374650280707836,False
candidate_000794,D0-D1,D0,D1,000,010,4221,21,5,313,314,319,0.4240498283056364,0.4828801581659705,0.8197532737521241,0.8000757674576986,2.1870429515838623,1.4526909589767456,0.7343519926071167,0.7535293042659759,False,1.1370475920679912,False
candidate_000795,D0-D2,D0,D2,000,100,4209,9,5,1685,1686,1691,0.3453465320563508,0.4828801581659705,0.9704627465780226,0.8000757674576986,2.3040237426757812,1.7992675304412842,0.5047562122344971,0.7535293042659759,False,1.1360920983673444,False
candidate_000796,D1-D2,D1,D2,010,100,4203,3,5,122,123,128,0.45128330420914586,0.4828801581659705,0.818930661695741,0.8000757674576986,1.3722208738327026,2.153775453567505,0.7815545797348022,0.7535293042659759,True,1.1359658479595967,False
candidate_000797,D0-D1,D0,D1,000,010,4221,21,3,313,314,317,0.4265937497990309,0.47598741001451006,0.7935259186770675,0.7597972260789279,2.1870429515838623,1.4526909589767456,0.7343519926071167,0.7535293042659759,False,1.1356605026519262,False
candidate_000798,D0-D1,D0,D1,000,010,4216,16,10,51,52,62,0.37513233784519384,0.49936698246710554,0.9783189163969237,0.9109722042901004,2.25241756439209,1.6540350914001465,0.5983824729919434,0.7535293042659759,False,1.1352443868531517,False
candidate_000799,D1-D2,D1,D2,010,100,4223,23,10,1178,1179,1189,0.4258770878615776,0.49936698246710554,1.0268664852317393,0.9109722042901004,1.5574966669082642,2.204577684402466,0.6470810174942017,0.7535293042659759,False,1.1350184345985943,False
candidate_000800,D0-D1,D0,D1,000,010,4216,16,3,1318,1319,1322,0.35561976794546135,0.47598741001451006,0.8108288066063877,0.7597972260789279,2.25241756439209,1.6540350914001465,0.5983824729919434,0.7535293042659759,False,1.1342786438344943,False
candidate_000801,D0-D1,D0,D1,000,010,4207,7,10,488,489,499,0.4367415700577965,0.49936698246710554,1.1482109850390299,0.9109722042901004,2.2403006553649902,1.6474778652191162,0.592822790145874,0.7535293042659759,False,1.1338004085262852,False
candidate_000802,D0-D1,D0,D1,000,010,4217,17,5,102,103,108,0.39974108393543467,0.4828801581659705,0.8910122702527942,0.8000757674576986,2.160839319229126,1.525992751121521,0.634846568107605,0.7535293042659759,False,1.1333962526485397,False
candidate_000803,D1-D2,D1,D2,010,100,4209,9,5,45,46,51,0.3978174079745681,0.4828801581659705,0.9019003643345483,0.8000757674576986,1.175516128540039,1.7992675304412842,0.6237514019012451,0.7535293042659759,False,1.1326465614661256,False
candidate_000804,D0-D1,D0,D1,000,010,4217,17,3,84,85,88,0.35573717537749233,0.47598741001451006,0.7630278435966397,0.7597972260789279,2.160839319229126,1.525992751121521,0.634846568107605,0.7535293042659759,False,1.1320810623137936,False
candidate_000805,D1-D2,D1,D2,010,100,4209,9,5,47,48,53,0.46251194702639903,0.4828801581659705,1.0459474168915355,0.8000757674576986,1.175516128540039,1.7992675304412842,0.6237514019012451,0.7535293042659759,False,1.129812897660221,False
candidate_000806,D0-D1,D0,D1,000,010,4218,18,5,1709,1710,1715,0.30592375720336906,0.4828801581659705,0.9996114296681502,0.8000757674576986,2.283595561981201,1.8522467613220215,0.4313488006591797,0.7535293042659759,False,1.1288979927512524,False
candidate_000807,D1-D2,D1,D2,010,100,4211,11,3,42,43,46,0.3799372947656216,0.47598741001451006,0.9275012924381195,0.7597972260789279,1.696059226989746,2.251917600631714,0.5558583736419678,0.7535293042659759,False,1.128143551583613,False
candidate_000808,D1-D2,D1,D2,010,100,4213,13,5,50,51,56,0.47774105370870373,0.4828801581659705,0.841008153720251,0.8000757674576986,1.373624324798584,2.17341947555542,0.7997951507568359,0.7535293042659759,True,1.1277024061181158,False
candidate_000809,D1-D2,D1,D2,010,100,4209,9,3,46,47,50,0.4551689250686002,0.47598741001451006,0.9897146682766557,0.7597972260789279,1.175516128540039,1.7992675304412842,0.6237514019012451,0.7535293042659759,False,1.127577892941003,False
candidate_000810,D1-D2,D1,D2,010,100,4209,9,10,47,48,58,0.4026784713711271,0.49936698246710554,0.9998146641908241,0.9109722042901004,1.175516128540039,1.7992675304412842,0.6237514019012451,0.7535293042659759,False,1.1266452168829644,False
candidate_000811,D0-D2,D0,D2,000,100,4209,9,10,136,137,147,0.3613987742858536,0.49936698246710554,1.107121928938397,0.9109722042901004,2.3040237426757812,1.7992675304412842,0.5047562122344971,0.7535293042659759,False,1.1248769093946507,False
candidate_000812,D1-D2,D1,D2,010,100,4221,21,10,45,46,56,0.45473781834209703,0.49936698246710554,0.9195043455228995,0.9109722042901004,1.4526909589767456,2.216704845428467,0.7640138864517212,0.7535293042659759,True,1.123850429784806,False
candidate_000813,D0-D1,D0,D1,000,010,4217,17,3,2659,2660,2663,0.36006113955882146,0.47598741001451006,0.7653386749921692,0.7597972260789279,2.160839319229126,1.525992751121521,0.634846568107605,0.7535293042659759,False,1.1218732693644724,False
candidate_000814,D1-D2,D1,D2,010,100,4223,23,3,2000,2001,2004,0.38474849934276,0.47598741001451006,0.8023427500819399,0.7597972260789279,1.5574966669082642,2.204577684402466,0.6470810174942017,0.7535293042659759,False,1.1218615755619594,False
candidate_000815,D0-D1,D0,D1,000,010,4211,11,3,29,30,33,0.4629506375213121,0.47598741001451006,1.0373185292681149,0.7597972260789279,2.2977540493011475,1.696059226989746,0.6016948223114014,0.7535293042659759,False,1.120859917996327,False
candidate_000816,D0-D1,D0,D1,000,010,4216,16,3,1319,1320,1323,0.3638548390423867,0.47598741001451006,0.8195411207198284,0.7597972260789279,2.25241756439209,1.6540350914001465,0.5983824729919434,0.7535293042659759,False,1.1205186104686313,False
candidate_000817,D0-D1,D0,D1,000,010,4218,18,3,1711,1712,1715,0.35879920313788594,0.47598741001451006,1.1208210249732775,0.7597972260789279,2.283595561981201,1.8522467613220215,0.4313488006591797,0.7535293042659759,False,1.1202398294523297,False
candidate_000818,D1-D2,D1,D2,010,100,4221,21,10,46,47,57,0.4605464404583575,0.49936698246710554,0.9280468209554447,0.9109722042901004,1.4526909589767456,2.216704845428467,0.7640138864517212,0.7535293042659759,True,1.1199851419451796,False
candidate_000819,D0-D1,D0,D1,000,010,4216,16,5,1321,1322,1327,0.3957401101957044,0.4828801581659705,0.9223242667664137,0.8000757674576986,2.25241756439209,1.6540350914001465,0.5983824729919434,0.7535293042659759,False,1.1170189125602954,False
candidate_000820,D1-D2,D1,D2,010,100,4223,23,3,2001,2002,2005,0.4061172599740427,0.47598741001451006,0.8430961643072519,0.7597972260789279,1.5574966669082642,2.204577684402466,0.6470810174942017,0.7535293042659759,False,1.1168168079409935,False
candidate_000821,D0-D1,D0,D1,000,010,4221,21,5,802,803,808,0.44218421331099056,0.4828801581659705,0.8389277359593174,0.8000757674576986,2.1870429515838623,1.4526909589767456,0.7343519926071167,0.7535293042659759,False,1.1159216263682645,False
candidate_000822,D1-D2,D1,D2,010,100,4223,23,5,36,37,42,0.38432987788085304,0.4828801581659705,0.8236823170591558,0.8000757674576986,1.5574966669082642,2.204577684402466,0.6470810174942017,0.7535293042659759,False,1.1107654214748353,False
candidate_000823,D1-D2,D1,D2,010,100,4223,23,5,2001,2002,2007,0.41232831129137715,0.4828801581659705,0.8803221678648248,0.8000757674576986,1.5574966669082642,2.204577684402466,0.6470810174942017,0.7535293042659759,False,1.1065352150072114,False
candidate_000824,D0-D1,D0,D1,000,010,4216,16,5,47,48,53,0.350465849579871,0.4828801581659705,0.8089972021194564,0.8000757674576986,2.25241756439209,1.6540350914001465,0.5983824729919434,0.7535293042659759,False,1.1063391362242623,False
candidate_000825,D1-D2,D1,D2,010,100,4223,23,5,39,40,45,0.44086264008245757,0.4828801581659705,0.9408762229280281,0.8000757674576986,1.5574966669082642,2.204577684402466,0.6470810174942017,0.7535293042659759,False,1.1061039757276347,False
candidate_000826,D0-D2,D0,D2,000,100,4209,9,5,1686,1687,1692,0.3995947197737544,0.4828801581659705,1.0930126020048594,0.8000757674576986,2.3040237426757812,1.7992675304412842,0.5047562122344971,0.7535293042659759,False,1.1058473924312513,False
candidate_000827,D0-D1,D0,D1,000,010,4223,23,10,1771,1772,1782,0.4726266000666145,0.49936698246710554,0.9466662653986211,0.9109722042901004,2.3154003620147705,1.5574966669082642,0.7579036951065063,0.7535293042659759,True,1.1043514777057353,False
candidate_000828,D0-D1,D0,D1,000,010,4223,23,10,1773,1774,1784,0.49200437582272255,0.49936698246710554,0.9854520208663035,0.9109722042901004,2.3154003620147705,1.5574966669082642,0.7579036951065063,0.7535293042659759,True,1.10432040061106,False
candidate_000829,D0-D1,D0,D1,000,010,4217,17,10,459,460,470,0.4176539638726312,0.49936698246710554,0.998671168872645,0.9109722042901004,2.160839319229126,1.525992751121521,0.634846568107605,0.7535293042659759,False,1.1043054930414697,False
candidate_000830,D0-D1,D0,D1,000,010,4216,16,5,1319,1320,1325,0.3700927125461641,0.4828801581659705,0.8521933043042935,0.8000757674576986,2.25241756439209,1.6540350914001465,0.5983824729919434,0.7535293042659759,False,1.1036072516842366,False
candidate_000831,D0-D1,D0,D1,000,010,4217,17,3,102,103,106,0.44036979480734073,0.47598741001451006,0.9205972021216449,0.7597972260789279,2.160839319229126,1.525992751121521,0.634846568107605,0.7535293042659759,False,1.1033632624535514,False
candidate_000832,D0-D1,D0,D1,000,010,4217,17,3,101,102,105,0.3859703850966617,0.47598741001451006,0.8059917283514959,0.7597972260789279,2.160839319229126,1.525992751121521,0.634846568107605,0.7535293042659759,False,1.1021558074705726,False
candidate_000833,D1-D2,D1,D2,010,100,4223,23,3,38,39,42,0.4319792439718954,0.47598741001451006,0.882367509777158,0.7597972260789279,1.5574966669082642,2.204577684402466,0.6470810174942017,0.7535293042659759,False,1.0988613632906905,False
candidate_000834,D0-D2,D0,D2,000,100,4209,9,3,59,60,63,0.3620644223185448,0.47598741001451006,0.9478869027899351,0.7597972260789279,2.3040237426757812,1.7992675304412842,0.5047562122344971,0.7535293042659759,False,1.0986262185023619,False
candidate_000835,D1-D2,D1,D2,010,100,4217,17,10,1104,1105,1115,0.3730447261677714,0.49936698246710554,1.044923509244332,0.9109722042901004,1.525992751121521,2.064797878265381,0.5388051271438599,0.7535293042659759,False,1.097917903225146,False
candidate_000836,D0-D1,D0,D1,000,010,4223,23,10,1774,1775,1785,0.4968672859052051,0.49936698246710554,0.9892610562887958,0.9109722042901004,2.3154003620147705,1.5574966669082642,0.7579036951065063,0.7535293042659759,True,1.0977389785010518,False
candidate_000837,D1-D2,D1,D2,010,100,4223,23,3,36,37,40,0.38404641025483593,0.47598741001451006,0.782639267817092,0.7597972260789279,1.5574966669082642,2.204577684402466,0.6470810174942017,0.7535293042659759,False,1.0963120799389152,False
candidate_000838,D0-D1,D0,D1,000,010,4223,23,10,1772,1773,1783,0.48575996585086345,0.49936698246710554,0.9641178806676829,0.9109722042901004,2.3154003620147705,1.5574966669082642,0.7579036951065063,0.7535293042659759,True,1.0943014990075464,False
candidate_000839,D0-D1,D0,D1,000,010,4223,23,5,1834,1835,1840,0.4821892103550898,0.4828801581659705,0.8679205573601195,0.8000757674576986,2.3154003620147705,1.5574966669082642,0.7579036951065063,0.7535293042659759,True,1.0926589023367086,False
candidate_000840,D1-D2,D1,D2,010,100,4223,23,5,40,41,46,0.472205926499651,0.4828801581659705,0.9927194555594852,0.8000757674576986,1.5574966669082642,2.204577684402466,0.6470810174942017,0.7535293042659759,False,1.0895868590335378,False
candidate_000841,D0-D1,D0,D1,000,010,4217,17,3,148,149,152,0.45867538177841294,0.47598741001451006,0.9455549203345952,0.7597972260789279,2.160839319229126,1.525992751121521,0.634846568107605,0.7535293042659759,False,1.0880471596454242,False
candidate_000842,D0-D1,D0,D1,000,010,4212,12,10,1306,1307,1317,0.2662727461510205,0.49936698246710554,0.9272279789514977,0.9109722042901004,2.3023815155029297,1.8733159303665161,0.4290655851364136,0.7535293042659759,False,1.0869211606772926,False
candidate_000843,D1-D2,D1,D2,010,100,4211,11,3,41,42,45,0.3829400510655495,0.47598741001451006,0.8977897389138448,0.7597972260789279,1.696059226989746,2.251917600631714,0.5558583736419678,0.7535293042659759,False,1.0834418688077287,False
candidate_000844,D0-D1,D0,D1,000,010,4218,18,3,1710,1711,1714,0.3271330574973351,0.47598741001451006,0.9858279574118239,0.7597972260789279,2.283595561981201,1.8522467613220215,0.4313488006591797,0.7535293042659759,False,1.0806944173593598,False
candidate_000845,D0-D2,D0,D2,000,100,4209,9,10,1687,1688,1698,0.37320684056971065,0.49936698246710554,1.097943147102854,0.9109722042901004,2.3040237426757812,1.7992675304412842,0.5047562122344971,0.7535293042659759,False,1.0802554878548256,False
candidate_000846,D0-D1,D0,D1,000,010,4221,21,5,311,312,317,0.45794070964552197,0.4828801581659705,0.8386918474593599,0.8000757674576986,2.1870429515838623,1.4526909589767456,0.7343519926071167,0.7535293042659759,False,1.0772228161992232,False
candidate_000847,D0-D1,D0,D1,000,010,4221,21,10,170,171,181,0.4715779184879112,0.49936698246710554,0.9496948665189693,0.9109722042901004,2.1870429515838623,1.4526909589767456,0.7343519926071167,0.7535293042659759,False,1.075844387461144,False
candidate_000848,D1-D2,D1,D2,010,100,4217,17,3,1037,1038,1041,0.3797995011392771,0.47598741001451006,0.9119171025826041,0.7597972260789279,1.525992751121521,2.064797878265381,0.5388051271438599,0.7535293042659759,False,1.0755492608004353,False
candidate_000849,D0-D1,D0,D1,000,010,4211,11,10,29,30,40,0.40698229032643934,0.49936698246710554,0.9995126368128917,0.9109722042901004,2.2977540493011475,1.696059226989746,0.6016948223114014,0.7535293042659759,False,1.0749879688994053,False
candidate_000850,D0-D1,D0,D1,000,010,4217,17,3,2269,2270,2273,0.3988367050898957,0.47598741001451006,0.8108315157734882,0.7597972260789279,2.160839319229126,1.525992751121521,0.634846568107605,0.7535293042659759,False,1.0730053632856538,False
candidate_000851,D0-D1,D0,D1,000,010,4212,12,5,1306,1307,1312,0.2992880237865688,0.4828801581659705,0.9331154758388883,0.8000757674576986,2.3023815155029297,1.8733159303665161,0.4290655851364136,0.7535293042659759,False,1.0714646136419066,False
candidate_000852,D0-D1,D0,D1,000,010,4207,7,5,487,488,493,0.37177682721398364,0.4828801581659705,0.8359211361919722,0.8000757674576986,2.2403006553649902,1.6474778652191162,0.592822790145874,0.7535293042659759,False,1.0676182225847937,False
candidate_000853,D1-D2,D1,D2,010,100,4211,11,3,40,41,44,0.3975762295332905,0.47598741001451006,0.9176077680646677,0.7597972260789279,1.696059226989746,2.251917600631714,0.5558583736419678,0.7535293042659759,False,1.066592286925032,False
candidate_000854,D1-D2,D1,D2,010,100,4223,23,3,2042,2043,2046,0.45580368948582267,0.47598741001451006,0.9031447552906456,0.7597972260789279,1.5574966669082642,2.204577684402466,0.6470810174942017,0.7535293042659759,False,1.0659474704658782,False
candidate_000855,D0-D2,D0,D2,000,100,4206,6,3,48,49,52,0.3135434325979158,0.47598741001451006,1.0460781592238335,0.7597972260789279,2.315232992172241,1.931213617324829,0.3840193748474121,0.7535293042659759,False,1.065165712128695,False
candidate_000856,D1-D2,D1,D2,010,100,4217,17,10,1109,1110,1120,0.47443839863179954,0.49936698246710554,1.2884257181395198,0.9109722042901004,1.525992751121521,2.064797878265381,0.5388051271438599,0.7535293042659759,False,1.0644513696156523,False
candidate_000857,D0-D1,D0,D1,000,010,4218,18,5,1712,1713,1718,0.3993823843362978,0.4828801581659705,1.2287636360477119,0.8000757674576986,2.283595561981201,1.8522467613220215,0.4313488006591797,0.7535293042659759,False,1.0629580786301964,False
candidate_000858,D0-D1,D0,D1,000,010,4216,16,3,51,52,55,0.4634394644457441,0.47598741001451006,0.9890546423256392,0.7597972260789279,2.25241756439209,1.6540350914001465,0.5983824729919434,0.7535293042659759,False,1.0617047295310278,False
candidate_000859,D1-D2,D1,D2,010,100,4211,11,5,40,41,46,0.3814982709697942,0.4828801581659705,0.9081746072435221,0.8000757674576986,1.696059226989746,2.251917600631714,0.5558583736419678,0.7535293042659759,False,1.0598612898191273,False
candidate_000860,D0-D1,D0,D1,000,010,4207,7,5,27,28,33,0.3774495994703706,0.4828801581659705,0.8424623539987242,0.8000757674576986,2.2403006553649902,1.6474778652191162,0.592822790145874,0.7535293042659759,False,1.0598014822765107,False
candidate_000861,D1-D2,D1,D2,010,100,4217,17,5,1108,1109,1114,0.4718163918625565,0.4828801581659705,1.1577275557810662,0.8000757674576986,1.525992751121521,2.064797878265381,0.5388051271438599,0.7535293042659759,False,1.0589444099612242,False
candidate_000862,D0-D1,D0,D1,000,010,4216,16,3,1282,1283,1286,0.3871568834325078,0.47598741001451006,0.8236186172423834,0.7597972260789279,2.25241756439209,1.6540350914001465,0.5983824729919434,0.7535293042659759,False,1.0583167009281877,False
candidate_000863,D0-D1,D0,D1,000,010,4216,16,3,1323,1324,1327,0.4568927292266594,0.47598741001451006,0.970299098585194,0.7597972260789279,2.25241756439209,1.6540350914001465,0.5983824729919434,0.7535293042659759,False,1.056496009070056,False
candidate_000864,D0-D1,D0,D1,000,010,4216,16,3,1538,1539,1542,0.43983209419122127,0.47598741001451006,0.9339235583835905,0.7597972260789279,2.25241756439209,1.6540350914001465,0.5983824729919434,0.7535293042659759,False,1.0563331139408985,False
candidate_000865,D0-D1,D0,D1,000,010,4216,16,5,1318,1319,1324,0.374421264121258,0.4828801581659705,0.8247786738335939,0.8000757674576986,2.25241756439209,1.6540350914001465,0.5983824729919434,0.7535293042659759,False,1.0557567801279275,False
candidate_000866,D0-D1,D0,D1,000,010,4216,16,5,1320,1321,1326,0.37910701651986645,0.4828801581659705,0.8343401368029402,0.8000757674576986,2.25241756439209,1.6540350914001465,0.5983824729919434,0.7535293042659759,False,1.0547955168892584,False
candidate_000867,D1-D2,D1,D2,010,100,4217,17,5,1107,1108,1113,0.4320938577185268,0.4828801581659705,1.0551969321849612,0.8000757674576986,1.525992751121521,2.064797878265381,0.5388051271438599,0.7535293042659759,False,1.053889903710159,False
candidate_000868,D0-D1,D0,D1,000,010,4211,11,10,28,29,39,0.4110942209776184,0.49936698246710554,0.9887700101484157,0.9109722042901004,2.2977540493011475,1.696059226989746,0.6016948223114014,0.7535293042659759,False,1.0527972451981042,False
candidate_000869,D0-D1,D0,D1,000,010,4223,23,3,1769,1770,1773,0.4683476422342109,0.47598741001451006,0.7823234833946386,0.7597972260789279,2.3154003620147705,1.5574966669082642,0.7579036951065063,0.7535293042659759,True,1.0525183317082074,False
candidate_000870,D0-D1,D0,D1,000,010,4216,16,3,1321,1322,1325,0.42158286066707684,0.47598741001451006,0.8895822346383282,0.7597972260789279,2.25241756439209,1.6540350914001465,0.5983824729919434,0.7535293042659759,False,1.0497348963455506,False
candidate_000871,D1-D2,D1,D2,010,100,4217,17,5,30,31,36,0.348782864952383,0.4828801581659705,0.845425188318311,0.8000757674576986,1.525992751121521,2.064797878265381,0.5388051271438599,0.7535293042659759,False,1.0460678606978042,False
candidate_000872,D0-D1,D0,D1,000,010,4218,18,5,1708,1709,1714,0.2907222222758182,0.4828801581659705,0.8778384068841494,0.8000757674576986,2.283595561981201,1.8522467613220215,0.4313488006591797,0.7535293042659759,False,1.0432131199363388,False
candidate_000873,D1-D2,D1,D2,010,100,4223,23,5,2002,2003,2008,0.4247668910166421,0.4828801581659705,0.8543910246288025,0.8000757674576986,1.5574966669082642,2.204577684402466,0.6470810174942017,0.7535293042659759,False,1.04249210955838,False
candidate_000874,D1-D2,D1,D2,010,100,4217,17,5,1106,1107,1112,0.4267362471179794,0.4828801581659705,1.0287606872314239,0.8000757674576986,1.525992751121521,2.064797878265381,0.5388051271438599,0.7535293042659759,False,1.0403863443901442,False
candidate_000875,D1-D2,D1,D2,010,100,4209,9,10,48,49,59,0.44497601957696203,0.49936698246710554,1.0187403925768994,0.9109722042901004,1.175516128540039,1.7992675304412842,0.6237514019012451,0.7535293042659759,False,1.0388503862188567,False
candidate_000876,D1-D2,D1,D2,010,100,4223,23,5,2044,2045,2050,0.48265165633271123,0.4828801581659705,0.9672775815408001,0.8000757674576986,1.5574966669082642,2.204577684402466,0.6470810174942017,0.7535293042659759,False,1.038685522341164,False
candidate_000877,D0-D1,D0,D1,000,010,4211,11,10,30,31,41,0.4325465055748795,0.49936698246710554,1.0175028068422822,0.9109722042901004,2.2977540493011475,1.696059226989746,0.6016948223114014,0.7535293042659759,False,1.0296595076919601,False
candidate_000878,D0-D1,D0,D1,000,010,4221,21,10,313,314,324,0.48965556768693846,0.49936698246710554,0.9432173242644899,0.9109722042901004,2.1870429515838623,1.4526909589767456,0.7343519926071167,0.7535293042659759,False,1.0290581134016739,False
candidate_000879,D0-D1,D0,D1,000,010,4216,16,3,1284,1285,1288,0.4239318563968727,0.47598741001451006,0.8746730283262215,0.7597972260789279,2.25241756439209,1.6540350914001465,0.5983824729919434,0.7535293042659759,False,1.026422495579718,False
candidate_000880,D0-D1,D0,D1,000,010,4216,16,5,51,52,57,0.41862765006648006,0.4828801581659705,0.8962578985418822,0.8000757674576986,2.25241756439209,1.6540350914001465,0.5983824729919434,0.7535293042659759,False,1.0261055761073012,False
candidate_000881,D0-D1,D0,D1,000,010,4216,16,3,1320,1321,1324,0.3930152271728301,0.47598741001451006,0.8102960639219875,0.7597972260789279,2.25241756439209,1.6540350914001465,0.5983824729919434,0.7535293042659759,False,1.0256775078506661,False
candidate_000882,D1-D2,D1,D2,010,100,4209,9,3,45,46,49,0.422449911761285,0.47598741001451006,0.8355518235021041,0.7597972260789279,1.175516128540039,1.7992675304412842,0.6237514019012451,0.7535293042659759,False,1.0256692088008628,False
candidate_000883,D0-D1,D0,D1,000,010,4212,12,10,1307,1308,1318,0.29666086380542006,0.49936698246710554,0.9741369438402816,0.9109722042901004,2.3023815155029297,1.8733159303665161,0.4290655851364136,0.7535293042659759,False,1.0249389331172694,False
candidate_000884,D0-D2,D0,D2,000,100,4209,9,5,1687,1688,1693,0.472740040153365,0.4828801581659705,1.198182669016675,0.8000757674576986,2.3040237426757812,1.7992675304412842,0.5047562122344971,0.7535293042659759,False,1.0246850868579034,False
candidate_000885,D0-D1,D0,D1,000,010,4221,21,5,664,665,670,0.45931470790920254,0.4828801581659705,0.8001547765167869,0.8000757674576986,2.1870429515838623,1.4526909589767456,0.7343519926071167,0.7535293042659759,False,1.0246511327976981,False
candidate_000886,D0-D1,D0,D1,000,010,4221,21,10,312,313,323,0.4903131217604655,0.49936698246710554,0.9389153171773242,0.9109722042901004,2.1870429515838623,1.4526909589767456,0.7343519926071167,0.7535293042659759,False,1.0229908219173818,False
candidate_000887,D0-D1,D0,D1,000,010,4216,16,5,1539,1540,1545,0.4780733703104293,0.4828801581659705,1.0182341792579785,0.8000757674576986,2.25241756439209,1.6540350914001465,0.5983824729919434,0.7535293042659759,False,1.0207986315342596,False
candidate_000888,D0-D2,D0,D2,000,100,4209,9,10,137,138,148,0.4127478020365223,0.49936698246710554,1.1454966488689127,0.9109722042901004,2.3040237426757812,1.7992675304412842,0.5047562122344971,0.7535293042659759,False,1.0190729596665145,False
candidate_000889,D1-D2,D1,D2,010,100,4217,17,10,31,32,42,0.36189105105223157,0.49936698246710554,0.939799442111232,0.9109722042901004,1.525992751121521,2.064797878265381,0.5388051271438599,0.7535293042659759,False,1.0178964748434924,False
candidate_000890,D1-D2,D1,D2,010,100,4217,17,3,1003,1004,1007,0.35123513221920744,0.47598741001451006,0.7975609875789914,0.7597972260789279,1.525992751121521,2.064797878265381,0.5388051271438599,0.7535293042659759,False,1.0171740878600373,False
candidate_000891,D1-D2,D1,D2,010,100,4223,23,3,2002,2003,2006,0.46083564880520467,0.47598741001451006,0.8672251450448469,0.7597972260789279,1.5574966669082642,2.204577684402466,0.6470810174942017,0.7535293042659759,False,1.0123765330080652,False
candidate_000892,D0-D1,D0,D1,000,010,4217,17,3,91,92,95,0.41441915383856726,0.47598741001451006,0.7941156592488222,0.7597972260789279,2.160839319229126,1.525992751121521,0.634846568107605,0.7535293042659759,False,1.0113706171759205,False
candidate_000893,D1-D2,D1,D2,010,100,4211,11,3,22,23,26,0.4590047747053756,0.47598741001451006,1.003488357331126,0.7597972260789279,1.696059226989746,2.251917600631714,0.5558583736419678,0.7535293042659759,False,1.010315237102608,False
candidate_000894,D0-D1,D0,D1,000,010,4216,16,3,1496,1497,1500,0.4650031637563343,0.47598741001451006,0.9435036240489564,0.7597972260789279,2.25241756439209,1.6540350914001465,0.5983824729919434,0.7535293042659759,False,1.0094019625969877,False
candidate_000895,D1-D2,D1,D2,010,100,4217,17,10,1103,1104,1114,0.38156230841430644,0.49936698246710554,0.9808905580673984,0.9109722042901004,1.525992751121521,2.064797878265381,0.5388051271438599,0.7535293042659759,False,1.007630623333323,False
candidate_000896,D1-D2,D1,D2,010,100,4211,11,5,39,40,45,0.3823813095551056,0.4828801581659705,0.8653020110909326,0.8000757674576986,1.696059226989746,2.251917600631714,0.5558583736419678,0.7535293042659759,False,1.0074959440287057,False
candidate_000897,D0-D1,D0,D1,000,010,4216,16,5,1322,1323,1328,0.4186480872012603,0.4828801581659705,0.8797573990132125,0.8000757674576986,2.25241756439209,1.6540350914001465,0.5983824729919434,0.7535293042659759,False,1.0071653549281703,False
candidate_000898,D0-D1,D0,D1,000,010,4206,6,5,1250,1251,1256,0.2173761036775703,0.4828801581659705,1.011806353387489,0.8000757674576986,2.315232992172241,2.0451583862304688,0.27007460594177246,0.7535293042659759,False,1.006879387770417,False
candidate_000899,D1-D2,D1,D2,010,100,4223,23,10,1177,1178,1188,0.45502786468132306,0.49936698246710554,0.96800299916396,0.9109722042901004,1.5574966669082642,2.204577684402466,0.6470810174942017,0.7535293042659759,False,1.0014099949528774,False
candidate_000900,D0-D1,D0,D1,000,010,4216,16,10,52,53,63,0.4374670557872298,0.49936698246710554,1.003806428409751,0.9109722042901004,2.25241756439209,1.6540350914001465,0.5983824729919434,0.7535293042659759,False,0.9988448510094787,False
candidate_000901,D0-D1,D0,D1,000,010,4216,16,3,1537,1538,1541,0.4443172803320268,0.47598741001451006,0.8920821928115042,0.7597972260789279,2.25241756439209,1.6540350914001465,0.5983824729919434,0.7535293042659759,False,0.9988221071437458,False
candidate_000902,D0-D1,D0,D1,000,010,4207,7,10,487,488,498,0.45734965427151925,0.49936698246710554,1.0569649881851604,0.9109722042901004,2.2403006553649902,1.6474778652191162,0.592822790145874,0.7535293042659759,False,0.9966706955174008,False
candidate_000903,D0-D2,D0,D2,000,100,4209,9,3,60,61,64,0.3764887275972198,0.47598741001451006,0.892992951825663,0.7597972260789279,2.3040237426757812,1.7992675304412842,0.5047562122344971,0.7535293042659759,False,0.9953489022855944,False
candidate_000904,D0-D2,D0,D2,000,100,4209,9,10,421,422,432,0.4638993483845173,0.49936698246710554,1.2573300455585463,0.9109722042901004,2.3040237426757812,1.7992675304412842,0.5047562122344971,0.7535293042659759,False,0.9952260967249883,False
candidate_000905,D1-D2,D1,D2,010,100,4217,17,3,1106,1107,1110,0.4474264784903888,0.47598741001451006,0.9939105536907845,0.7597972260789279,1.525992751121521,2.064797878265381,0.5388051271438599,0.7535293042659759,False,0.9950730301873406,False
candidate_000906,D0-D1,D0,D1,000,010,4217,17,10,460,461,471,0.47613834033792757,0.49936698246710554,1.023209938466427,0.9109722042901004,2.160839319229126,1.525992751121521,0.634846568107605,0.7535293042659759,False,0.9924643688540511,False
candidate_000907,D1-D2,D1,D2,010,100,4223,23,5,2000,2001,2006,0.4339491379145806,0.4828801581659705,0.8308781211168502,0.8000757674576986,1.5574966669082642,2.204577684402466,0.6470810174942017,0.7535293042659759,False,0.9923508593551359,False
candidate_000908,D0-D2,D0,D2,000,100,4209,9,3,1686,1687,1690,0.43999527163796925,0.47598741001451006,1.036743489631021,0.7597972260789279,2.3040237426757812,1.7992675304412842,0.5047562122344971,0.7535293042659759,False,0.9887866534129516,False
candidate_000909,D0-D2,D0,D2,000,100,4209,9,10,420,421,431,0.448991970702552,0.49936698246710554,1.2065420205857933,0.9109722042901004,2.3040237426757812,1.7992675304412842,0.5047562122344971,0.7535293042659759,False,0.9867340193167863,False
candidate_000910,D1-D2,D1,D2,010,100,4217,17,5,1105,1106,1111,0.4114951466282015,0.4828801581659705,0.9391638128177854,0.8000757674576986,1.525992751121521,2.064797878265381,0.5388051271438599,0.7535293042659759,False,0.9849551376576726,False
candidate_000911,D0-D1,D0,D1,000,010,4217,17,3,2277,2278,2281,0.46787318523525456,0.47598741001451006,0.8718168940236144,0.7597972260789279,2.160839319229126,1.525992751121521,0.634846568107605,0.7535293042659759,False,0.9834754349877711,False
candidate_000912,D0-D1,D0,D1,000,010,4221,21,10,311,312,322,0.4964999102937618,0.49936698246710554,0.9138439914313862,0.9109722042901004,2.1870429515838623,1.4526909589767456,0.7343519926071167,0.7535293042659759,False,0.9832675700058094,False
candidate_000913,D0-D1,D0,D1,000,010,4212,12,3,1305,1306,1309,0.28905042297193895,0.47598741001451006,0.7960730246700857,0.7597972260789279,2.3023815155029297,1.8733159303665161,0.4290655851364136,0.7535293042659759,False,0.9824276928053808,False
candidate_000914,D1-D2,D1,D2,010,100,4211,11,3,21,22,25,0.44766096683173134,0.47598741001451006,0.9515765122329429,0.7597972260789279,1.696059226989746,2.251917600631714,0.5558583736419678,0.7535293042659759,False,0.9823273898343616,False
candidate_000915,D1-D2,D1,D2,010,100,4217,17,10,32,33,43,0.3961291148046037,0.49936698246710554,0.9921857173094183,0.9109722042901004,1.525992751121521,2.064797878265381,0.5388051271438599,0.7535293042659759,False,0.9817535466379459,False
candidate_000916,D1-D2,D1,D2,010,100,4217,17,3,30,31,34,0.38958984687875337,0.47598741001451006,0.8527665363499565,0.7597972260789279,1.525992751121521,2.064797878265381,0.5388051271438599,0.7535293042659759,False,0.9805096107197325,False
candidate_000917,D0-D2,D0,D2,000,100,4209,9,5,134,135,140,0.33764627247253237,0.4828801581659705,0.8151805079151945,0.8000757674576986,2.3040237426757812,1.7992675304412842,0.5047562122344971,0.7535293042659759,False,0.9760714205949044,False
candidate_000918,D0-D1,D0,D1,000,010,4216,16,10,1494,1495,1505,0.41343007721005215,0.49936698246710554,0.9267738022704782,0.9109722042901004,2.25241756439209,1.6540350914001465,0.5983824729919434,0.7535293042659759,False,0.9758096219485578,False
candidate_000919,D0-D1,D0,D1,000,010,4207,7,5,28,29,34,0.41119883553696224,0.4828801581659705,0.8443975808186157,0.8000757674576986,2.2403006553649902,1.6474778652191162,0.592822790145874,0.7535293042659759,False,0.9750527073088436,False
candidate_000920,D0-D1,D0,D1,000,010,4206,6,3,1250,1251,1254,0.22721897955919393,0.47598741001451006,0.9826482989795086,0.7597972260789279,2.315232992172241,2.0451583862304688,0.27007460594177246,0.7535293042659759,False,0.9710349651075441,False
candidate_000921,D0-D1,D0,D1,000,010,4218,18,3,1712,1713,1716,0.44204226095680677,0.47598741001451006,1.1960124376896275,0.7597972260789279,2.283595561981201,1.8522467613220215,0.4313488006591797,0.7535293042659759,False,0.9702823131769653,False
candidate_000922,D0-D1,D0,D1,000,010,4216,16,10,1413,1414,1424,0.41755389944869076,0.49936698246710554,0.9306969780945811,0.9109722042901004,2.25241756439209,1.6540350914001465,0.5983824729919434,0.7535293042659759,False,0.9702623421527284,False
candidate_000923,D0-D1,D0,D1,000,010,4207,7,5,29,30,35,0.4595875443390588,0.4828801581659705,0.9378884253825746,0.8000757674576986,2.2403006553649902,1.6474778652191162,0.592822790145874,0.7535293042659759,False,0.9689824570192954,False
candidate_000924,D0-D1,D0,D1,000,010,4218,18,10,1713,1714,1724,0.41554343623299766,0.49936698246710554,1.2819933636415919,0.9109722042901004,2.283595561981201,1.8522467613220215,0.4313488006591797,0.7535293042659759,False,0.9680827836889158,False
candidate_000925,D0-D2,D0,D2,000,100,4209,9,3,411,412,415,0.33983955209282035,0.47598741001451006,0.783273415325519,0.7597972260789279,2.3040237426757812,1.7992675304412842,0.5047562122344971,0.7535293042659759,False,0.9672054883595265,False
candidate_000926,D1-D2,D1,D2,010,100,4223,23,5,2003,2004,2009,0.4520512068517825,0.4828801581659705,0.8430926847473905,0.8000757674576986,1.5574966669082642,2.204577684402466,0.6470810174942017,0.7535293042659759,False,0.9666170357841185,False
candidate_000927,D0-D2,D0,D2,000,100,4209,9,5,61,62,67,0.3840588353990701,0.4828801581659705,0.9168478650346159,0.8000757674576986,2.3040237426757812,1.7992675304412842,0.5047562122344971,0.7535293042659759,False,0.9651377154448161,False
candidate_000928,D0-D1,D0,D1,000,010,4217,17,10,2277,2278,2288,0.4811673332045412,0.49936698246710554,1.005287756956896,0.9109722042901004,2.160839319229126,1.525992751121521,0.634846568107605,0.7535293042659759,False,0.9648895128225206,False
candidate_000929,D1-D2,D1,D2,010,100,4211,11,5,42,43,48,0.38872919084065344,0.4828801581659705,0.8423010051445452,0.8000757674576986,1.696059226989746,2.251917600631714,0.5558583736419678,0.7535293042659759,False,0.9647003013407277,False
candidate_000930,D1-D2,D1,D2,010,100,4217,17,3,1107,1108,1111,0.4530332817925244,0.47598741001451006,0.9748182879641688,0.7597972260789279,1.525992751121521,2.064797878265381,0.5388051271438599,0.7535293042659759,False,0.9638798359947189,False
candidate_000931,D0-D2,D0,D2,000,100,4209,9,5,135,136,141,0.38537816842668227,0.4828801581659705,0.9185148824194361,0.8000757674576986,2.3040237426757812,1.7992675304412842,0.5047562122344971,0.7535293042659759,False,0.9635824000003824,False
candidate_000932,D1-D2,D1,D2,010,100,4223,23,5,2042,2043,2048,0.4785019279308626,0.4828801581659705,0.8884212602478176,0.8000757674576986,1.5574966669082642,2.204577684402466,0.6470810174942017,0.7535293042659759,False,0.962281214781306,False
candidate_000933,D0-D1,D0,D1,000,010,4217,17,10,2278,2279,2289,0.49526043677911036,0.49936698246710554,1.0315336507336668,0.9109722042901004,2.160839319229126,1.525992751121521,0.634846568107605,0.7535293042659759,False,0.9619070141598514,False
candidate_000934,D0-D2,D0,D2,000,100,4209,9,5,59,60,65,0.3770778602478102,0.4828801581659705,0.8943005546809893,0.8000757674576986,2.3040237426757812,1.7992675304412842,0.5047562122344971,0.7535293042659759,False,0.9588313735470515,False
candidate_000935,D0-D1,D0,D1,000,010,4206,6,5,1251,1252,1257,0.24215406161234962,0.4828801581659705,1.0724295349305455,0.8000757674576986,2.315232992172241,2.0451583862304688,0.27007460594177246,0.7535293042659759,False,0.9580073840086146,False
candidate_000936,D0-D1,D0,D1,000,010,4212,12,3,310,311,314,0.38607092577789626,0.47598741001451006,1.0364611895304774,0.7597972260789279,2.3023815155029297,1.8733159303665161,0.4290655851364136,0.7535293042659759,False,0.9576509520283513,False
candidate_000937,D0-D2,D0,D2,000,100,4209,9,10,65,66,76,0.47529855108253305,0.49936698246710554,1.2390203396807793,0.9109722042901004,2.3040237426757812,1.7992675304412842,0.5047562122344971,0.7535293042659759,False,0.9572120776635463,False
candidate_000938,D1-D2,D1,D2,010,100,4217,17,5,1038,1039,1044,0.40612310561332443,0.4828801581659705,0.9000697011614828,0.8000757674576986,1.525992751121521,2.064797878265381,0.5388051271438599,0.7535293042659759,False,0.9564411670352577,False
candidate_000939,D1-D2,D1,D2,010,100,4217,17,3,1038,1039,1042,0.4036042843194276,0.47598741001451006,0.8614820866037769,0.7597972260789279,1.525992751121521,2.064797878265381,0.5388051271438599,0.7535293042659759,False,0.9561363270510711,False
candidate_000940,D1-D2,D1,D2,010,100,4211,11,3,38,39,42,0.3711183598149258,0.47598741001451006,0.7671609842970103,0.7597972260789279,1.696059226989746,2.251917600631714,0.5558583736419678,0.7535293042659759,False,0.9552913286268565,False
candidate_000941,D1-D2,D1,D2,010,100,4209,9,10,49,50,60,0.49236537340397113,0.49936698246710554,1.0359942061618375,0.9109722042901004,1.175516128540039,1.7992675304412842,0.6237514019012451,0.7535293042659759,False,0.9547637251249044,False
candidate_000942,D0-D2,D0,D2,000,100,4209,9,10,419,420,430,0.43474836133125594,0.49936698246710554,1.1303748516939227,0.9109722042901004,2.3040237426757812,1.7992675304412842,0.5047562122344971,0.7535293042659759,False,0.9547304133995931,False
candidate_000943,D0-D1,D0,D1,000,010,4207,7,10,30,31,41,0.4426405154764552,0.49936698246710554,0.9788025371257791,0.9109722042901004,2.2403006553649902,1.6474778652191162,0.592822790145874,0.7535293042659759,False,0.9536376000722678,False
candidate_000944,D0-D2,D0,D2,000,100,4209,9,10,422,423,433,0.48616396048609806,0.49936698246710554,1.261333014362406,0.9109722042901004,2.3040237426757812,1.7992675304412842,0.5047562122344971,0.7535293042659759,False,0.9526716164305745,False
candidate_000945,D0-D1,D0,D1,000,010,4211,11,10,31,32,42,0.474316525301985,0.49936698246710554,1.0269797539982737,0.9109722042901004,2.2977540493011475,1.696059226989746,0.6016948223114014,0.7535293042659759,False,0.9477296154839232,False
candidate_000946,D0-D2,D0,D2,000,100,4209,9,10,66,67,77,0.4948471341427996,0.49936698246710554,1.2761440313605423,0.9109722042901004,2.3040237426757812,1.7992675304412842,0.5047562122344971,0.7535293042659759,False,0.946945224994295,False
candidate_000947,D0-D1,D0,D1,000,010,4211,11,10,27,28,38,0.4307642920628757,0.49936698246710554,0.9314640495365488,0.9109722042901004,2.2977540493011475,1.696059226989746,0.6016948223114014,0.7535293042659759,False,0.9464926113743948,False
candidate_000948,D1-D2,D1,D2,010,100,4211,11,5,41,42,47,0.38045828405263504,0.4828801581659705,0.8087213157201335,0.8000757674576986,1.696059226989746,2.251917600631714,0.5558583736419678,0.7535293042659759,False,0.9463768209841115,False
candidate_000949,D0-D1,D0,D1,000,010,4212,12,3,1344,1345,1348,0.3052184956306034,0.47598741001451006,0.8093867447524913,0.7597972260789279,2.3023815155029297,1.8733159303665161,0.4290655851364136,0.7535293042659759,False,0.9459464191068528,False
candidate_000950,D0-D1,D0,D1,000,010,4212,12,10,1346,1347,1357,0.33128644699710286,0.49936698246710554,1.003096448305559,0.9109722042901004,2.3023815155029297,1.8733159303665161,0.4290655851364136,0.7535293042659759,False,0.9450988980825445,False
candidate_000951,D0-D1,D0,D1,000,010,4216,16,3,1322,1323,1326,0.449016112260873,0.47598741001451006,0.8528387823939311,0.7597972260789279,2.25241756439209,1.6540350914001465,0.5983824729919434,0.7535293042659759,False,0.9448905292755629,False
candidate_000952,D1-D2,D1,D2,010,100,4211,11,5,20,21,26,0.43201404261667764,0.4828801581659705,0.9167022400468304,0.8000757674576986,1.696059226989746,2.251917600631714,0.5558583736419678,0.7535293042659759,False,0.9447190619538941,False
candidate_000953,D0-D1,D0,D1,000,010,4212,12,10,1347,1348,1358,0.35034651763470687,0.49936698246710554,1.0602844867452434,0.9109722042901004,2.3023815155029297,1.8733159303665161,0.4290655851364136,0.7535293042659759,False,0.944632395699988,False
candidate_000954,D1-D2,D1,D2,010,100,4217,17,5,1037,1038,1043,0.4058894814876033,0.4828801581659705,0.8879464483242455,0.8000757674576986,1.525992751121521,2.064797878265381,0.5388051271438599,0.7535293042659759,False,0.9441017322466057,False
candidate_000955,D1-D2,D1,D2,010,100,4211,11,3,39,40,43,0.3858435453685155,0.47598741001451006,0.7864789503500988,0.7597972260789279,1.696059226989746,2.251917600631714,0.5558583736419678,0.7535293042659759,False,0.941971215587397,False
candidate_000956,D1-D2,D1,D2,010,100,4223,23,10,1072,1073,1083,0.4558002643940148,0.49936698246710554,0.9116438985280342,0.9109722042901004,1.5574966669082642,2.204577684402466,0.6470810174942017,0.7535293042659759,False,0.9415076827531509,False
candidate_000957,D1-D2,D1,D2,010,100,4223,23,5,1071,1072,1077,0.47058091094239257,0.4828801581659705,0.854791363556307,0.8000757674576986,1.5574966669082642,2.204577684402466,0.6470810174942017,0.7535293042659759,False,0.941439847529562,False
candidate_000958,D0-D2,D0,D2,000,100,4206,6,10,50,51,61,0.38029611264271496,0.49936698246710554,1.2810388798938088,0.9109722042901004,2.315232992172241,1.931213617324829,0.3840193748474121,0.7535293042659759,False,0.941040062155022,False
candidate_000959,D1-D2,D1,D2,010,100,4217,17,10,33,34,44,0.43400907228679736,0.49936698246710554,1.0414079340795515,0.9109722042901004,1.525992751121521,2.064797878265381,0.5388051271438599,0.7535293042659759,False,0.940520672118783,False
candidate_000960,D0-D1,D0,D1,000,010,4206,6,5,1249,1250,1255,0.21653501559574437,0.4828801581659705,0.940549854712278,0.8000757674576986,2.315232992172241,2.0451583862304688,0.27007460594177246,0.7535293042659759,False,0.9396054634389105,False
candidate_000961,D0-D2,D0,D2,000,100,4209,9,10,64,65,75,0.45201186754405975,0.49936698246710554,1.156219987400405,0.9109722042901004,2.3040237426757812,1.7992675304412842,0.5047562122344971,0.7535293042659759,False,0.9392622321380724,False
candidate_000962,D0-D2,D0,D2,000,100,4209,9,3,58,59,62,0.35739858340565006,0.47598741001451006,0.798555498622089,0.7597972260789279,2.3040237426757812,1.7992675304412842,0.5047562122344971,0.7535293042659759,False,0.9376301544711497,False
candidate_000963,D0-D1,D0,D1,000,010,4207,7,10,29,30,40,0.4298444620954476,0.49936698246710554,0.9343613718992207,0.9109722042901004,2.2403006553649902,1.6474778652191162,0.592822790145874,0.7535293042659759,False,0.9374389246241982,False
candidate_000964,D0-D1,D0,D1,000,010,4217,17,10,2276,2277,2287,0.4780411679429671,0.49936698246710554,0.969139791046396,0.9109722042901004,2.160839319229126,1.525992751121521,0.634846568107605,0.7535293042659759,False,0.936277214206273,False
candidate_000965,D0-D1,D0,D1,000,010,4216,16,10,1495,1496,1506,0.43203483173229656,0.49936698246710554,0.9287247195590663,0.9109722042901004,2.25241756439209,1.6540350914001465,0.5983824729919434,0.7535293042659759,False,0.9357539282309979,False
candidate_000966,D0-D1,D0,D1,000,010,4217,17,3,2627,2628,2631,0.4362147541109251,0.47598741001451006,0.772927229515877,0.7597972260789279,2.160839319229126,1.525992751121521,0.634846568107605,0.7535293042659759,False,0.935200323758892,False
candidate_000967,D0-D1,D0,D1,000,010,4216,16,5,1323,1324,1329,0.4394240070530459,0.4828801581659705,0.857338106744402,0.8000757674576986,2.25241756439209,1.6540350914001465,0.5983824729919434,0.7535293042659759,False,0.9350940830829086,False
candidate_000968,D0-D2,D0,D2,000,100,4209,9,10,418,419,429,0.41624350579414127,0.49936698246710554,1.053302279776207,0.9109722042901004,2.3040237426757812,1.7992675304412842,0.5047562122344971,0.7535293042659759,False,0.9291841173404995,False
candidate_000969,D0-D2,D0,D2,000,100,4209,9,10,63,64,74,0.43061881853586337,0.49936698246710554,1.0882970560096183,0.9109722042901004,2.3040237426757812,1.7992675304412842,0.5047562122344971,0.7535293042659759,False,0.9280057637289714,False
candidate_000970,D0-D2,D0,D2,000,100,4209,9,10,1688,1689,1699,0.4422077731702422,0.49936698246710554,1.1173956402601284,0.9109722042901004,2.3040237426757812,1.7992675304412842,0.5047562122344971,0.7535293042659759,False,0.92784797544659,False
candidate_000971,D0-D1,D0,D1,000,010,4216,16,5,1337,1338,1343,0.47580469616044757,0.4828801581659705,0.9192884199690848,0.8000757674576986,2.25241756439209,1.6540350914001465,0.5983824729919434,0.7535293042659759,False,0.9259979531657382,False
candidate_000972,D1-D2,D1,D2,010,100,4223,23,3,2041,2042,2045,0.4510127192469596,0.47598741001451006,0.7760363235615277,0.7597972260789279,1.5574966669082642,2.204577684402466,0.6470810174942017,0.7535293042659759,False,0.925655817811341,False
candidate_000973,D1-D2,D1,D2,010,100,4218,18,3,2042,2043,2046,0.2823245239227127,0.47598741001451006,0.8718103749066515,0.7597972260789279,1.8522467613220215,2.2126011848449707,0.3603544235229492,0.7535293042659759,False,0.9251260320830625,False
candidate_000974,D1-D2,D1,D2,010,100,4211,11,5,38,39,44,0.39088408969234123,0.4828801581659705,0.8097504731301295,0.8000757674576986,1.696059226989746,2.251917600631714,0.5558583736419678,0.7535293042659759,False,0.9223069185955325,False
candidate_000975,D1-D2,D1,D2,010,100,4212,12,10,45,46,56,0.2198225036255899,0.49936698246710554,1.003045928428024,0.9109722042901004,1.8733159303665161,2.151050329208374,0.2777343988418579,0.7535293042659759,False,0.921919272324202,False
candidate_000976,D1-D2,D1,D2,010,100,4217,17,3,1036,1037,1040,0.3920779829066076,0.47598741001451006,0.8068346208947907,0.7597972260789279,1.525992751121521,2.064797878265381,0.5388051271438599,0.7535293042659759,False,0.9218099793239969,False
candidate_000977,D1-D2,D1,D2,010,100,4211,11,5,43,44,49,0.39737018699172194,0.4828801581659705,0.8224696778466478,0.8000757674576986,1.696059226989746,2.251917600631714,0.5558583736419678,0.7535293042659759,False,0.9215032357836316,False
candidate_000978,D1-D2,D1,D2,010,100,4217,17,5,1104,1105,1110,0.3982224452680184,0.4828801581659705,0.8492149757262559,0.8000757674576986,1.525992751121521,2.064797878265381,0.5388051271438599,0.7535293042659759,False,0.9203048829801944,False
candidate_000979,D1-D2,D1,D2,010,100,4211,11,5,989,990,995,0.4354758428821547,0.4828801581659705,0.8986578315087156,0.8000757674576986,1.696059226989746,2.251917600631714,0.5558583736419678,0.7535293042659759,False,0.9187609846772161,False
candidate_000980,D0-D2,D0,D2,000,100,4206,6,5,49,50,55,0.3828374409891156,0.4828801581659705,1.1433051591145051,0.8000757674576986,2.315232992172241,1.931213617324829,0.3840193748474121,0.7535293042659759,False,0.9185630933922958,False
candidate_000981,D0-D2,D0,D2,000,100,4209,9,10,62,63,73,0.41461895675155097,0.49936698246710554,1.0362013066026499,0.9109722042901004,2.3040237426757812,1.7992675304412842,0.5047562122344971,0.7535293042659759,False,0.917679870202395,False
candidate_000982,D0-D1,D0,D1,000,010,4216,16,3,1495,1496,1499,0.47268243467662346,0.47598741001451006,0.8701863742085716,0.7597972260789279,2.25241756439209,1.6540350914001465,0.5983824729919434,0.7535293042659759,False,0.9158393398183827,False
candidate_000983,D1-D2,D1,D2,010,100,4223,23,5,2043,2044,2049,0.46962983330628355,0.4828801581659705,0.828034951473956,0.8000757674576986,1.5574966669082642,2.204577684402466,0.6470810174942017,0.7535293042659759,False,0.9138180833086541,False
candidate_000984,D0-D1,D0,D1,000,010,4216,16,3,1283,1284,1287,0.4141523369102206,0.47598741001451006,0.760373923729559,0.7597972260789279,2.25241756439209,1.6540350914001465,0.5983824729919434,0.7535293042659759,False,0.913363344571173,False
candidate_000985,D0-D1,D0,D1,000,010,4212,12,3,1343,1344,1347,0.3167230768678707,0.47598741001451006,0.810357004153466,0.7597972260789279,2.3023815155029297,1.8733159303665161,0.4290655851364136,0.7535293042659759,False,0.9126788356196126,False
candidate_000986,D1-D2,D1,D2,010,100,4218,18,3,2445,2446,2449,0.2740293002516924,0.47598741001451006,0.8333078300984956,0.7597972260789279,1.8522467613220215,2.2126011848449707,0.3603544235229492,0.7535293042659759,False,0.9110368296106809,False
candidate_000987,D0-D1,D0,D1,000,010,4212,12,5,311,312,317,0.4169493088954456,0.4828801581659705,1.1050221823739483,0.8000757674576986,2.3023815155029297,1.8733159303665161,0.4290655851364136,0.7535293042659759,False,0.9107926488514281,False
candidate_000988,D0-D1,D0,D1,000,010,4206,6,10,1251,1252,1262,0.2684896449967137,0.49936698246710554,1.2445103092104979,0.9109722042901004,2.315232992172241,2.0451583862304688,0.27007460594177246,0.7535293042659759,False,0.910687258978881,False
candidate_000989,D1-D2,D1,D2,010,100,4211,11,5,21,22,27,0.4417870897563516,0.4828801581659705,0.9035049396807631,0.8000757674576986,1.696059226989746,2.251917600631714,0.5558583736419678,0.7535293042659759,False,0.9105205675608244,False
candidate_000990,D0-D1,D0,D1,000,010,4216,16,10,1414,1415,1425,0.4470433080671978,0.49936698246710554,0.9345610405952711,0.9109722042901004,2.25241756439209,1.6540350914001465,0.5983824729919434,0.7535293042659759,False,0.9100211588258044,False
candidate_000991,D0-D1,D0,D1,000,010,4216,16,10,1496,1497,1507,0.45383790480652136,0.49936698246710554,0.9486245936317855,0.9109722042901004,2.25241756439209,1.6540350914001465,0.5983824729919434,0.7535293042659759,False,0.9098860991008153,False
candidate_000992,D0-D2,D0,D2,000,100,4209,9,5,136,137,142,0.4450932629074048,0.4828801581659705,1.0015140172421606,0.8000757674576986,2.3040237426757812,1.7992675304412842,0.5047562122344971,0.7535293042659759,False,0.9096949445805855,False
candidate_000993,D0-D1,D0,D1,000,010,4217,17,3,2268,2269,2272,0.45556826782559867,0.47598741001451006,0.784283100527258,0.7597972260789279,2.160839319229126,1.525992751121521,0.634846568107605,0.7535293042659759,False,0.9086273033186407,False
candidate_000994,D1-D2,D1,D2,010,100,4217,17,5,1039,1040,1045,0.4326789895848519,0.4828801581659705,0.9096945372006815,0.8000757674576986,1.525992751121521,2.064797878265381,0.5388051271438599,0.7535293042659759,False,0.9073390381885102,False
candidate_000995,D1-D2,D1,D2,010,100,4211,11,3,987,988,991,0.41305633506931805,0.47598741001451006,0.8100495744765058,0.7597972260789279,1.696059226989746,2.251917600631714,0.5558583736419678,0.7535293042659759,False,0.9062835118277648,False
candidate_000996,D1-D2,D1,D2,010,100,4217,17,10,1102,1103,1113,0.39858448728940354,0.49936698246710554,0.9211286316177216,0.9109722042901004,1.525992751121521,2.064797878265381,0.5388051271438599,0.7535293042659759,False,0.9058288758612266,False
candidate_000997,D0-D2,D0,D2,000,100,4209,9,3,61,62,65,0.40520149076708234,0.47598741001451006,0.874177717649117,0.7597972260789279,2.3040237426757812,1.7992675304412842,0.5047562122344971,0.7535293042659759,False,0.9053322394227448,False
candidate_000998,D1-D2,D1,D2,010,100,4211,11,5,19,20,25,0.4249740917928122,0.4828801581659705,0.8633727692802665,0.8000757674576986,1.696059226989746,2.251917600631714,0.5558583736419678,0.7535293042659759,False,0.904499106207623,False
candidate_000999,D1-D2,D1,D2,010,100,4223,23,3,1070,1071,1074,0.45373170945339547,0.47598741001451006,0.7613833767262232,0.7597972260789279,1.5574966669082642,2.204577684402466,0.6470810174942017,0.7535293042659759,False,0.9027355273811526,False
candidate_001000,D0-D1,D0,D1,000,010,4206,6,3,728,729,732,0.2050017020657887,0.47598741001451006,0.823840638755989,0.7597972260789279,2.315232992172241,2.0451583862304688,0.27007460594177246,0.7535293042659759,False,0.9023335618130702,False
candidate_001001,D1-D2,D1,D2,010,100,4217,17,3,1105,1106,1109,0.41975704976213796,0.47598741001451006,0.8451065413960194,0.7597972260789279,1.525992751121521,2.064797878265381,0.5388051271438599,0.7535293042659759,False,0.9018676308185422,False
candidate_001002,D1-D2,D1,D2,010,100,4211,11,3,20,21,24,0.44388054163141966,0.47598741001451006,0.8657319291965947,0.7597972260789279,1.696059226989746,2.251917600631714,0.5558583736419678,0.7535293042659759,False,0.9013201821660025,False
candidate_001003,D1-D2,D1,D2,010,100,4211,11,5,988,989,994,0.4303672122290659,0.4828801581659705,0.8712308192170203,0.8000757674576986,1.696059226989746,2.251917600631714,0.5558583736419678,0.7535293042659759,False,0.9012936318063296,False
candidate_001004,D0-D2,D0,D2,000,100,4209,9,10,417,418,428,0.39919781511137586,0.49936698246710554,0.9789349052369749,0.9109722042901004,2.3040237426757812,1.7992675304412842,0.5047562122344971,0.7535293042659759,False,0.9004547280647255,False
candidate_001005,D0-D2,D0,D2,000,100,4209,9,5,58,59,64,0.3904301243204808,0.4828801581659705,0.8693164103403649,0.8000757674576986,2.3040237426757812,1.7992675304412842,0.5047562122344971,0.7535293042659759,False,0.9001695724241838,False
candidate_001006,D0-D1,D0,D1,000,010,4212,12,10,1308,1309,1319,0.35037000608744445,0.49936698246710554,1.009425103362459,0.9109722042901004,2.3023815155029297,1.8733159303665161,0.4290655851364136,0.7535293042659759,False,0.8992602848740071,False
candidate_001007,D1-D2,D1,D2,010,100,4212,12,10,46,47,57,0.2388055762665869,0.49936698246710554,1.062427377943753,0.9109722042901004,1.8733159303665161,2.151050329208374,0.2777343988418579,0.7535293042659759,False,0.8988744049961754,False
candidate_001008,D0-D1,D0,D1,000,010,4216,16,10,1415,1416,1426,0.46834020883061167,0.49936698246710554,0.9663158376650487,0.9109722042901004,2.25241756439209,1.6540350914001465,0.5983824729919434,0.7535293042659759,False,0.8981545373019534,False
candidate_001009,D1-D2,D1,D2,010,100,4211,11,3,990,991,994,0.4664633494554133,0.47598741001451006,0.9059597776105459,0.7597972260789279,1.696059226989746,2.251917600631714,0.5558583736419678,0.7535293042659759,False,0.8975386474051111,False
candidate_001010,D0-D1,D0,D1,000,010,4216,16,10,1578,1579,1589,0.45646482704714675,0.49936698246710554,0.9406423499306737,0.9109722042901004,2.25241756439209,1.6540350914001465,0.5983824729919434,0.7535293042659759,False,0.8970375544610862,False
candidate_001011,D0-D1,D0,D1,000,010,4216,16,5,1336,1337,1342,0.4626764566210196,0.4828801581659705,0.8649942024390067,0.8000757674576986,2.25241756439209,1.6540350914001465,0.5983824729919434,0.7535293042659759,False,0.8960304263537566,False
candidate_001012,D0-D1,D0,D1,000,010,4218,18,3,1709,1710,1713,0.3233289906757566,0.47598741001451006,0.8073454474781008,0.7597972260789279,2.283595561981201,1.8522467613220215,0.4313488006591797,0.7535293042659759,False,0.8954492243146188,False
candidate_001013,D1-D2,D1,D2,010,100,4212,12,10,44,45,55,0.21234219934237566,0.49936698246710554,0.9410897056427183,0.9109722042901004,1.8733159303665161,2.151050329208374,0.2777343988418579,0.7535293042659759,False,0.8954450413746441,False
candidate_001014,D1-D2,D1,D2,010,100,4211,11,3,989,990,993,0.45523007491787754,0.47598741001451006,0.8813588929899654,0.7597972260789279,1.696059226989746,2.251917600631714,0.5558583736419678,0.7535293042659759,False,0.8947127223054744,False
candidate_001015,D1-D2,D1,D2,010,100,4211,11,5,22,23,28,0.45379721633035075,0.4828801581659705,0.9118117142024015,0.8000757674576986,1.696059226989746,2.251917600631714,0.5558583736419678,0.7535293042659759,False,0.8945725947141823,False
candidate_001016,D0-D1,D0,D1,000,010,4212,12,5,1344,1345,1350,0.31036214985622357,0.4828801581659705,0.8071966017235237,0.8000757674576986,2.3023815155029297,1.8733159303665161,0.4290655851364136,0.7535293042659759,False,0.8938041198695039,False
candidate_001017,D0-D1,D0,D1,000,010,4216,16,3,1285,1286,1289,0.42724925301528316,0.47598741001451006,0.7642071971510306,0.7597972260789279,2.25241756439209,1.6540350914001465,0.5983824729919434,0.7535293042659759,False,0.8898284585210399,False
candidate_001018,D0-D2,D0,D2,000,100,4209,9,10,138,139,149,0.47690682092355935,0.49936698246710554,1.155593425330821,0.9109722042901004,2.3040237426757812,1.7992675304412842,0.5047562122344971,0.7535293042659759,False,0.8897495000483759,False
candidate_001019,D0-D1,D0,D1,000,010,4207,7,3,28,29,32,0.4512951429306041,0.47598741001451006,0.814056948527945,0.7597972260789279,2.2403006553649902,1.6474778652191162,0.592822790145874,0.7535293042659759,False,0.8890304473557971,False
candidate_001020,D0-D1,D0,D1,000,010,4212,12,3,311,312,315,0.4012787696458422,0.47598741001451006,0.9999220066355581,0.7597972260789279,2.3023815155029297,1.8733159303665161,0.4290655851364136,0.7535293042659759,False,0.8888761235794043,False
candidate_001021,D1-D2,D1,D2,010,100,4211,11,3,43,44,47,0.39791003370093175,0.47598741001451006,0.7653495097689791,0.7597972260789279,1.696059226989746,2.251917600631714,0.5558583736419678,0.7535293042659759,False,0.8888668014415163,False
candidate_001022,D1-D2,D1,D2,010,100,4218,18,5,2445,2446,2451,0.2912655029686442,0.4828801581659705,0.8959780988661368,0.8000757674576986,1.8522467613220215,2.2126011848449707,0.3603544235229492,0.7535293042659759,False,0.8878636955955675,False
candidate_001023,D1-D2,D1,D2,010,100,4217,17,3,1039,1040,1043,0.467392641080023,0.47598741001451006,0.9259927504403356,0.7597972260789279,1.525992751121521,2.064797878265381,0.5388051271438599,0.7535293042659759,False,0.8874728006349084,False
candidate_001024,D0-D2,D0,D2,000,100,4209,9,5,420,421,426,0.48076019143112886,0.4828801581659705,1.0546628856348355,0.8000757674576986,2.3040237426757812,1.7992675304412842,0.5047562122344971,0.7535293042659759,False,0.8869005690406512,False
candidate_001025,D0-D1,D0,D1,000,010,4217,17,3,2628,2629,2632,0.47128043168996997,0.47598741001451006,0.7917795824217511,0.7597972260789279,2.160839319229126,1.525992751121521,0.634846568107605,0.7535293042659759,False,0.8867297567176478,False
candidate_001026,D1-D2,D1,D2,010,100,4223,23,5,1999,2000,2005,0.46918990180202114,0.4828801581659705,0.8019668683912456,0.8000757674576986,1.5574966669082642,2.204577684402466,0.6470810174942017,0.7535293042659759,False,0.8858792456477548,False
candidate_001027,D0-D1,D0,D1,000,010,4207,7,10,31,32,42,0.4805149429351453,0.49936698246710554,0.9867622207612224,0.9109722042901004,2.2403006553649902,1.6474778652191162,0.592822790145874,0.7535293042659759,False,0.8856151934142471,False
candidate_001028,D0-D1,D0,D1,000,010,4217,17,10,2275,2276,2286,0.4866637986462419,0.49936698246710554,0.932925666862935,0.9109722042901004,2.160839319229126,1.525992751121521,0.634846568107605,0.7535293042659759,False,0.8853221454175746,False
candidate_001029,D0-D1,D0,D1,000,010,4206,6,3,1251,1252,1255,0.26952438774007453,0.47598741001451006,1.0622709428728285,0.7597972260789279,2.315232992172241,2.0451583862304688,0.27007460594177246,0.7535293042659759,False,0.8849497289642736,False
candidate_001030,D1-D2,D1,D2,010,100,4217,17,3,1104,1105,1108,0.40157513168625086,0.47598741001451006,0.7930513721222711,0.7597972260789279,1.525992751121521,2.064797878265381,0.5388051271438599,0.7535293042659759,False,0.8846344455153801,False
candidate_001031,D1-D2,D1,D2,010,100,4217,17,3,1004,1005,1008,0.4091008071158018,0.47598741001451006,0.8070383125671065,0.7597972260789279,1.525992751121521,2.064797878265381,0.5388051271438599,0.7535293042659759,False,0.883676186088819,False
candidate_001032,D0-D1,D0,D1,000,010,4206,6,10,1250,1251,1261,0.266862540160571,0.49936698246710554,1.2000871134016988,0.9109722042901004,2.315232992172241,2.0451583862304688,0.27007460594177246,0.7535293042659759,False,0.883534392252374,False
candidate_001033,D1-D2,D1,D2,010,100,4217,17,10,34,35,45,0.4681652454206749,0.49936698246710554,1.0543150263777818,0.9109722042901004,1.525992751121521,2.064797878265381,0.5388051271438599,0.7535293042659759,False,0.8827088832262852,False
candidate_001034,D0-D1,D0,D1,000,010,4215,15,3,1088,1089,1092,0.1928511172265284,0.47598741001451006,0.7924976442025363,0.7597972260789279,2.30489182472229,2.0465471744537354,0.2583446502685547,0.7535293042659759,False,0.8826182619641189,False
candidate_001035,D0-D1,D0,D1,000,010,4212,12,10,1345,1346,1356,0.33825323600537227,0.49936698246710554,0.9558326222772459,0.9109722042901004,2.3023815155029297,1.8733159303665161,0.4290655851364136,0.7535293042659759,False,0.8820193683447871,False
candidate_001036,D0-D1,D0,D1,000,010,4212,12,5,1307,1308,1313,0.36125771017411495,0.4828801581659705,0.9212833945924426,0.8000757674576986,2.3023815155029297,1.8733159303665161,0.4290655851364136,0.7535293042659759,False,0.8764111565381415,False
candidate_001037,D0-D1,D0,D1,000,010,4216,16,3,1336,1337,1340,0.4536116343654422,0.47598741001451006,0.7989315366561016,0.7597972260789279,2.25241756439209,1.6540350914001465,0.5983824729919434,0.7535293042659759,False,0.8761971971146096,False
candidate_001038,D1-D2,D1,D2,010,100,4211,11,5,990,991,996,0.4455157868489429,0.4828801581659705,0.8757155917117592,0.8000757674576986,1.696059226989746,2.251917600631714,0.5558583736419678,0.7535293042659759,False,0.8751293187193391,False
candidate_001039,D0-D1,D0,D1,000,010,4207,7,10,486,487,497,0.47990433612367156,0.49936698246710554,0.9733461858551339,0.9109722042901004,2.2403006553649902,1.6474778652191162,0.592822790145874,0.7535293042659759,False,0.8746858484010778,False
candidate_001040,D0-D1,D0,D1,000,010,4206,6,10,1252,1253,1263,0.2859319338987,0.49936698246710554,1.2729112629539858,0.9109722042901004,2.315232992172241,2.0451583862304688,0.27007460594177246,0.7535293042659759,False,0.8746489322631743,False
candidate_001041,D0-D1,D0,D1,000,010,4217,17,5,104,105,110,0.46760372246404996,0.4828801581659705,0.8029833847402745,0.8000757674576986,2.160839319229126,1.525992751121521,0.634846568107605,0.7535293042659759,False,0.8731834035250072,False
candidate_001042,D0-D2,D0,D2,000,100,4209,9,10,416,417,427,0.39249747269810475,0.49936698246710554,0.9303805520989512,0.9109722042901004,2.3040237426757812,1.7992675304412842,0.5047562122344971,0.7535293042659759,False,0.8704022065358783,False
candidate_001043,D0-D1,D0,D1,000,010,4212,12,3,1306,1307,1310,0.35162686802617976,0.47598741001451006,0.8541574991612614,0.7597972260789279,2.3023815155029297,1.8733159303665161,0.4290655851364136,0.7535293042659759,False,0.8665172306339911,False
candidate_001044,D0-D1,D0,D1,000,010,4217,17,5,2628,2629,2634,0.4754115281968801,0.4828801581659705,0.8094605753696617,0.8000757674576986,2.160839319229126,1.525992751121521,0.634846568107605,0.7535293042659759,False,0.865770664142028,False
candidate_001045,D0-D2,D0,D2,000,100,4209,9,10,61,62,72,0.4234888733776918,0.49936698246710554,0.9974575140783684,0.9109722042901004,2.3040237426757812,1.7992675304412842,0.5047562122344971,0.7535293042659759,False,0.8648656058191039,False
candidate_001046,D0-D1,D0,D1,000,010,4216,16,10,1537,1538,1548,0.47674973215225885,0.49936698246710554,0.9459856008298616,0.9109722042901004,2.25241756439209,1.6540350914001465,0.5983824729919434,0.7535293042659759,False,0.8637488538102481,False
candidate_001047,D0-D1,D0,D1,000,010,4212,12,5,312,313,318,0.45967541778692544,0.4828801581659705,1.1550747189309682,0.8000757674576986,2.3023815155029297,1.8733159303665161,0.4290655851364136,0.7535293042659759,False,0.8635561430166475,False
candidate_001048,D0-D2,D0,D2,000,100,4209,9,3,57,58,61,0.38360582841641133,0.47598741001451006,0.7886218912996372,0.7597972260789279,2.3040237426757812,1.7992675304412842,0.5047562122344971,0.7535293042659759,False,0.8627062008528039,False
candidate_001049,D1-D2,D1,D2,010,100,4217,17,5,1036,1037,1042,0.421621998779011,0.4828801581659705,0.8427619457364379,0.8000757674576986,1.525992751121521,2.064797878265381,0.5388051271438599,0.7535293042659759,False,0.862623869467432,False
candidate_001050,D0-D1,D0,D1,000,010,4216,16,10,1416,1417,1427,0.48825719873865414,0.49936698246710554,0.9672593894160036,0.9109722042901004,2.25241756439209,1.6540350914001465,0.5983824729919434,0.7535293042659759,False,0.8623582350002332,False
candidate_001051,D0-D2,D0,D2,000,100,4209,9,5,419,420,425,0.47191270183160117,0.4828801581659705,1.0057665480684888,0.8000757674576986,2.3040237426757812,1.7992675304412842,0.5047562122344971,0.7535293042659759,False,0.8616388846046407,False
candidate_001052,D1-D2,D1,D2,010,100,4211,11,3,988,989,992,0.423810284585437,0.47598741001451006,0.7900202803123638,0.7597972260789279,1.696059226989746,2.251917600631714,0.5558583736419678,0.7535293042659759,False,0.8614469080356801,False
candidate_001053,D0-D1,D0,D1,000,010,4212,12,10,1348,1349,1359,0.3970524664016704,0.49936698246710554,1.094907339021248,0.9109722042901004,2.3023815155029297,1.8733159303665161,0.4290655851364136,0.7535293042659759,False,0.8607315097749194,False
candidate_001054,D1-D2,D1,D2,010,100,4217,17,10,35,36,46,0.49758183496753366,0.49936698246710554,1.0922426636746356,0.9109722042901004,1.525992751121521,2.064797878265381,0.5388051271438599,0.7535293042659759,False,0.8604009680055891,False
candidate_001055,D1-D2,D1,D2,010,100,4207,7,10,539,540,550,0.4636220430208168,0.49936698246710554,0.9159758871343716,0.9109722042901004,1.6474778652191162,2.2455549240112305,0.5980770587921143,0.7535293042659759,False,0.859590605154731,False
candidate_001056,D0-D1,D0,D1,000,010,4216,16,10,1536,1537,1547,0.46734180950537973,0.49936698246710554,0.9204066491385049,0.9109722042901004,2.25241756439209,1.6540350914001465,0.5983824729919434,0.7535293042659759,False,0.8573112594058538,False
candidate_001057,D0-D1,D0,D1,000,010,4216,16,10,1579,1580,1590,0.48798374604243777,0.49936698246710554,0.9585781595495516,0.9109722042901004,2.25241756439209,1.6540350914001465,0.5983824729919434,0.7535293042659759,False,0.8550974060778294,False
candidate_001058,D0-D1,D0,D1,000,010,4212,12,5,310,311,316,0.4151351735769396,0.4828801581659705,1.0314384926355322,0.8000757674576986,2.3023815155029297,1.8733159303665161,0.4290655851364136,0.7535293042659759,False,0.8538578626889491,False
candidate_001059,D1-D2,D1,D2,010,100,4207,7,10,540,541,551,0.4825895724679773,0.49936698246710554,0.9448206310058589,0.9109722042901004,1.6474778652191162,2.2455549240112305,0.5980770587921143,0.7535293042659759,False,0.8518107757997343,False
candidate_001060,D0-D1,D0,D1,000,010,4212,12,5,1346,1347,1352,0.32846836315306893,0.4828801581659705,0.8130250306628221,0.8000757674576986,2.3023815155029297,1.8733159303665161,0.4290655851364136,0.7535293042659759,False,0.8506328472004577,False
candidate_001061,D1-D2,D1,D2,010,100,4218,18,3,2446,2447,2450,0.33518033767307615,0.47598741001451006,0.9512056573122094,0.7597972260789279,1.8522467613220215,2.2126011848449707,0.3603544235229492,0.7535293042659759,False,0.8502044302057717,False
candidate_001062,D1-D2,D1,D2,010,100,4207,7,5,539,540,545,0.46193714059262386,0.4828801581659705,0.819102752130617,0.8000757674576986,1.6474778652191162,2.2455549240112305,0.5980770587921143,0.7535293042659759,False,0.8494166008477612,False
candidate_001063,D0-D2,D0,D2,000,100,4209,9,5,62,63,68,0.4119458111443249,0.4828801581659705,0.8641497885124932,0.8000757674576986,2.3040237426757812,1.7992675304412842,0.5047562122344971,0.7535293042659759,False,0.848083681430003,False
candidate_001064,D1-D2,D1,D2,010,100,4212,12,10,47,48,58,0.2655808734330037,0.49936698246710554,1.1131228980552301,0.9109722042901004,1.8733159303665161,2.151050329208374,0.2777343988418579,0.7535293042659759,False,0.846818907354016,False
candidate_001065,D1-D2,D1,D2,010,100,4211,11,5,987,988,993,0.43837340877525866,0.4828801581659705,0.8330618114514184,0.8000757674576986,1.696059226989746,2.251917600631714,0.5558583736419678,0.7535293042659759,False,0.846068007740315,False
candidate_001066,D1-D2,D1,D2,010,100,4207,7,3,502,503,506,0.4708918289644544,0.47598741001451006,0.7968875668972598,0.7597972260789279,1.6474778652191162,2.2455549240112305,0.5980770587921143,0.7535293042659759,False,0.8414545361838818,False
candidate_001067,D0-D1,D0,D1,000,010,4206,6,3,727,728,731,0.2090707991575019,0.47598741001451006,0.7801268614395495,0.7597972260789279,2.315232992172241,2.0451583862304688,0.27007460594177246,0.7535293042659759,False,0.8378248148711767,False
candidate_001068,D0-D2,D0,D2,000,100,4209,9,3,135,136,139,0.42728992420540257,0.47598741001451006,0.8529188400626275,0.7597972260789279,2.3040237426757812,1.7992675304412842,0.5047562122344971,0.7535293042659759,False,0.8376533774466052,False
candidate_001069,D0-D1,D0,D1,000,010,4216,16,10,1497,1498,1508,0.4830510974040078,0.49936698246710554,0.9281196133574163,0.9109722042901004,2.25241756439209,1.6540350914001465,0.5983824729919434,0.7535293042659759,False,0.8363812596382005,False
candidate_001070,D0-D2,D0,D2,000,100,4206,6,3,496,497,500,0.31707217502551654,0.47598741001451006,0.8246615861188048,0.7597972260789279,2.315232992172241,1.931213617324829,0.3840193748474121,0.7535293042659759,False,0.8303637568131702,False
candidate_001071,D0-D1,D0,D1,000,010,4206,6,5,1252,1253,1258,0.3036933926062076,0.4828801581659705,1.1647149021129795,0.8000757674576986,2.315232992172241,2.0451583862304688,0.27007460594177246,0.7535293042659759,False,0.8296141240469318,False
candidate_001072,D1-D2,D1,D2,010,100,4211,11,5,44,45,50,0.43643660066959833,0.4828801581659705,0.8130913466117659,0.8000757674576986,1.696059226989746,2.251917600631714,0.5558583736419678,0.7535293042659759,False,0.8294504062091794,False
candidate_001073,D0-D1,D0,D1,000,010,4216,16,5,1299,1300,1305,0.4737075283925781,0.4828801581659705,0.818925229307003,0.8000757674576986,2.25241756439209,1.6540350914001465,0.5983824729919434,0.7535293042659759,False,0.8285542047606295,False
candidate_001074,D1-D2,D1,D2,010,100,4211,11,5,991,992,997,0.46718655430568784,0.4828801581659705,0.8691575679145971,0.8000757674576986,1.696059226989746,2.251917600631714,0.5558583736419678,0.7535293042659759,False,0.8282862088891908,False
candidate_001075,D0-D1,D0,D1,000,010,4216,16,5,1298,1299,1304,0.46757163530656076,0.4828801581659705,0.8050206798240616,0.8000757674576986,2.25241756439209,1.6540350914001465,0.5983824729919434,0.7535293042659759,False,0.8251745804320728,False
candidate_001076,D1-D2,D1,D2,010,100,4218,18,5,2043,2044,2049,0.2977419080315914,0.4828801581659705,0.8507773244610322,0.8000757674576986,1.8522467613220215,2.2126011848449707,0.3603544235229492,0.7535293042659759,False,0.8247339904258514,False
candidate_001077,D0-D1,D0,D1,000,010,4206,6,10,1249,1250,1260,0.2678176819182974,0.49936698246710554,1.1220183879985879,0.9109722042901004,2.315232992172241,2.0451583862304688,0.27007460594177246,0.7535293042659759,False,0.8231121840380485,False
candidate_001078,D1-D2,D1,D2,010,100,4202,2,3,569,570,573,0.2952858545915107,0.47598741001451006,0.9721342332288047,0.7597972260789279,1.944779634475708,2.2454304695129395,0.30065083503723145,0.7535293042659759,False,0.8228934849092685,False
candidate_001079,D0-D1,D0,D1,000,010,4212,12,10,312,313,323,0.47207968454896604,0.49936698246710554,1.24392786954822,0.9109722042901004,2.3023815155029297,1.8733159303665161,0.4290655851364136,0.7535293042659759,False,0.8224663148679764,False
candidate_001080,D1-D2,D1,D2,010,100,4218,18,5,2444,2445,2450,0.29411829728803857,0.4828801581659705,0.8378813229893435,0.8000757674576986,1.8522467613220215,2.2126011848449707,0.3603544235229492,0.7535293042659759,False,0.8222396613038769,False
candidate_001081,D0-D1,D0,D1,000,010,4216,16,10,1538,1539,1549,0.4930111281141339,0.49936698246710554,0.9287116319625383,0.9109722042901004,2.25241756439209,1.6540350914001465,0.5983824729919434,0.7535293042659759,False,0.8200070359050022,False
candidate_001082,D0-D2,D0,D2,000,100,4209,9,5,63,64,69,0.4673643672527245,0.4828801581659705,0.9476987505219371,0.8000757674576986,2.3040237426757812,1.7992675304412842,0.5047562122344971,0.7535293042659759,False,0.8197935178304335,False
candidate_001083,D0-D1,D0,D1,000,010,4212,12,10,311,312,322,0.4632317600186796,0.49936698246710554,1.2163805564203511,0.9109722042901004,2.3023815155029297,1.8733159303665161,0.4290655851364136,0.7535293042659759,False,0.8196140129579865,False
candidate_001084,D0-D1,D0,D1,000,010,4216,16,5,1324,1325,1330,0.4722097487750606,0.4828801581659705,0.8043790224407679,0.8000757674576986,2.25241756439209,1.6540350914001465,0.5983824729919434,0.7535293042659759,False,0.8164183333700199,False
candidate_001085,D0-D1,D0,D1,000,010,4212,12,5,1347,1348,1353,0.3787437383602296,0.4828801581659705,0.8982998828000277,0.8000757674576986,2.3023815155029297,1.8733159303665161,0.4290655851364136,0.7535293042659759,False,0.8150939325319222,False
candidate_001086,D1-D2,D1,D2,010,100,4218,18,5,2042,2043,2048,0.2944119842388786,0.4828801581659705,0.8312548665599844,0.8000757674576986,1.8522467613220215,2.2126011848449707,0.3603544235229492,0.7535293042659759,False,0.8149231802652473,False
candidate_001087,D0-D1,D0,D1,000,010,4212,12,3,1346,1347,1350,0.3382009999409095,0.47598741001451006,0.7711328143028131,0.7597972260789279,2.3023815155029297,1.8733159303665161,0.4290655851364136,0.7535293042659759,False,0.8133464850254105,False
candidate_001088,D1-D2,D1,D2,010,100,4212,12,3,936,937,940,0.23519375980542206,0.47598741001451006,0.8242603874082691,0.7597972260789279,1.8733159303665161,2.151050329208374,0.2777343988418579,0.7535293042659759,False,0.8092187226821935,False
candidate_001089,D1-D2,D1,D2,010,100,4211,11,3,19,20,23,0.43880851548109173,0.47598741001451006,0.7681968836636726,0.7597972260789279,1.696059226989746,2.251917600631714,0.5558583736419678,0.7535293042659759,False,0.8090200076704469,False
candidate_001090,D1-D2,D1,D2,010,100,4218,18,5,2446,2447,2452,0.32155511981180307,0.4828801581659705,0.8994421933359031,0.8000757674576986,1.8522467613220215,2.2126011848449707,0.3603544235229492,0.7535293042659759,False,0.8073387216245108,False
candidate_001091,D0-D1,D0,D1,000,010,4212,12,10,1678,1679,1689,0.3639317515729648,0.49936698246710554,0.9375502968783533,0.9109722042901004,2.3023815155029297,1.8733159303665161,0.4290655851364136,0.7535293042659759,False,0.804105182684945,False
candidate_001092,D1-D2,D1,D2,010,100,4217,17,5,1035,1036,1041,0.44324547139566906,0.4828801581659705,0.824738507034512,0.8000757674576986,1.525992751121521,2.064797878265381,0.5388051271438599,0.7535293042659759,False,0.8029930417680168,False
candidate_001093,D0-D2,D0,D2,000,100,4209,9,5,418,419,424,0.4554119879153985,0.4828801581659705,0.9045233471285631,0.8000757674576986,2.3040237426757812,1.7992675304412842,0.5047562122344971,0.7535293042659759,False,0.8029806733346435,False
candidate_001094,D0-D1,D0,D1,000,010,4212,12,3,309,310,313,0.4214672919307343,0.47598741001451006,0.9458618577434716,0.7597972260789279,2.3023815155029297,1.8733159303665161,0.4290655851364136,0.7535293042659759,False,0.8005438642633284,False
candidate_001095,D0-D2,D0,D2,000,100,4209,9,5,57,58,63,0.4172749780134596,0.4828801581659705,0.8224064228927854,0.8000757674576986,2.3040237426757812,1.7992675304412842,0.5047562122344971,0.7535293042659759,False,0.796808430393849,False
candidate_001096,D0-D1,D0,D1,000,010,4212,12,3,1307,1308,1311,0.41779873898975034,0.47598741001451006,0.9313692140955226,0.7597972260789279,2.3023815155029297,1.8733159303665161,0.4290655851364136,0.7535293042659759,False,0.7951994131352162,False
candidate_001097,D1-D2,D1,D2,010,100,4202,2,3,568,569,572,0.2823800873694994,0.47598741001451006,0.8975870644909996,0.7597972260789279,1.944779634475708,2.2454304695129395,0.30065083503723145,0.7535293042659759,False,0.794515815995908,False
candidate_001098,D1-D2,D1,D2,010,100,4218,18,10,2446,2447,2457,0.30648507638687333,0.49936698246710554,0.9260746116264297,0.9109722042901004,1.8522467613220215,2.2126011848449707,0.3603544235229492,0.7535293042659759,False,0.7921018999885774,False
candidate_001099,D1-D2,D1,D2,010,100,4218,18,5,2044,2045,2050,0.3238188468945945,0.4828801581659705,0.8867537619012095,0.8000757674576986,1.8522467613220215,2.2126011848449707,0.3603544235229492,0.7535293042659759,False,0.790385332687002,False
candidate_001100,D0-D1,D0,D1,000,010,4212,12,10,1344,1345,1355,0.3651329016085662,0.49936698246710554,0.9229999598056642,0.9109722042901004,2.3023815155029297,1.8733159303665161,0.4290655851364136,0.7535293042659759,False,0.7890216990853098,False
candidate_001101,D0-D2,D0,D2,000,100,4209,9,10,60,61,71,0.45002035763236103,0.49936698246710554,0.9647123201998338,0.9109722042901004,2.3040237426757812,1.7992675304412842,0.5047562122344971,0.7535293042659759,False,0.7871579548750737,False
candidate_001102,D0-D1,D0,D1,000,010,4212,12,10,310,311,321,0.47333207013248346,0.49936698246710554,1.1930524736025383,0.9109722042901004,2.3023815155029297,1.8733159303665161,0.4290655851364136,0.7535293042659759,False,0.7867411171723604,False
candidate_001103,D1-D2,D1,D2,010,100,4218,18,3,2043,2044,2047,0.30709217794437954,0.47598741001451006,0.8056373885739779,0.7597972260789279,1.8522467613220215,2.2126011848449707,0.3603544235229492,0.7535293042659759,False,0.7859561774015797,False
candidate_001104,D1-D2,D1,D2,010,100,4217,17,5,1040,1041,1046,0.4684677873075918,0.4828801581659705,0.8482138649027972,0.8000757674576986,1.525992751121521,2.064797878265381,0.5388051271438599,0.7535293042659759,False,0.7813856849576726,False
candidate_001105,D1-D2,D1,D2,010,100,4202,2,5,569,570,575,0.30889743285736054,0.4828801581659705,0.9880396841992245,0.8000757674576986,1.944779634475708,2.2454304695129395,0.30065083503723145,0.7535293042659759,False,0.7702480379546282,False
candidate_001106,D0-D1,D0,D1,000,010,4212,12,5,1676,1677,1682,0.3613236951973039,0.4828801581659705,0.8078809916666999,0.8000757674576986,2.3023815155029297,1.8733159303665161,0.4290655851364136,0.7535293042659759,False,0.768391807246228,False
candidate_001107,D0-D1,D0,D1,000,010,4212,12,10,1679,1680,1690,0.39807339116600976,0.49936698246710554,0.9791298293345124,0.9109722042901004,2.3023815155029297,1.8733159303665161,0.4290655851364136,0.7535293042659759,False,0.7677421177644921,False
candidate_001108,D1-D2,D1,D2,010,100,4218,18,5,1509,1510,1515,0.4091103299104443,0.4828801581659705,1.0863007553431,0.8000757674576986,1.8522467613220215,2.2126011848449707,0.3603544235229492,0.7535293042659759,False,0.7663860497494158,False
candidate_001109,D1-D2,D1,D2,010,100,4202,2,5,570,571,576,0.32096564778898795,0.4828801581659705,1.0170306439582388,0.8000757674576986,1.944779634475708,2.2454304695129395,0.30065083503723145,0.7535293042659759,False,0.7630377016845994,False
candidate_001110,D0-D1,D0,D1,000,010,4212,12,5,1308,1309,1314,0.4528726238835969,0.4828801581659705,1.0054633836130298,0.8000757674576986,2.3023815155029297,1.8733159303665161,0.4290655851364136,0.7535293042659759,False,0.7629954879985176,False
candidate_001111,D0-D1,D0,D1,000,010,4206,6,5,1248,1249,1254,0.23684690542967343,0.4828801581659705,0.8351926843582429,0.8000757674576986,2.315232992172241,2.0451583862304688,0.27007460594177246,0.7535293042659759,False,0.7628002296175095,False
candidate_001112,D0-D1,D0,D1,000,010,4212,12,5,309,310,315,0.43764578488959893,0.4828801581659705,0.9670132432630032,0.8000757674576986,2.3023815155029297,1.8733159303665161,0.4290655851364136,0.7535293042659759,False,0.7593490441839532,False
candidate_001113,D1-D2,D1,D2,010,100,4212,12,5,45,46,51,0.2596114170301611,0.4828801581659705,0.884916294531776,0.8000757674576986,1.8733159303665161,2.151050329208374,0.2777343988418579,0.7535293042659759,False,0.7582565565578419,False
candidate_001114,D0-D1,D0,D1,000,010,4212,12,10,1309,1310,1320,0.4252600260609656,0.49936698246710554,1.0311435248282868,0.9109722042901004,2.3023815155029297,1.8733159303665161,0.4290655851364136,0.7535293042659759,False,0.7568377583713254,False
candidate_001115,D1-D2,D1,D2,010,100,4212,12,10,48,49,59,0.3015851488089438,0.49936698246710554,1.1293343326206426,0.9109722042901004,1.8733159303665161,2.151050329208374,0.2777343988418579,0.7535293042659759,False,0.7565833926711,False
candidate_001116,D0-D1,D0,D1,000,010,4212,12,10,31,32,42,0.4118705706764763,0.49936698246710554,0.9976317446058097,0.9109722042901004,2.3023815155029297,1.8733159303665161,0.4290655851364136,0.7535293042659759,False,0.756045149919154,False
candidate_001117,D1-D2,D1,D2,010,100,4212,12,3,937,938,941,0.2529622729976874,0.47598741001451006,0.8274375404007532,0.7597972260789279,1.8733159303665161,2.151050329208374,0.2777343988418579,0.7535293042659759,False,0.7552778599050706,False
candidate_001118,D0-D2,D0,D2,000,100,4209,9,5,417,418,423,0.43977306347037953,0.4828801581659705,0.8209563424908144,0.8000757674576986,2.3040237426757812,1.7992675304412842,0.5047562122344971,0.7535293042659759,False,0.75471191666021,False
candidate_001119,D0-D1,D0,D1,000,010,4212,12,5,29,30,35,0.3990343525565893,0.4828801581659705,0.8759530193250799,0.8000757674576986,2.3023815155029297,1.8733159303665161,0.4290655851364136,0.7535293042659759,False,0.7544010902844218,False
candidate_001120,D0-D2,D0,D2,000,100,4206,6,10,566,567,577,0.34667321213087804,0.49936698246710554,0.9352952996118018,0.9109722042901004,2.315232992172241,1.931213617324829,0.3840193748474121,0.7535293042659759,False,0.753695904199078,False
candidate_001121,D0-D2,D0,D2,000,100,4206,6,3,497,498,501,0.3287629165649669,0.47598741001451006,0.7755933462704193,0.7597972260789279,2.315232992172241,1.931213617324829,0.3840193748474121,0.7535293042659759,False,0.7531855891457934,False
candidate_001122,D1-D2,D1,D2,010,100,4202,2,3,570,571,574,0.34432820542120846,0.47598741001451006,1.037557929451167,0.7597972260789279,1.944779634475708,2.2454304695129395,0.30065083503723145,0.7535293042659759,False,0.7531817437833526,False
candidate_001123,D1-D2,D1,D2,010,100,4218,18,5,1508,1509,1514,0.3795925686215869,0.4828801581659705,0.9888707686780122,0.8000757674576986,1.8522467613220215,2.2126011848449707,0.3603544235229492,0.7535293042659759,False,0.7518994937449505,False
candidate_001124,D1-D2,D1,D2,010,100,4218,18,3,2044,2045,2048,0.3569877510097777,0.47598741001451006,0.8942655067182127,0.7597972260789279,1.8522467613220215,2.2126011848449707,0.3603544235229492,0.7535293042659759,False,0.7504826180726063,False
candidate_001125,D0-D1,D0,D1,000,010,4212,12,10,30,31,41,0.39877249110106744,0.49936698246710554,0.9586755445414995,0.9109722042901004,2.3023815155029297,1.8733159303665161,0.4290655851364136,0.7535293042659759,False,0.7503859446814094,False
candidate_001126,D0-D1,D0,D1,000,010,4212,12,3,29,30,33,0.4183385866829474,0.47598741001451006,0.8795139124929018,0.7597972260789279,2.3023815155029297,1.8733159303665161,0.4290655851364136,0.7535293042659759,False,0.7499565216104316,False
candidate_001127,D0-D1,D0,D1,000,010,4212,12,3,30,31,34,0.42471954862454797,0.47598741001451006,0.8890324451359851,0.7597972260789279,2.3023815155029297,1.8733159303665161,0.4290655851364136,0.7535293042659759,False,0.7466836766493898,False
candidate_001128,D0-D1,D0,D1,000,010,4218,18,3,153,154,157,0.41371212471648955,0.47598741001451006,0.8594640042105458,0.7597972260789279,2.283595561981201,1.8522467613220215,0.4313488006591797,0.7535293042659759,False,0.7449989383396617,False
candidate_001129,D0-D1,D0,D1,000,010,4206,6,10,1248,1249,1259,0.2705433418252257,0.49936698246710554,1.0255101004795224,0.9109722042901004,2.315232992172241,2.0451583862304688,0.27007460594177246,0.7535293042659759,False,0.7447343654724878,False
candidate_001130,D1-D2,D1,D2,010,100,4212,12,5,937,938,943,0.261001400044984,0.4828801581659705,0.8729175599757731,0.8000757674576986,1.8733159303665161,2.151050329208374,0.2777343988418579,0.7535293042659759,False,0.7439918239682166,False
candidate_001131,D0-D1,D0,D1,000,010,4218,18,5,174,175,180,0.44797771729098074,0.4828801581659705,0.9644531589558073,0.8000757674576986,2.283595561981201,1.8522467613220215,0.4313488006591797,0.7535293042659759,False,0.743808983740711,False
candidate_001132,D1-D2,D1,D2,010,100,4211,11,10,994,995,1005,0.49593191322464475,0.49936698246710554,0.9111297708589049,0.9109722042901004,1.696059226989746,2.251917600631714,0.5558583736419678,0.7535293042659759,False,0.7429111649772033,False
candidate_001133,D0-D2,D0,D2,000,100,4209,9,3,376,377,380,0.47401855143698757,0.47598741001451006,0.8390432492028149,0.7597972260789279,2.3040237426757812,1.7992675304412842,0.5047562122344971,0.7535293042659759,False,0.7427938460064843,False
candidate_001134,D0-D2,D0,D2,000,100,4206,6,10,51,52,62,0.4868309973986925,0.49936698246710554,1.293809631464131,0.9109722042901004,2.315232992172241,1.931213617324829,0.3840193748474121,0.7535293042659759,False,0.7424374064925059,False
candidate_001135,D1-D2,D1,D2,010,100,4218,18,3,2356,2357,2360,0.32699738771756914,0.47598741001451006,0.80872339754596,0.7597972260789279,1.8522467613220215,2.2126011848449707,0.3603544235229492,0.7535293042659759,False,0.7409402678939939,False
candidate_001136,D0-D1,D0,D1,000,010,4212,12,10,1349,1350,1360,0.47474405905235245,0.49936698246710554,1.1266824567389429,0.9109722042901004,2.3023815155029297,1.8733159303665161,0.4290655851364136,0.7535293042659759,False,0.7407646115646898,False
candidate_001137,D0-D2,D0,D2,000,100,4206,6,5,497,498,503,0.34838897243795514,0.4828801581659705,0.8374327660053247,0.8000757674576986,2.315232992172241,1.931213617324829,0.3840193748474121,0.7535293042659759,False,0.739344391958316,False
candidate_001138,D0-D2,D0,D2,000,100,4206,6,3,49,50,53,0.47297234563069984,0.47598741001451006,1.086929423337594,0.7597972260789279,2.315232992172241,1.931213617324829,0.3840193748474121,0.7535293042659759,False,0.7336963332496874,False
candidate_001139,D0-D1,D0,D1,000,010,4212,12,10,309,310,320,0.4845105497164754,0.49936698246710554,1.1381567947171791,0.9109722042901004,2.3023815155029297,1.8733159303665161,0.4290655851364136,0.7535293042659759,False,0.7332247074003687,False
candidate_001140,D0-D1,D0,D1,000,010,4212,12,5,1348,1349,1354,0.4681649896505592,0.4828801581659705,0.9976089399637655,0.8000757674576986,2.3023815155029297,1.8733159303665161,0.4290655851364136,0.7535293042659759,False,0.7323069874424841,False
candidate_001141,D1-D2,D1,D2,010,100,4208,8,10,507,508,518,0.15541271805470744,0.49936698246710554,1.1005380089680574,0.9109722042901004,2.2485151290893555,2.1064178943634033,0.14209723472595215,0.7535293042659759,False,0.7320127883736308,False
candidate_001142,D0-D1,D0,D1,000,010,4212,12,10,32,33,43,0.4420986606288185,0.49936698246710554,1.0341480485606867,0.9109722042901004,2.3023815155029297,1.8733159303665161,0.4290655851364136,0.7535293042659759,False,0.7301326184925724,False
candidate_001143,D0-D2,D0,D2,000,100,4206,6,10,567,568,578,0.3853467566231335,0.49936698246710554,1.0040549409466593,0.9109722042901004,2.315232992172241,1.931213617324829,0.3840193748474121,0.7535293042659759,False,0.7279029133007152,False
candidate_001144,D0-D1,D0,D1,000,010,4206,6,10,1253,1254,1264,0.34221937967771193,0.49936698246710554,1.2649802179738483,0.9109722042901004,2.315232992172241,2.0451583862304688,0.27007460594177246,0.7535293042659759,False,0.7262354374228391,False
candidate_001145,D0-D1,D0,D1,000,010,4212,12,5,1677,1678,1683,0.41119058984706336,0.4828801581659705,0.8642514462477469,0.8000757674576986,2.3023815155029297,1.8733159303665161,0.4290655851364136,0.7535293042659759,False,0.7223184807654093,False
candidate_001146,D0-D2,D0,D2,000,100,4209,9,10,59,60,70,0.48529542447916657,0.49936698246710554,0.9530622789677311,0.9109722042901004,2.3040237426757812,1.7992675304412842,0.5047562122344971,0.7535293042659759,False,0.721126256480203,False
candidate_001147,D1-D2,D1,D2,010,100,4212,12,5,938,939,944,0.2949682613507665,0.4828801581659705,0.95441784837825,0.8000757674576986,1.8733159303665161,2.151050329208374,0.2777343988418579,0.7535293042659759,False,0.7197820864086388,False
candidate_001148,D1-D2,D1,D2,010,100,4218,18,3,1509,1510,1513,0.42468315233045034,0.47598741001451006,1.0201543278348153,0.7597972260789279,1.8522467613220215,2.2126011848449707,0.3603544235229492,0.7535293042659759,False,0.7196615786449194,False
candidate_001149,D0-D1,D0,D1,000,010,4212,12,3,308,309,312,0.44288721456066565,0.47598741001451006,0.8931980422489263,0.7597972260789279,2.3023815155029297,1.8733159303665161,0.4290655851364136,0.7535293042659759,False,0.7194090828438836,False
candidate_001150,D0-D1,D0,D1,000,010,4212,12,10,1680,1681,1691,0.4445848504405195,0.49936698246710554,1.0243819913058074,0.9109722042901004,2.3023815155029297,1.8733159303665161,0.4290655851364136,0.7535293042659759,False,0.7191930940770048,False
candidate_001151,D0-D2,D0,D2,000,100,4209,9,3,374,375,378,0.4568766056372132,0.47598741001451006,0.7829210288705548,0.7597972260789279,2.3040237426757812,1.7992675304412842,0.5047562122344971,0.7535293042659759,False,0.7191149636892824,False
candidate_001152,D0-D1,D0,D1,000,010,4218,18,3,173,174,177,0.4163093095117134,0.47598741001451006,0.8302963846198981,0.7597972260789279,2.283595561981201,1.8522467613220215,0.4313488006591797,0.7535293042659759,False,0.7152259028452067,False
candidate_001153,D0-D1,D0,D1,000,010,4212,12,5,308,309,314,0.45781257386072055,0.4828801581659705,0.9526889722810507,0.8000757674576986,2.3023815155029297,1.8733159303665161,0.4290655851364136,0.7535293042659759,False,0.7151468013673924,False
candidate_001154,D0-D1,D0,D1,000,010,4212,12,5,28,29,34,0.3864848674037131,0.4828801581659705,0.8002505185124404,0.8000757674576986,2.3023815155029297,1.8733159303665161,0.4290655851364136,0.7535293042659759,False,0.7115824837648873,False
candidate_001155,D0-D1,D0,D1,000,010,4212,12,5,30,31,36,0.41312627643748967,0.4828801581659705,0.8546550689101555,0.8000757674576986,2.3023815155029297,1.8733159303665161,0.4290655851364136,0.7535293042659759,False,0.7109512676139523,False
candidate_001156,D1-D2,D1,D2,010,100,4208,8,10,506,507,517,0.1538215523369168,0.49936698246710554,1.0574718072965956,0.9109722042901004,2.2485151290893555,2.1064178943634033,0.14209723472595215,0.7535293042659759,False,0.7106434964910013,False
candidate_001157,D1-D2,D1,D2,010,100,4202,2,5,568,569,574,0.3172984116961229,0.4828801581659705,0.9362999430692905,0.8000757674576986,1.944779634475708,2.2454304695129395,0.30065083503723145,0.7535293042659759,False,0.7105875766979597,False
candidate_001158,D1-D2,D1,D2,010,100,4212,12,5,47,48,53,0.3335584649762815,0.4828801581659705,1.0653031038165583,0.8000757674576986,1.8733159303665161,2.151050329208374,0.2777343988418579,0.7535293042659759,False,0.7104589598316063,False
candidate_001159,D0-D1,D0,D1,000,010,4218,18,5,173,174,179,0.4305390917460459,0.4828801581659705,0.8825105796322612,0.8000757674576986,2.283595561981201,1.8522467613220215,0.4313488006591797,0.7535293042659759,False,0.7081805946136506,False
candidate_001160,D0-D1,D0,D1,000,010,4206,6,3,1252,1253,1256,0.35388150861317663,0.47598741001451006,1.11460669715598,0.7597972260789279,2.315232992172241,2.0451583862304688,0.27007460594177246,0.7535293042659759,False,0.7072047107311994,False
candidate_001161,D1-D2,D1,D2,010,100,4212,12,5,46,47,52,0.295923550683075,0.4828801581659705,0.9387183181983831,0.8000757674576986,1.8733159303665161,2.151050329208374,0.2777343988418579,0.7535293042659759,False,0.7056568039556371,False
candidate_001162,D1-D2,D1,D2,010,100,4202,2,5,571,572,577,0.35404380757859416,0.4828801581659705,1.0296315354972507,0.8000757674576986,1.944779634475708,2.2454304695129395,0.30065083503723145,0.7535293042659759,False,0.7003180894621912,False
candidate_001163,D1-D2,D1,D2,010,100,4218,18,5,1510,1511,1516,0.47156133029045855,0.4828801581659705,1.1424491451303105,0.8000757674576986,1.8522467613220215,2.2126011848449707,0.3603544235229492,0.7535293042659759,False,0.6992567181928675,False
candidate_001164,D0-D1,D0,D1,000,010,4212,12,10,29,30,40,0.41102811434906344,0.49936698246710554,0.9195448085644795,0.9109722042901004,2.3023815155029297,1.8733159303665161,0.4290655851364136,0.7535293042659759,False,0.6982960758294673,False
candidate_001165,D0-D1,D0,D1,000,010,4212,12,10,33,34,44,0.4809592363361634,0.49936698246710554,1.0755883629565652,0.9109722042901004,2.3023815155029297,1.8733159303665161,0.4290655851364136,0.7535293042659759,False,0.6980331673118708,False
candidate_001166,D1-D2,D1,D2,010,100,4218,18,3,1508,1509,1512,0.3671139795942446,0.47598741001451006,0.8532217141835144,0.7597972260789279,1.8522467613220215,2.2126011848449707,0.3603544235229492,0.7535293042659759,False,0.6962872618969685,False
candidate_001167,D0-D1,D0,D1,000,010,4212,12,3,31,32,35,0.47089560342003706,0.47598741001451006,0.9187587233051767,0.7597972260789279,2.3023815155029297,1.8733159303665161,0.4290655851364136,0.7535293042659759,False,0.6959822075732993,False
candidate_001168,D1-D2,D1,D2,010,100,4218,18,10,2447,2448,2458,0.353785463521007,0.49936698246710554,0.939040602146855,0.9109722042901004,1.8522467613220215,2.2126011848449707,0.3603544235229492,0.7535293042659759,False,0.6958070029572999,False
candidate_001169,D0-D2,D0,D2,000,100,4209,9,10,32,33,43,0.49680657986408344,0.49936698246710554,0.9409374390646374,0.9109722042901004,2.3040237426757812,1.7992675304412842,0.5047562122344971,0.7535293042659759,False,0.6954559614092968,False
candidate_001170,D0-D1,D0,D1,000,010,4212,12,3,1626,1627,1630,0.41887735156345773,0.47598741001451006,0.816146483232035,0.7597972260789279,2.3023815155029297,1.8733159303665161,0.4290655851364136,0.7535293042659759,False,0.69502836951491,False
candidate_001171,D0-D2,D0,D2,000,100,4209,9,3,28,29,32,0.46773722852312366,0.47598741001451006,0.7740669279588724,0.7597972260789279,2.3040237426757812,1.7992675304412842,0.5047562122344971,0.7535293042659759,False,0.6944737949865767,False
candidate_001172,D0-D1,D0,D1,000,010,4218,18,3,174,175,178,0.47412195091693826,0.47598741001451006,0.9157643026917297,0.7597972260789279,2.283595561981201,1.8522467613220215,0.4313488006591797,0.7535293042659759,False,0.6926596004046572,False
candidate_001173,D0-D2,D0,D2,000,100,4206,6,3,495,496,499,0.354206665511268,0.47598741001451006,0.7679553944108987,0.7597972260789279,2.315232992172241,1.931213617324829,0.3840193748474121,0.7535293042659759,False,0.692197486138252,False
candidate_001174,D0-D1,D0,D1,000,010,4212,12,3,1347,1348,1351,0.4261213433910497,0.47598741001451006,0.8267408162728763,0.7597972260789279,2.3023815155029297,1.8733159303665161,0.4290655851364136,0.7535293042659759,False,0.6920817370881739,False
candidate_001175,D0-D1,D0,D1,000,010,4212,12,10,308,309,319,0.4863984826505013,0.49936698246710554,1.077082964640801,0.9109722042901004,2.3023815155029297,1.8733159303665161,0.4290655851364136,0.7535293042659759,False,0.6911863914584949,False
candidate_001176,D1-D2,D1,D2,010,100,4218,18,10,2047,2048,2058,0.35278914480290735,0.49936698246710554,0.9263753749806176,0.9109722042901004,1.8522467613220215,2.2126011848449707,0.3603544235229492,0.7535293042659759,False,0.6883609062949346,False
candidate_001177,D0-D2,D0,D2,000,100,4206,6,10,568,569,579,0.4217936401673453,0.49936698246710554,1.038856452897398,0.9109722042901004,2.315232992172241,1.931213617324829,0.3840193748474121,0.7535293042659759,False,0.6880550750552947,False
candidate_001178,D0-D1,D0,D1,000,010,4218,18,3,152,153,156,0.4269891085143093,0.47598741001451006,0.8188347383522737,0.7597972260789279,2.283595561981201,1.8522467613220215,0.4313488006591797,0.7535293042659759,False,0.6877105266458603,False
candidate_001179,D1-D2,D1,D2,010,100,4202,2,10,571,572,582,0.3684196285669006,0.49936698246710554,1.1562644023991828,0.9109722042901004,1.944779634475708,2.2454304695129395,0.30065083503723145,0.7535293042659759,False,0.6864222634418499,False
candidate_001180,D1-D2,D1,D2,010,100,4202,2,10,570,571,581,0.3686457052745872,0.49936698246710554,1.1413272353174528,0.9109722042901004,1.944779634475708,2.2454304695129395,0.30065083503723145,0.7535293042659759,False,0.6771392188378138,False
candidate_001181,D1-D2,D1,D2,010,100,4212,12,5,936,937,942,0.27140768125834097,0.4828801581659705,0.8247475932125774,0.8000757674576986,1.8733159303665161,2.151050329208374,0.2777343988418579,0.7535293042659759,False,0.6759844285813402,False
candidate_001182,D0-D2,D0,D2,000,100,4209,9,5,374,375,380,0.4796516460310757,0.4828801581659705,0.8015912050460117,0.8000757674576986,2.3040237426757812,1.7992675304412842,0.5047562122344971,0.7535293042659759,False,0.6756422105700424,False
candidate_001183,D1-D2,D1,D2,010,100,4208,8,10,508,509,519,0.17910691324995162,0.49936698246710554,1.1703172783054954,0.9109722042901004,2.2485151290893555,2.1064178943634033,0.14209723472595215,0.7535293042659759,False,0.6754472622189541,False
candidate_001184,D0-D1,D0,D1,000,010,4212,12,3,1627,1628,1631,0.4592599924605381,0.47598741001451006,0.8694226282778175,0.7597972260789279,2.3023815155029297,1.8733159303665161,0.4290655851364136,0.7535293042659759,False,0.6752951369289506,False
candidate_001185,D0-D2,D0,D2,000,100,4206,6,3,139,140,143,0.420263704917672,0.47598741001451006,0.8868121846967312,0.7597972260789279,2.315232992172241,1.931213617324829,0.3840193748474121,0.7535293042659759,False,0.6736906481315088,False
candidate_001186,D0-D1,D0,D1,000,010,4206,6,10,1247,1248,1258,0.275898096030343,0.49936698246710554,0.9457019164886415,0.9109722042901004,2.315232992172241,2.0451583862304688,0.27007460594177246,0.7535293042659759,False,0.6734476913200624,False
candidate_001187,D0-D1,D0,D1,000,010,4218,18,10,33,34,44,0.4262941180303458,0.49936698246710554,0.9146315491677254,0.9109722042901004,2.283595561981201,1.8522467613220215,0.4313488006591797,0.7535293042659759,False,0.6732556146528189,False
candidate_001188,D0-D2,D0,D2,000,100,4206,6,5,498,499,504,0.3738370172750816,0.4828801581659705,0.8172928146819272,0.8000757674576986,2.315232992172241,1.931213617324829,0.3840193748474121,0.7535293042659759,False,0.6724447562635425,False
candidate_001189,D1-D2,D1,D2,010,100,4202,2,10,572,573,583,0.38611108379485487,0.49936698246710554,1.1853766978081226,0.9109722042901004,1.944779634475708,2.2454304695129395,0.30065083503723145,0.7535293042659759,False,0.6714614482901723,False
candidate_001190,D0-D2,D0,D2,000,100,4206,6,3,1151,1152,1155,0.45379271378777875,0.47598741001451006,0.9524817444277336,0.7597972260789279,2.315232992172241,1.931213617324829,0.3840193748474121,0.7535293042659759,False,0.6701158558000847,False
candidate_001191,D0-D1,D0,D1,000,010,4212,12,5,1678,1679,1684,0.45766234837424447,0.4828801581659705,0.8905036074434515,0.8000757674576986,2.3023815155029297,1.8733159303665161,0.4290655851364136,0.7535293042659759,False,0.6686860717051271,False
candidate_001192,D1-D2,D1,D2,010,100,4218,18,5,2356,2357,2362,0.3496874421965545,0.4828801581659705,0.8062986929211462,0.8000757674576986,1.8522467613220215,2.2126011848449707,0.3603544235229492,0.7535293042659759,False,0.6655089097199278,False
candidate_001193,D1-D2,D1,D2,010,100,4218,18,5,2357,2358,2363,0.35458038243423773,0.4828801581659705,0.8170561469457619,0.8000757674576986,1.8522467613220215,2.2126011848449707,0.3603544235229492,0.7535293042659759,False,0.66508193602832,False
candidate_001194,D0-D2,D0,D2,000,100,4206,6,5,137,138,143,0.37398360014416043,0.4828801581659705,0.8085671913831998,0.8000757674576986,2.315232992172241,1.931213617324829,0.3840193748474121,0.7535293042659759,False,0.6650048163717918,False
candidate_001195,D0-D2,D0,D2,000,100,4206,6,3,1150,1151,1154,0.4303010007907406,0.47598741001451006,0.8961549353789666,0.7597972260789279,2.315232992172241,1.931213617324829,0.3840193748474121,0.7535293042659759,False,0.6649079055915559,False
candidate_001196,D0-D2,D0,D2,000,100,4206,6,5,496,497,502,0.3794051227975225,0.4828801581659705,0.8156303441155063,0.8000757674576986,2.315232992172241,1.931213617324829,0.3840193748474121,0.7535293042659759,False,0.6612282768327817,False
candidate_001197,D1-D2,D1,D2,010,100,4212,12,10,49,50,60,0.3505471769298429,0.49936698246710554,1.1451454758455824,0.9109722042901004,1.8733159303665161,2.151050329208374,0.2777343988418579,0.7535293042659759,False,0.6600220003513887,False
candidate_001198,D1-D2,D1,D2,010,100,4218,18,10,2048,2049,2059,0.37221242685981093,0.49936698246710554,0.9349711265950562,0.9109722042901004,1.8522467613220215,2.2126011848449707,0.3603544235229492,0.7535293042659759,False,0.6584938754160181,False
candidate_001199,D0-D1,D0,D1,000,010,4218,18,10,35,36,46,0.4675207406396722,0.49936698246710554,0.9803212823899313,0.9109722042901004,2.283595561981201,1.8522467613220215,0.4313488006591797,0.7535293042659759,False,0.6579769734276664,False
candidate_001200,D0-D1,D0,D1,000,010,4212,12,10,307,308,318,0.48125084931381357,0.49936698246710554,1.0127293192229374,0.9109722042901004,2.3023815155029297,1.8733159303665161,0.4290655851364136,0.7535293042659759,False,0.6568407791784294,False
candidate_001201,D0-D2,D0,D2,000,100,4206,6,3,1136,1137,1140,0.4755857377172418,0.47598741001451006,0.9762191798903497,0.7597972260789279,2.315232992172241,1.931213617324829,0.3840193748474121,0.7535293042659759,False,0.6553439067178222,False
candidate_001202,D0-D1,D0,D1,000,010,4218,18,5,153,154,159,0.44260129890799793,0.4828801581659705,0.838650848730794,0.8000757674576986,2.283595561981201,1.8522467613220215,0.4313488006591797,0.7535293042659759,False,0.654644010414835,False
candidate_001203,D1-D2,D1,D2,010,100,4202,2,5,543,544,549,0.3229577520059001,0.4828801581659705,0.8771609404086066,0.8000757674576986,1.944779634475708,2.2454304695129395,0.30065083503723145,0.7535293042659759,False,0.6540396577632079,False
candidate_001204,D0-D2,D0,D2,000,100,4206,6,10,569,570,580,0.45310032517651566,0.49936698246710554,1.0585568239559193,0.9109722042901004,2.315232992172241,1.931213617324829,0.3840193748474121,0.7535293042659759,False,0.6526607417630236,False
candidate_001205,D1-D2,D1,D2,010,100,4218,18,5,2447,2448,2453,0.4046988849909332,0.4828801581659705,0.9134125043408912,0.8000757674576986,1.8522467613220215,2.2126011848449707,0.3603544235229492,0.7535293042659759,False,0.6514377167121116,False
candidate_001206,D0-D1,D0,D1,000,010,4218,18,10,34,35,45,0.451388436053766,0.49936698246710554,0.9369038721543,0.9109722042901004,2.283595561981201,1.8522467613220215,0.4313488006591797,0.7535293042659759,False,0.6513100078243449,False
candidate_001207,D1-D2,D1,D2,010,100,4208,8,10,505,506,516,0.15986835949567987,0.49936698246710554,1.0068537350243865,0.9109722042901004,2.2485151290893555,2.1064178943634033,0.14209723472595215,0.7535293042659759,False,0.6510345622617391,False
candidate_001208,D1-D2,D1,D2,010,100,4202,2,3,545,546,549,0.3809299841522779,0.47598741001451006,0.990446538398434,0.7597972260789279,1.944779634475708,2.2454304695129395,0.30065083503723145,0.7535293042659759,False,0.6498990615354917,False
candidate_001209,D0-D1,D0,D1,000,010,4218,18,10,174,175,185,0.4733119488781121,0.49936698246710554,0.9786187539601648,0.9109722042901004,2.283595561981201,1.8522467613220215,0.4313488006591797,0.7535293042659759,False,0.6487975663702861,False
candidate_001210,D0-D1,D0,D1,000,010,4218,18,10,36,37,47,0.48346152577343776,0.49936698246710554,0.9976330695433611,0.9109722042901004,2.283595561981201,1.8522467613220215,0.4313488006591797,0.7535293042659759,False,0.647518326831542,False
candidate_001211,D0-D2,D0,D2,000,100,4206,6,3,140,141,144,0.4096205301603786,0.47598741001451006,0.8305284651637236,0.7597972260789279,2.315232992172241,1.931213617324829,0.3840193748474121,0.7535293042659759,False,0.6473267564466141,False
candidate_001212,D1-D2,D1,D2,010,100,4208,8,5,507,508,513,0.16496019393399078,0.4828801581659705,0.9364008669180788,0.8000757674576986,2.2485151290893555,2.1064178943634033,0.14209723472595215,0.7535293042659759,False,0.6460652350869365,False
candidate_001213,D0-D1,D0,D1,000,010,4218,18,5,154,155,160,0.4503140048568327,0.4828801581659705,0.8415005987985087,0.8000757674576986,2.283595561981201,1.8522467613220215,0.4313488006591797,0.7535293042659759,False,0.6456180556043891,False
candidate_001214,D1-D2,D1,D2,010,100,4218,18,3,2046,2047,2050,0.41105583715562616,0.47598741001451006,0.8853898101664645,0.7597972260789279,1.8522467613220215,2.2126011848449707,0.3603544235229492,0.7535293042659759,False,0.6452992686400097,False
candidate_001215,D0-D1,D0,D1,000,010,4215,15,3,1089,1090,1093,0.25945650671769616,0.47598741001451006,0.7789034892413093,0.7597972260789279,2.30489182472229,2.0465471744537354,0.2583446502685547,0.7535293042659759,False,0.6447868491197722,False
candidate_001216,D1-D2,D1,D2,010,100,4212,12,3,47,48,51,0.3755695195509395,0.47598741001451006,1.0412950454316379,0.7597972260789279,1.8733159303665161,2.151050329208374,0.2777343988418579,0.7535293042659759,False,0.6401927501912411,False
candidate_001217,D0-D1,D0,D1,000,010,4218,18,3,154,155,158,0.4568602374502165,0.47598741001451006,0.81523882686727,0.7597972260789279,2.283595561981201,1.8522467613220215,0.4313488006591797,0.7535293042659759,False,0.6399229777054751,False
candidate_001218,D0-D2,D0,D2,000,100,4206,6,5,1150,1151,1156,0.42486275409369123,0.4828801581659705,0.8838921445440865,0.8000757674576986,2.315232992172241,1.931213617324829,0.3840193748474121,0.7535293042659759,False,0.6398996131572262,False
candidate_001219,D1-D2,D1,D2,010,100,4218,18,5,2046,2047,2052,0.38064659702232945,0.4828801581659705,0.8436085755760634,0.8000757674576986,1.8522467613220215,2.2126011848449707,0.3603544235229492,0.7535293042659759,False,0.639671481596331,False
candidate_001220,D1-D2,D1,D2,010,100,4212,12,10,938,939,949,0.32725706396535176,0.49936698246710554,1.0354522794777399,0.9109722042901004,1.8733159303665161,2.151050329208374,0.2777343988418579,0.7535293042659759,False,0.6392714116023973,False
candidate_001221,D1-D2,D1,D2,010,100,4218,18,10,2050,2051,2061,0.422446730679744,0.49936698246710554,1.0289136610712744,0.9109722042901004,1.8522467613220215,2.2126011848449707,0.3603544235229492,0.7535293042659759,False,0.6384860150631949,False
candidate_001222,D0-D2,D0,D2,000,100,4206,6,5,1151,1152,1157,0.4383856973028999,0.4828801581659705,0.9080802636623236,0.8000757674576986,2.315232992172241,1.931213617324829,0.3840193748474121,0.7535293042659759,False,0.637131524115484,False
candidate_001223,D0-D1,D0,D1,000,010,4212,12,5,877,878,883,0.4660998833250936,0.4828801581659705,0.8626039829926644,0.8000757674576986,2.3023815155029297,1.8733159303665161,0.4290655851364136,0.7535293042659759,False,0.636010438760781,False
candidate_001224,D0-D1,D0,D1,000,010,4218,18,5,155,156,161,0.4692289634961483,0.4828801581659705,0.8615473014996068,0.8000757674576986,2.283595561981201,1.8522467613220215,0.4313488006591797,0.7535293042659759,False,0.6343530131432564,False
candidate_001225,D1-D2,D1,D2,010,100,4202,2,10,569,570,580,0.3745042176583242,0.49936698246710554,1.0861088034723212,0.9109722042901004,1.944779634475708,2.2454304695129395,0.30065083503723145,0.7535293042659759,False,0.6342983575426833,False
candidate_001226,D1-D2,D1,D2,010,100,4218,18,3,2045,2046,2049,0.38880298451653,0.47598741001451006,0.8220912730887592,0.7597972260789279,1.8522467613220215,2.2126011848449707,0.3603544235229492,0.7535293042659759,False,0.6334581399207119,False
candidate_001227,D1-D2,D1,D2,010,100,4218,18,5,1507,1508,1513,0.41203794699868057,0.4828801581659705,0.903851828289662,0.8000757674576986,1.8522467613220215,2.2126011848449707,0.3603544235229492,0.7535293042659759,False,0.6331374182831407,False
candidate_001228,D1-D2,D1,D2,010,100,4208,8,5,506,507,512,0.16092556074560402,0.4828801581659705,0.8938707656984494,0.8000757674576986,2.2485151290893555,2.1064178943634033,0.14209723472595215,0.7535293042659759,False,0.6321838926321517,False
candidate_001229,D1-D2,D1,D2,010,100,4218,18,10,2049,2050,2060,0.39697075465325676,0.49936698246710554,0.9548191602051912,0.9109722042901004,1.8522467613220215,2.2126011848449707,0.3603544235229492,0.7535293042659759,False,0.6305318394095563,False
candidate_001230,D0-D1,D0,D1,000,010,4212,12,5,876,877,882,0.4626872040888733,0.4828801581659705,0.8485929324420873,0.8000757674576986,2.3023815155029297,1.8733159303665161,0.4290655851364136,0.7535293042659759,False,0.6302947652834976,False
candidate_001231,D0-D1,D0,D1,000,010,4218,18,3,159,160,163,0.46705046431172276,0.47598741001451006,0.8200758572367495,0.7597972260789279,2.283595561981201,1.8522467613220215,0.4313488006591797,0.7535293042659759,False,0.6296749681520059,False
candidate_001232,D0-D1,D0,D1,000,010,4218,18,10,173,174,184,0.4685443774454873,0.49936698246710554,0.9398973508126182,0.9109722042901004,2.283595561981201,1.8522467613220215,0.4313488006591797,0.7535293042659759,False,0.6294668177387144,False
candidate_001233,D1-D2,D1,D2,010,100,4212,12,10,937,938,948,0.3284723367843014,0.49936698246710554,1.0232980364591637,0.9109722042901004,1.8733159303665161,2.151050329208374,0.2777343988418579,0.7535293042659759,False,0.6294301833398945,False
candidate_001234,D0-D2,D0,D2,000,100,4206,6,5,140,141,146,0.4025857356962063,0.4828801581659705,0.8230707227215875,0.8000757674576986,2.315232992172241,1.931213617324829,0.3840193748474121,0.7535293042659759,False,0.6288397757896576,False
candidate_001235,D0-D2,D0,D2,000,100,4206,6,5,1149,1150,1155,0.4216291211674116,0.4828801581659705,0.8599337041469509,0.8000757674576986,2.315232992172241,1.931213617324829,0.3840193748474121,0.7535293042659759,False,0.627329347805722,False
candidate_001236,D1-D2,D1,D2,010,100,4202,2,3,571,572,575,0.398875194776486,0.47598741001451006,0.9996964447497624,0.7597972260789279,1.944779634475708,2.2454304695129395,0.30065083503723145,0.7535293042659759,False,0.6264568297309419,False
candidate_001237,D0-D1,D0,D1,000,010,4215,15,3,964,965,968,0.263138202083075,0.47598741001451006,0.7671031063026612,0.7597972260789279,2.30489182472229,2.0465471744537354,0.2583446502685547,0.7535293042659759,False,0.6261334801637338,False
candidate_001238,D1-D2,D1,D2,010,100,4218,18,5,2358,2359,2364,0.3772026424503115,0.4828801581659705,0.8142264244969476,0.8000757674576986,1.8522467613220215,2.2126011848449707,0.3603544235229492,0.7535293042659759,False,0.6230292277902026,False
candidate_001239,D0-D1,D0,D1,000,010,4212,12,10,306,307,317,0.4722480712962004,0.49936698246710554,0.9423500325152,0.9109722042901004,2.3023815155029297,1.8733159303665161,0.4290655851364136,0.7535293042659759,False,0.6228454414784819,False
candidate_001240,D0-D1,D0,D1,000,010,4212,12,5,31,32,37,0.45028894941737857,0.4828801581659705,0.8141431610338054,0.8000757674576986,2.3023815155029297,1.8733159303665161,0.4290655851364136,0.7535293042659759,False,0.62135710521153,False
candidate_001241,D1-D2,D1,D2,010,100,4202,2,5,572,573,578,0.4203641339576792,0.4828801581659705,1.0841473464330778,0.8000757674576986,1.944779634475708,2.2454304695129395,0.30065083503723145,0.7535293042659759,False,0.6210594414540898,False
candidate_001242,D0-D2,D0,D2,000,100,4206,6,3,498,499,502,0.4057636565020802,0.47598741001451006,0.7884585501899216,0.7597972260789279,2.315232992172241,1.931213617324829,0.3840193748474121,0.7535293042659759,False,0.6203781216270016,False
candidate_001243,D0-D1,D0,D1,000,010,4212,12,3,1625,1626,1629,0.4525765778506029,0.47598741001451006,0.7868818809245081,0.7597972260789279,2.3023815155029297,1.8733159303665161,0.4290655851364136,0.7535293042659759,False,0.6202100055655182,False
candidate_001244,D0-D1,D0,D1,000,010,4218,18,10,175,176,186,0.488918630084811,0.49936698246710554,0.9659810790155723,0.9109722042901004,2.283595561981201,1.8522467613220215,0.4313488006591797,0.7535293042659759,False,0.6199764315311085,False
candidate_001245,D0-D2,D0,D2,000,100,4206,6,3,1149,1150,1153,0.419457132376631,0.47598741001451006,0.808822040483972,0.7597972260789279,2.315232992172241,1.931213617324829,0.3840193748474121,0.7535293042659759,False,0.6156248552585878,False
candidate_001246,D1-D2,D1,D2,010,100,4202,2,3,543,544,547,0.3280860989066601,0.47598741001451006,0.8078700737918125,0.7597972260789279,1.944779634475708,2.2454304695129395,0.30065083503723145,0.7535293042659759,False,0.6154796825395857,False
candidate_001247,D1-D2,D1,D2,010,100,4205,5,3,42,43,46,0.3965053763532299,0.47598741001451006,1.010575756221075,0.7597972260789279,1.9300700426101685,2.2202963829040527,0.2902263402938843,0.7535293042659759,False,0.6149704329529013,False
candidate_001248,D0-D1,D0,D1,000,010,4212,12,5,1627,1628,1633,0.46927353199458016,0.4828801581659705,0.8382994621406734,0.8000757674576986,2.3023815155029297,1.8733159303665161,0.4290655851364136,0.7535293042659759,False,0.613910281115236,False
candidate_001249,D1-D2,D1,D2,010,100,4218,18,10,2051,2052,2062,0.44750529340902656,0.49936698246710554,1.0460157284941054,0.9109722042901004,1.8522467613220215,2.2126011848449707,0.3603544235229492,0.7535293042659759,False,0.6127515905875951,False
candidate_001250,D1-D2,D1,D2,010,100,4202,2,5,542,543,548,0.31987418050131244,0.4828801581659705,0.8126637290461195,0.8000757674576986,1.944779634475708,2.2454304695129395,0.30065083503723145,0.7535293042659759,False,0.6117897577377173,False
candidate_001251,D1-D2,D1,D2,010,100,4202,2,5,544,545,550,0.3402900543134243,0.4828801581659705,0.8640495092360949,0.8000757674576986,1.944779634475708,2.2454304695129395,0.30065083503723145,0.7535293042659759,False,0.6114484991279334,False
candidate_001252,D1-D2,D1,D2,010,100,4218,18,5,40,41,46,0.47025567900374443,0.4828801581659705,0.9954437971558545,0.8000757674576986,1.8522467613220215,2.2126011848449707,0.3603544235229492,0.7535293042659759,False,0.6109710756518468,False
candidate_001253,D0-D2,D0,D2,000,100,4206,6,10,570,571,581,0.4899570660744402,0.49936698246710554,1.070481491648129,0.9109722042901004,2.315232992172241,1.931213617324829,0.3840193748474121,0.7535293042659759,False,0.6103638803916955,False
candidate_001254,D1-D2,D1,D2,010,100,4212,12,3,938,939,942,0.3299550950876854,0.47598741001451006,0.8721120967714838,0.7597972260789279,1.8733159303665161,2.151050329208374,0.2777343988418579,0.7535293042659759,False,0.6103019530464118,False
candidate_001255,D1-D2,D1,D2,010,100,4212,12,5,48,49,54,0.3794546844430055,0.4828801581659705,1.0401556496475972,0.8000757674576986,1.8733159303665161,2.151050329208374,0.2777343988418579,0.7535293042659759,False,0.6097842228285137,False
candidate_001256,D0-D1,D0,D1,000,010,4218,18,10,172,173,183,0.4801939574272125,0.49936698246710554,0.9305995341735528,0.9109722042901004,2.283595561981201,1.8522467613220215,0.4313488006591797,0.7535293042659759,False,0.6081199995349709,False
candidate_001257,D0-D1,D0,D1,000,010,4206,6,5,1253,1254,1259,0.4220565732723319,0.4828801581659705,1.1856623095829237,0.8000757674576986,2.315232992172241,2.0451583862304688,0.27007460594177246,0.7535293042659759,False,0.6076901461996913,False
candidate_001258,D0-D2,D0,D2,000,100,4206,6,3,141,142,145,0.4023372324275302,0.47598741001451006,0.7656348357297199,0.7597972260789279,2.315232992172241,1.931213617324829,0.3840193748474121,0.7535293042659759,False,0.6075502626283109,False
candidate_001259,D1-D2,D1,D2,010,100,4218,18,5,2047,2048,2053,0.40279268230450727,0.4828801581659705,0.8466715055531248,0.8000757674576986,1.8522467613220215,2.2126011848449707,0.3603544235229492,0.7535293042659759,False,0.606696272654901,False
candidate_001260,D1-D2,D1,D2,010,100,4212,12,10,939,940,950,0.35993229876994115,0.49936698246710554,1.0771908880790686,0.9109722042901004,1.8733159303665161,2.151050329208374,0.2777343988418579,0.7535293042659759,False,0.604666732479501,False
candidate_001261,D1-D2,D1,D2,010,100,4202,2,5,545,546,551,0.3558373153876212,0.4828801581659705,0.8932681687728725,0.8000757674576986,1.944779634475708,2.2454304695129395,0.30065083503723145,0.7535293042659759,False,0.6045063689919296,False
candidate_001262,D1-D2,D1,D2,010,100,4208,8,5,508,509,514,0.20319618278906423,0.4828801581659705,1.078027584658406,0.8000757674576986,2.2485151290893555,2.1064178943634033,0.14209723472595215,0.7535293042659759,False,0.6038207764216096,False
candidate_001263,D1-D2,D1,D2,010,100,4202,2,10,573,574,584,0.4392755311723811,0.49936698246710554,1.21212161199028,0.9109722042901004,1.944779634475708,2.2454304695129395,0.30065083503723145,0.7535293042659759,False,0.6035123311622921,False
candidate_001264,D0-D1,D0,D1,000,010,4206,6,3,737,738,741,0.28864744060441344,0.47598741001451006,0.7743759176687522,0.7597972260789279,2.315232992172241,2.0451583862304688,0.27007460594177246,0.7535293042659759,False,0.6023729953956755,False
candidate_001265,D0-D2,D0,D2,000,100,4212,12,3,28,29,32,0.1846273421798062,0.47598741001451006,0.8838416318816348,0.7597972260789279,2.3023815155029297,2.151050329208374,0.15133118629455566,0.7535293042659759,False,0.6022883860862819,False
candidate_001266,D1-D2,D1,D2,010,100,4218,18,10,2052,2053,2063,0.47274929880993827,0.49936698246710554,1.0853492725554283,0.9109722042901004,1.8522467613220215,2.2126011848449707,0.3603544235229492,0.7535293042659759,False,0.6018427529366659,False
candidate_001267,D1-D2,D1,D2,010,100,4202,2,3,544,545,548,0.36642922314659104,0.47598741001451006,0.8819601890702657,0.7597972260789279,1.944779634475708,2.2454304695129395,0.30065083503723145,0.7535293042659759,False,0.6016153520050418,False
candidate_001268,D1-D2,D1,D2,010,100,4218,18,5,2048,2049,2054,0.4340897805978016,0.4828801581659705,0.9012368263090803,0.8000757674576986,1.8522467613220215,2.2126011848449707,0.3603544235229492,0.7535293042659759,False,0.599235208268733,False
candidate_001269,D0-D1,D0,D1,000,010,4215,15,10,1091,1092,1102,0.2885181408371645,0.49936698246710554,0.9192606495932377,0.9109722042901004,2.30489182472229,2.0465471744537354,0.2583446502685547,0.7535293042659759,False,0.5987969356666641,False
candidate_001270,D1-D2,D1,D2,010,100,4202,2,5,567,568,573,0.34850757945916355,0.4828801581659705,0.8657710698622343,0.8000757674576986,1.944779634475708,2.2454304695129395,0.30065083503723145,0.7535293042659759,False,0.5982205853079815,False
candidate_001271,D0-D1,D0,D1,000,010,4212,12,3,877,878,881,0.47304798372900353,0.47598741001451006,0.793151262501501,0.7597972260789279,2.3023815155029297,1.8733159303665161,0.4290655851364136,0.7535293042659759,False,0.5980976849362262,False
candidate_001272,D1-D2,D1,D2,010,100,4218,18,5,39,40,45,0.4530263003374235,0.4828801581659705,0.938610614849303,0.8000757674576986,1.8522467613220215,2.2126011848449707,0.3603544235229492,0.7535293042659759,False,0.597998370450843,False
candidate_001273,D0-D2,D0,D2,000,100,4212,12,5,27,28,33,0.16596421618597249,0.4828801581659705,0.8181134223454706,0.8000757674576986,2.3023815155029297,2.151050329208374,0.15133118629455566,0.7535293042659759,False,0.597496812080375,False
candidate_001274,D0-D2,D0,D2,000,100,4206,6,3,138,139,142,0.4099824954858368,0.47598741001451006,0.7656653166225048,0.7597972260789279,2.315232992172241,1.931213617324829,0.3840193748474121,0.7535293042659759,False,0.596244535773476,False
candidate_001275,D1-D2,D1,D2,010,100,4218,18,10,2448,2449,2459,0.42979092834121585,0.49936698246710554,0.9772097965216537,0.9109722042901004,1.8522467613220215,2.2126011848449707,0.3603544235229492,0.7535293042659759,False,0.5960394108946694,False
candidate_001276,D0-D2,D0,D2,000,100,4212,12,3,27,28,31,0.1634571076201235,0.47598741001451006,0.7718644295226945,0.7597972260789279,2.3023815155029297,2.151050329208374,0.15133118629455566,0.7535293042659759,False,0.5941050853107867,False
candidate_001277,D0-D2,D0,D2,000,100,4206,6,5,1152,1153,1158,0.46295607053928345,0.4828801581659705,0.8879123217771875,0.8000757674576986,2.315232992172241,1.931213617324829,0.3840193748474121,0.7535293042659759,False,0.5899178440998935,False
candidate_001278,D0-D1,D0,D1,000,010,4218,18,5,152,153,158,0.46997499930081493,0.4828801581659705,0.801843603226817,0.8000757674576986,2.283595561981201,1.8522467613220215,0.4313488006591797,0.7535293042659759,False,0.5894562882074107,False
candidate_001279,D1-D2,D1,D2,010,100,4218,18,3,2358,2359,2362,0.42085937216769365,0.47598741001451006,0.827551496865717,0.7597972260789279,1.8522467613220215,2.2126011848449707,0.3603544235229492,0.7535293042659759,False,0.5890952199432372,False
candidate_001280,D1-D2,D1,D2,010,100,4218,18,3,2447,2448,2451,0.4740411919617997,0.47598741001451006,0.9304082929425833,0.7597972260789279,1.8522467613220215,2.2126011848449707,0.3603544235229492,0.7535293042659759,False,0.588010341809755,False
candidate_001281,D1-D2,D1,D2,010,100,4212,12,5,939,940,945,0.390042242137722,0.4828801581659705,1.0279727649613275,0.8000757674576986,1.8733159303665161,2.151050329208374,0.2777343988418579,0.7535293042659759,False,0.5862835841925889,False
candidate_001282,D0-D2,D0,D2,000,100,4212,12,10,753,754,764,0.20111488045007855,0.49936698246710554,1.0708532232759274,0.9109722042901004,2.3023815155029297,2.151050329208374,0.15133118629455566,0.7535293042659759,False,0.5861769424543678,False
candidate_001283,D1-D2,D1,D2,010,100,4202,2,10,568,569,579,0.3871377466921306,0.49936698246710554,1.0333718560651126,0.9109722042901004,1.944779634475708,2.2454304695129395,0.30065083503723145,0.7535293042659759,False,0.583805359219416,False
candidate_001284,D1-D2,D1,D2,010,100,4218,18,3,2047,2048,2051,0.41874332113843266,0.47598741001451006,0.815060420680366,0.7597972260789279,1.8522467613220215,2.2126011848449707,0.3603544235229492,0.7535293042659759,False,0.5831353700244738,False
candidate_001285,D0-D2,D0,D2,000,100,4212,12,10,752,753,763,0.19513503113129896,0.49936698246710554,1.0276949863194504,0.9109722042901004,2.3023815155029297,2.151050329208374,0.15133118629455566,0.7535293042659759,False,0.5797916866536814,False
candidate_001286,D0-D1,D0,D1,000,010,4215,15,3,965,966,969,0.3124732858137616,0.47598741001451006,0.8427582299463636,0.7597972260789279,2.30489182472229,2.0465471744537354,0.2583446502685547,0.7535293042659759,False,0.5792782151895925,False
candidate_001287,D0-D1,D0,D1,000,010,4212,12,5,1626,1627,1632,0.47991633459258626,0.4828801581659705,0.8071135957991917,0.8000757674576986,2.3023815155029297,1.8733159303665161,0.4290655851364136,0.7535293042659759,False,0.5779641620848478,False
candidate_001288,D1-D2,D1,D2,010,100,4218,18,3,2483,2484,2487,0.4339845797668955,0.47598741001451006,0.8343399281707912,0.7597972260789279,1.8522467613220215,2.2126011848449707,0.3603544235229492,0.7535293042659759,False,0.5759651447329036,False
candidate_001289,D1-D2,D1,D2,010,100,4218,18,3,1356,1357,1360,0.45595288630926983,0.47598741001451006,0.876039424389622,0.7597972260789279,1.8522467613220215,2.2126011848449707,0.3603544235229492,0.7535293042659759,False,0.5756137440050411,False
candidate_001290,D1-D2,D1,D2,010,100,4212,12,3,48,49,52,0.41947329976811953,0.47598741001451006,1.0419239322551104,0.7597972260789279,1.8733159303665161,2.151050329208374,0.2777343988418579,0.7535293042659759,False,0.5735337501379785,False
candidate_001291,D1-D2,D1,D2,010,100,4218,18,3,1357,1358,1361,0.4577339722826995,0.47598741001451006,0.8741017626706077,0.7597972260789279,1.8522467613220215,2.2126011848449707,0.3603544235229492,0.7535293042659759,False,0.5721057634937512,False
candidate_001292,D1-D2,D1,D2,010,100,4218,18,3,2482,2483,2486,0.45718550952942644,0.47598741001451006,0.8701411838541726,0.7597972260789279,1.8522467613220215,2.2126011848449707,0.3603544235229492,0.7535293042659759,False,0.5701967538576989,False
candidate_001293,D1-D2,D1,D2,010,100,4212,12,10,50,51,61,0.40322486865805474,0.49936698246710554,1.1369019132205318,0.9109722042901004,1.8733159303665161,2.151050329208374,0.2777343988418579,0.7535293042659759,False,0.569665492063622,False
candidate_001294,D1-D2,D1,D2,010,100,4208,8,10,509,510,520,0.2213915117410115,0.49936698246710554,1.214329525092915,0.9109722042901004,2.2485151290893555,2.1064178943634033,0.14209723472595215,0.7535293042659759,False,0.566990479780123,False
candidate_001295,D0-D2,D0,D2,000,100,4223,23,3,147,148,151,0.166916275468139,0.47598741001451006,1.0258796512451267,0.7597972260789279,2.3154003620147705,2.204577684402466,0.11082267761230469,0.7535293042659759,False,0.5662705615250908,False
candidate_001296,D1-D2,D1,D2,010,100,4205,5,3,43,44,47,0.39751356591148257,0.47598741001451006,0.9311574590979219,0.7597972260789279,1.9300700426101685,2.2202963829040527,0.2902263402938843,0.7535293042659759,False,0.5652045030552204,False
candidate_001297,D1-D2,D1,D2,010,100,4218,18,5,1357,1358,1363,0.46709683129463014,0.4828801581659705,0.9141585397161268,0.8000757674576986,1.8522467613220215,2.2126011848449707,0.3603544235229492,0.7535293042659759,False,0.5648752600417004,False
candidate_001298,D0-D2,D0,D2,000,100,4206,6,10,146,147,157,0.4964518732037283,0.49936698246710554,1.0007915802026828,0.9109722042901004,2.315232992172241,1.931213617324829,0.3840193748474121,0.7535293042659759,False,0.5631630821329262,False
candidate_001299,D1-D2,D1,D2,010,100,4218,18,3,2359,2360,2363,0.4452944304392401,0.47598741001451006,0.8360361728740441,0.7597972260789279,1.8522467613220215,2.2126011848449707,0.3603544235229492,0.7535293042659759,False,0.5624776604287481,False
candidate_001300,D0-D2,D0,D2,000,100,4212,12,10,754,755,765,0.2082540710675425,0.49936698246710554,1.0638286935926529,0.9109722042901004,2.3023815155029297,2.151050329208374,0.15133118629455566,0.7535293042659759,False,0.5623687610380249,False
candidate_001301,D1-D2,D1,D2,010,100,4208,8,3,507,508,511,0.1669906562558142,0.47598741001451006,0.7935247903834811,0.7597972260789279,2.2485151290893555,2.1064178943634033,0.14209723472595215,0.7535293042659759,False,0.5613730630964933,False
candidate_001302,D0-D2,D0,D2,000,100,4206,6,10,145,146,156,0.47323914985276,0.49936698246710554,0.9476455741110698,0.9109722042901004,2.315232992172241,1.931213617324829,0.3840193748474121,0.7535293042659759,False,0.5594135235412895,False
candidate_001303,D1-D2,D1,D2,010,100,4212,12,5,49,50,55,0.44312858196012456,0.4828801581659705,1.1134393957783137,0.8000757674576986,1.8733159303665161,2.151050329208374,0.2777343988418579,0.7535293042659759,False,0.5589520975427735,False
candidate_001304,D1-D2,D1,D2,010,100,4212,12,3,28,29,32,0.3191886218870657,0.47598741001451006,0.7723295234189782,0.7597972260789279,1.8733159303665161,2.151050329208374,0.2777343988418579,0.7535293042659759,False,0.558704955399157,False
candidate_001305,D0-D1,D0,D1,000,010,4215,15,10,1092,1093,1103,0.3325527058816873,0.49936698246710554,0.9886142589252833,0.9109722042901004,2.30489182472229,2.0465471744537354,0.2583446502685547,0.7535293042659759,False,0.5587022347407983,False
candidate_001306,D1-D2,D1,D2,010,100,4218,18,5,2049,2050,2055,0.45859886011176204,0.4828801581659705,0.882644018594452,0.8000757674576986,1.8522467613220215,2.2126011848449707,0.3603544235229492,0.7535293042659759,False,0.5555083180099056,False
candidate_001307,D0-D2,D0,D2,000,100,4212,12,5,28,29,34,0.17755295095049836,0.4828801581659705,0.8119243779535329,0.8000757674576986,2.3023815155029297,2.151050329208374,0.15133118629455566,0.7535293042659759,False,0.5542736338943471,False
candidate_001308,D0-D2,D0,D2,000,100,4212,12,5,754,755,760,0.22464741066345958,0.4828801581659705,1.0270832949930668,0.8000757674576986,2.3023815155029297,2.151050329208374,0.15133118629455566,0.7535293042659759,False,0.5541671553280597,False
candidate_001309,D1-D2,D1,D2,010,100,4212,12,10,936,937,947,0.3541659099824305,0.49936698246710554,0.9711760342095714,0.9109722042901004,1.8733159303665161,2.151050329208374,0.2777343988418579,0.7535293042659759,False,0.5540327339496749,False
candidate_001310,D1-D2,D1,D2,010,100,4202,2,5,546,547,552,0.37471586747364216,0.4828801581659705,0.860078141063417,0.8000757674576986,1.944779634475708,2.2454304695129395,0.30065083503723145,0.7535293042659759,False,0.5527214740772629,False
candidate_001311,D1-D2,D1,D2,010,100,4218,18,3,2360,2361,2364,0.4591435524884235,0.47598741001451006,0.8464254925014864,0.7597972260789279,1.8522467613220215,2.2126011848449707,0.3603544235229492,0.7535293042659759,False,0.5522906844200736,False
candidate_001312,D1-D2,D1,D2,010,100,4202,2,3,546,547,550,0.3931631025041254,0.47598741001451006,0.8659341467194224,0.7597972260789279,1.944779634475708,2.2454304695129395,0.30065083503723145,0.7535293042659759,False,0.5505187843513154,False
candidate_001313,D0-D2,D0,D2,000,100,4212,12,10,751,752,762,0.1943247956801334,0.49936698246710554,0.9693394202810406,0.9109722042901004,2.3023815155029297,2.151050329208374,0.15133118629455566,0.7535293042659759,False,0.5491495638862717,False
candidate_001314,D1-D2,D1,D2,010,100,4218,18,3,37,38,41,0.4205004415571427,0.47598741001451006,0.7703774988579505,0.7597972260789279,1.8522467613220215,2.2126011848449707,0.3603544235229492,0.7535293042659759,False,0.5488638232465514,False
candidate_001315,D1-D2,D1,D2,010,100,4212,12,3,29,30,33,0.3325413255318337,0.47598741001451006,0.7862314382694373,0.7597972260789279,1.8733159303665161,2.151050329208374,0.2777343988418579,0.7535293042659759,False,0.5459238529355538,False
candidate_001316,D0-D2,D0,D2,000,100,4212,12,5,753,754,759,0.21629587494865815,0.4828801581659705,0.9738856211954011,0.8000757674576986,2.3023815155029297,2.151050329208374,0.15133118629455566,0.7535293042659759,False,0.5457531493660279,False
candidate_001317,D1-D2,D1,D2,010,100,4218,18,5,38,39,44,0.4529090250660905,0.4828801581659705,0.8542425570459826,0.8000757674576986,1.8522467613220215,2.2126011848449707,0.3603544235229492,0.7535293042659759,False,0.5443875486448629,False
candidate_001318,D1-D2,D1,D2,010,100,4218,18,5,1358,1359,1364,0.4795005499344619,0.4828801581659705,0.9042464440457837,0.8000757674576986,1.8522467613220215,2.2126011848449707,0.3603544235229492,0.7535293042659759,False,0.5442966416973972,False
candidate_001319,D1-D2,D1,D2,010,100,4218,18,5,1356,1357,1362,0.46952339190860104,0.4828801581659705,0.8827323766811918,0.8000757674576986,1.8522467613220215,2.2126011848449707,0.3603544235229492,0.7535293042659759,False,0.542637466845809,False
candidate_001320,D1-D2,D1,D2,010,100,4218,18,3,1355,1356,1359,0.46639225862974754,0.47598741001451006,0.8431767798284723,0.7597972260789279,1.8522467613220215,2.2126011848449707,0.3603544235229492,0.7535293042659759,False,0.5416201062261944,False
candidate_001321,D0-D1,D0,D1,000,010,4206,6,10,1254,1255,1265,0.4690935671902757,0.49936698246710554,1.281831979680896,0.9109722042901004,2.315232992172241,2.0451583862304688,0.27007460594177246,0.7535293042659759,False,0.5368709780264602,False
candidate_001322,D1-D2,D1,D2,010,100,4212,12,3,46,47,50,0.33271289531235376,0.47598741001451006,0.772765824895571,0.7597972260789279,1.8733159303665161,2.151050329208374,0.2777343988418579,0.7535293042659759,False,0.5362972402290047,False
candidate_001323,D1-D2,D1,D2,010,100,4218,18,10,37,38,48,0.45337405737075903,0.49936698246710554,0.9265418208247819,0.9109722042901004,1.8522467613220215,2.2126011848449707,0.3603544235229492,0.7535293042659759,False,0.5357383924575033,False
candidate_001324,D1-D2,D1,D2,010,100,4202,2,10,567,568,578,0.4005540853920582,0.49936698246710554,0.981054283459453,0.9109722042901004,1.944779634475708,2.2454304695129395,0.30065083503723145,0.7535293042659759,False,0.5356842020663789,False
candidate_001325,D1-D2,D1,D2,010,100,4208,8,3,508,509,512,0.22813543683523135,0.47598741001451006,1.0313312128752774,0.7597972260789279,2.2485151290893555,2.1064178943634033,0.14209723472595215,0.7535293042659759,False,0.5340582806151378,False
candidate_001326,D0-D1,D0,D1,000,010,4206,6,5,1200,1201,1206,0.36886132061193583,0.4828801581659705,0.9094562540888517,0.8000757674576986,2.315232992172241,2.0451583862304688,0.27007460594177246,0.7535293042659759,False,0.5333478457678589,False
candidate_001327,D0-D1,D0,D1,000,010,4215,15,10,1093,1094,1104,0.3728474211754948,0.49936698246710554,1.0550865451405451,0.9109722042901004,2.30489182472229,2.0465471744537354,0.2583446502685547,0.7535293042659759,False,0.5318277145719169,False
candidate_001328,D0-D1,D0,D1,000,010,4202,2,3,25,26,29,0.45365371490602907,0.47598741001451006,0.7871097522464572,0.7597972260789279,2.312088966369629,1.944779634475708,0.3673093318939209,0.7535293042659759,False,0.5298347021426943,False
candidate_001329,D1-D2,D1,D2,010,100,4218,18,3,39,40,43,0.47245226043938443,0.47598741001451006,0.8345621342772781,0.7597972260789279,1.8522467613220215,2.2126011848449707,0.3603544235229492,0.7535293042659759,False,0.5292102144177778,False
candidate_001330,D0-D1,D0,D1,000,010,4206,6,3,739,740,743,0.3524937648835986,0.47598741001451006,0.8293093541516237,0.7597972260789279,2.315232992172241,2.0451583862304688,0.27007460594177246,0.7535293042659759,False,0.5282584969868209,False
candidate_001331,D0-D2,D0,D2,000,100,4223,23,3,146,147,150,0.16072760101329975,0.47598741001451006,0.9212622051003497,0.7597972260789279,2.3154003620147705,2.204577684402466,0.11082267761230469,0.7535293042659759,False,0.528103501012147,False
candidate_001332,D1-D2,D1,D2,010,100,4218,18,3,2048,2049,2052,0.45058329441503664,0.47598741001451006,0.7929736587568987,0.7597972260789279,1.8522467613220215,2.2126011848449707,0.3603544235229492,0.7535293042659759,False,0.5272433954302121,False
candidate_001333,D0-D2,D0,D2,000,100,4206,6,5,514,515,520,0.48091063717098836,0.4828801581659705,0.8231461722889944,0.8000757674576986,2.315232992172241,1.931213617324829,0.3840193748474121,0.7535293042659759,False,0.5264702236708334,False
candidate_001334,D0-D1,D0,D1,000,010,4215,15,5,966,967,972,0.33114634307262675,0.4828801581659705,0.8408002014332607,0.8000757674576986,2.30489182472229,2.0465471744537354,0.2583446502685547,0.7535293042659759,False,0.5253883198442563,False
candidate_001335,D1-D2,D1,D2,010,100,4218,18,10,42,43,53,0.48585989407558666,0.49936698246710554,0.9696372067522375,0.9109722042901004,1.8522467613220215,2.2126011848449707,0.3603544235229492,0.7535293042659759,False,0.5231697560397021,False
candidate_001336,D1-D2,D1,D2,010,100,4205,5,3,41,42,45,0.43456493361927917,0.47598741001451006,0.9390884132231597,0.7597972260789279,1.9300700426101685,2.2202963829040527,0.2902263402938843,0.7535293042659759,False,0.5214182699905944,False
candidate_001337,D0-D1,D0,D1,000,010,4206,6,5,741,742,747,0.35668210574060993,0.4828801581659705,0.8545336367628902,0.8000757674576986,2.315232992172241,2.0451583862304688,0.27007460594177246,0.7535293042659759,False,0.5182504510411658,False
candidate_001338,D0-D2,D0,D2,000,100,4223,23,5,147,148,153,0.17510361851033782,0.4828801581659705,1.0183453931799324,0.8000757674576986,2.3154003620147705,2.204577684402466,0.11082267761230469,0.7535293042659759,False,0.5162222488194714,False
candidate_001339,D0-D1,D0,D1,000,010,4206,6,5,1199,1200,1205,0.3583560933049902,0.4828801581659705,0.8539272649625248,0.8000757674576986,2.315232992172241,2.0451583862304688,0.27007460594177246,0.7535293042659759,False,0.5154635200549327,False
candidate_001340,D1-D2,D1,D2,010,100,4218,18,5,1506,1507,1512,0.4653556601846173,0.4828801581659705,0.8301470370078557,0.8000757674576986,1.8522467613220215,2.2126011848449707,0.3603544235229492,0.7535293042659759,False,0.5148823163623093,False
candidate_001341,D1-D2,D1,D2,010,100,4218,18,10,43,44,54,0.48843917720688934,0.49936698246710554,0.9556778829876813,0.9109722042901004,1.8522467613220215,2.2126011848449707,0.3603544235229492,0.7535293042659759,False,0.5129150632571007,False
candidate_001342,D0-D2,D0,D2,000,100,4212,12,3,752,753,756,0.2025555816140312,0.47598741001451006,0.8252490730459926,0.7597972260789279,2.3023815155029297,2.151050329208374,0.15133118629455566,0.7535293042659759,False,0.5125861674774529,False
candidate_001343,D0-D2,D0,D2,000,100,4212,12,10,755,756,766,0.22788767753503927,0.49936698246710554,1.059151722392296,0.9109722042901004,2.3023815155029297,2.151050329208374,0.15133118629455566,0.7535293042659759,False,0.5116586522752518,False
candidate_001344,D1-D2,D1,D2,010,100,4205,5,5,42,43,48,0.43694961529156,0.4828801581659705,0.9608637121980309,0.8000757674576986,1.9300700426101685,2.2202963829040527,0.2902263402938843,0.7535293042659759,False,0.5111817654362757,False
candidate_001345,D0-D2,D0,D2,000,100,4212,12,3,753,754,757,0.22474301613811226,0.47598741001451006,0.9109175981975848,0.7597972260789279,2.3023815155029297,2.151050329208374,0.15133118629455566,0.7535293042659759,False,0.509939835535525,False
candidate_001346,D0-D1,D0,D1,000,010,4206,6,3,1199,1200,1203,0.3435236524219546,0.47598741001451006,0.7791860190247406,0.7597972260789279,2.315232992172241,2.0451583862304688,0.27007460594177246,0.7535293042659759,False,0.5092908497507992,False
candidate_001347,D1-D2,D1,D2,010,100,4218,18,10,39,40,50,0.48189731941451897,0.49936698246710554,0.9354638777466517,0.9109722042901004,1.8522467613220215,2.2126011848449707,0.3603544235229492,0.7535293042659759,False,0.5088818025204862,False
candidate_001348,D1-D2,D1,D2,010,100,4218,18,5,1355,1356,1361,0.480821138783741,0.4828801581659705,0.8473193863871452,0.8000757674576986,1.8522467613220215,2.2126011848449707,0.3603544235229492,0.7535293042659759,False,0.5086294998536331,False
candidate_001349,D0-D2,D0,D2,000,100,4223,23,5,148,149,154,0.19220924310147705,0.4828801581659705,1.1000034640441223,0.8000757674576986,2.3154003620147705,2.204577684402466,0.11082267761230469,0.7535293042659759,False,0.5079915877352369,False
candidate_001350,D1-D2,D1,D2,010,100,4202,2,3,547,548,551,0.4104400327120835,0.47598741001451006,0.8337869604645815,0.7597972260789279,1.944779634475708,2.2454304695129395,0.30065083503723145,0.7535293042659759,False,0.5077681024513296,False
candidate_001351,D0-D1,D0,D1,000,010,4206,6,3,744,745,748,0.39820587951141484,0.47598741001451006,0.8999373722777562,0.7597972260789279,2.315232992172241,2.0451583862304688,0.27007460594177246,0.7535293042659759,False,0.5074415044901847,False
candidate_001352,D1-D2,D1,D2,010,100,4212,12,10,940,941,951,0.4454942553751828,0.49936698246710554,1.1184963919138786,0.9109722042901004,1.8733159303665161,2.151050329208374,0.2777343988418579,0.7535293042659759,False,0.507267108806308,False
candidate_001353,D0-D2,D0,D2,000,100,4223,23,10,147,148,158,0.18738801539100633,0.49936698246710554,1.1758920443234118,0.9109722042901004,2.3154003620147705,2.204577684402466,0.11082267761230469,0.7535293042659759,False,0.5059048362272635,False
candidate_001354,D1-D2,D1,D2,010,100,4215,15,3,2464,2465,2468,0.278885607398375,0.47598741001451006,0.873896662640632,0.7597972260789279,2.0465471744537354,2.240429162979126,0.19388198852539062,0.7535293042659759,False,0.5050903367497629,False
candidate_001355,D0-D2,D0,D2,000,100,4218,18,10,86,87,97,0.12064415061421349,0.49936698246710554,1.1797054944435748,0.9109722042901004,2.283595561981201,2.2126011848449707,0.07099437713623047,0.7535293042659759,False,0.5050168130155436,False
candidate_001356,D1-D2,D1,D2,010,100,4218,18,5,37,38,43,0.46846661264577255,0.4828801581659705,0.8181790725331028,0.8000757674576986,1.8522467613220215,2.2126011848449707,0.3603544235229492,0.7535293042659759,False,0.5040895300578249,False
candidate_001357,D0-D1,D0,D1,000,010,4206,6,3,743,744,747,0.38030841396141674,0.47598741001451006,0.8509428129609294,0.7597972260789279,2.315232992172241,2.0451583862304688,0.27007460594177246,0.7535293042659759,False,0.5023955771443763,False
candidate_001358,D0-D1,D0,D1,000,010,4206,6,5,1201,1202,1207,0.4258656653724371,0.4828801581659705,0.9880634696759669,0.8000757674576986,2.315232992172241,2.0451583862304688,0.27007460594177246,0.7535293042659759,False,0.5018848243341894,False
candidate_001359,D0-D2,D0,D2,000,100,4212,12,5,755,756,761,0.2577680537271583,0.4828801581659705,1.066292552839241,0.8000757674576986,2.3023815155029297,2.151050329208374,0.15133118629455566,0.7535293042659759,False,0.5013994085387999,False
candidate_001360,D0-D2,D0,D2,000,100,4223,23,5,146,147,152,0.17575105690771617,0.4828801581659705,0.991944988623367,0.8000757674576986,2.3154003620147705,2.204577684402466,0.11082267761230469,0.7535293042659759,False,0.50098690987481,False
candidate_001361,D1-D2,D1,D2,010,100,4205,5,5,43,44,49,0.42467295979013403,0.4828801581659705,0.9149357975872516,0.8000757674576986,1.9300700426101685,2.2202963829040527,0.2902263402938843,0.7535293042659759,False,0.5008191579159438,False
candidate_001362,D1-D2,D1,D2,010,100,4218,18,10,1359,1360,1370,0.4971832464992822,0.49936698246710554,0.9468379385836063,0.9109722042901004,1.8522467613220215,2.2126011848449707,0.3603544235229492,0.7535293042659759,False,0.4992333327652536,False
candidate_001363,D1-D2,D1,D2,010,100,4218,18,10,40,41,51,0.49038274671914833,0.49936698246710554,0.9337879994189574,0.9109722042901004,1.8522467613220215,2.2126011848449707,0.3603544235229492,0.7535293042659759,False,0.4991803895704445,False
candidate_001364,D0-D2,D0,D2,000,100,4212,12,5,752,753,758,0.20721238397550434,0.4828801581659705,0.8524432170261738,0.8000757674576986,2.3023815155029297,2.151050329208374,0.15133118629455566,0.7535293042659759,False,0.49863904921643504,False
candidate_001365,D1-D2,D1,D2,010,100,4212,12,10,935,936,946,0.39059722391773827,0.49936698246710554,0.9608496451009435,0.9109722042901004,1.8733159303665161,2.151050329208374,0.2777343988418579,0.7535293042659759,False,0.49701615592547027,False
candidate_001366,D1-D2,D1,D2,010,100,4218,18,10,41,42,52,0.49004951832793153,0.49936698246710554,0.9271125447633776,0.9109722042901004,1.8522467613220215,2.2126011848449707,0.3603544235229492,0.7535293042659759,False,0.49594886432907703,False
candidate_001367,D0-D1,D0,D1,000,010,4206,6,5,38,39,44,0.458688118443676,0.4828801581659705,1.0449995173359385,0.8000757674576986,2.315232992172241,2.0451583862304688,0.27007460594177246,0.7535293042659759,False,0.4928224092428046,False
candidate_001368,D0-D1,D0,D1,000,010,4215,15,10,1094,1095,1105,0.4090093439513293,0.49936698246710554,1.0721219985664385,0.9109722042901004,2.30489182472229,2.0465471744537354,0.2583446502685547,0.7535293042659759,False,0.4926347030046458,False
candidate_001369,D0-D1,D0,D1,000,010,4206,6,5,742,743,748,0.3629472761718534,0.4828801581659705,0.8260281598837913,0.8000757674576986,2.315232992172241,2.0451583862304688,0.27007460594177246,0.7535293042659759,False,0.49231510379677507,False
candidate_001370,D1-D2,D1,D2,010,100,4202,2,5,547,548,553,0.3987503994154007,0.4828801581659705,0.8140607800382159,0.8000757674576986,1.944779634475708,2.2454304695129395,0.30065083503723145,0.7535293042659759,False,0.49161623017541706,False
candidate_001371,D0-D2,D0,D2,000,100,4200,0,3,27,28,31,0.12495552666103896,0.47598741001451006,0.8000737165433006,0.7597972260789279,2.2831742763519287,2.1908435821533203,0.0923306941986084,0.7535293042659759,False,0.49149403416278725,False
candidate_001372,D0-D1,D0,D1,000,010,4206,6,3,1200,1201,1204,0.3933308055743193,0.47598741001451006,0.8601940933558989,0.7597972260789279,2.315232992172241,2.0451583862304688,0.27007460594177246,0.7535293042659759,False,0.49104338081137244,False
candidate_001373,D0-D2,D0,D2,000,100,4218,18,5,85,86,91,0.11129619097921994,0.4828801581659705,0.9599690485605725,0.8000757674576986,2.283595561981201,2.2126011848449707,0.07099437713623047,0.7535293042659759,False,0.49046608272292874,False
candidate_001374,D0-D2,D0,D2,000,100,4223,23,10,148,149,159,0.19428141259809528,0.49936698246710554,1.1805399695798449,0.9109722042901004,2.3154003620147705,2.204577684402466,0.11082267761230469,0.7535293042659759,False,0.48988329887633636,False
candidate_001375,D0-D1,D0,D1,000,010,4215,15,3,1775,1776,1779,0.42620742341809614,0.47598741001451006,0.9653903725726608,0.7597972260789279,2.30489182472229,2.0465471744537354,0.2583446502685547,0.7535293042659759,False,0.4864957403915844,False
candidate_001376,D0-D2,D0,D2,000,100,4223,23,10,146,147,157,0.1905622239685847,0.49936698246710554,1.1488788927390365,0.9109722042901004,2.3154003620147705,2.204577684402466,0.11082267761230469,0.7535293042659759,False,0.4860496431963799,False
candidate_001377,D1-D2,D1,D2,010,100,4208,8,5,509,510,515,0.2703536655081916,0.4828801581659705,1.1533912977740404,0.8000757674576986,2.2485151290893555,2.1064178943634033,0.14209723472595215,0.7535293042659759,False,0.4855546658837893,False
candidate_001378,D0-D2,D0,D2,000,100,4218,18,10,85,86,96,0.1190326252702161,0.49936698246710554,1.1141697388581642,0.9109722042901004,2.283595561981201,2.2126011848449707,0.07099437713623047,0.7535293042659759,False,0.4834191512720929,False
candidate_001379,D1-D2,D1,D2,010,100,4202,2,10,566,567,577,0.415064772097521,0.49936698246710554,0.9120685955574497,0.9109722042901004,1.944779634475708,2.2454304695129395,0.30065083503723145,0.7535293042659759,False,0.4806053415979628,False
candidate_001380,D0-D2,D0,D2,000,100,4218,18,5,86,87,92,0.12619272782588015,0.4828801581659705,1.0656684408687547,0.8000757674576986,2.283595561981201,2.2126011848449707,0.07099437713623047,0.7535293042659759,False,0.4801974248394384,False
candidate_001381,D0-D1,D0,D1,000,010,4206,6,3,741,742,745,0.3664873961989117,0.47598741001451006,0.7825887549799942,0.7597972260789279,2.315232992172241,2.0451583862304688,0.27007460594177246,0.7535293042659759,False,0.4794639141088484,False
candidate_001382,D1-D2,D1,D2,010,100,4202,2,3,506,507,510,0.4478325179649423,0.47598741001451006,0.85772373864997,0.7597972260789279,1.944779634475708,2.2454304695129395,0.30065083503723145,0.7535293042659759,False,0.47873131269450675,False
candidate_001383,D1-D2,D1,D2,010,100,4212,12,10,51,52,62,0.48275859455911696,0.49936698246710554,1.1435509602557257,0.9109722042901004,1.8733159303665161,2.151050329208374,0.2777343988418579,0.7535293042659759,False,0.4785967365820797,False
candidate_001384,D0-D2,D0,D2,000,100,4208,8,3,1583,1584,1587,0.3834287869044145,0.47598741001451006,1.0866551613179996,0.7597972260789279,2.309361219406128,2.1064178943634033,0.2029433250427246,0.7535293042659759,False,0.47816679981799126,False
candidate_001385,D1-D2,D1,D2,010,100,4205,5,5,40,41,46,0.4450344346545989,0.4828801581659705,0.9135552046765226,0.8000757674576986,1.9300700426101685,2.2202963829040527,0.2902263402938843,0.7535293042659759,False,0.4771842522594094,False
candidate_001386,D0-D2,D0,D2,000,100,4218,18,10,87,88,98,0.1320106033219237,0.49936698246710554,1.2175751847346654,0.9109722042901004,2.283595561981201,2.2126011848449707,0.07099437713623047,0.7535293042659759,False,0.47634924061996936,False
candidate_001387,D0-D1,D0,D1,000,010,4215,15,5,1771,1772,1777,0.36025348837554305,0.4828801581659705,0.8290619864776162,0.8000757674576986,2.30489182472229,2.0465471744537354,0.2583446502685547,0.7535293042659759,False,0.4761966958898608,False
candidate_001388,D0-D2,D0,D2,000,100,4212,12,3,754,755,758,0.24649211352183462,0.47598741001451006,0.93274118201837,0.7597972260789279,2.3023815155029297,2.151050329208374,0.15133118629455566,0.7535293042659759,False,0.47608464602602774,False
candidate_001389,D0-D1,D0,D1,000,010,4205,5,5,27,28,33,0.4401401653436756,0.4828801581659705,0.839683692412486,0.8000757674576986,2.2415318489074707,1.9300700426101685,0.31146180629730225,0.7535293042659759,False,0.47592400609209645,False
candidate_001390,D0-D1,D0,D1,000,010,4206,6,5,37,38,43,0.4354678266060429,0.4828801581659705,0.9573891837017325,0.8000757674576986,2.315232992172241,2.0451583862304688,0.27007460594177246,0.7535293042659759,False,0.4755807758803836,False
candidate_001391,D0-D1,D0,D1,000,010,4206,6,3,740,741,744,0.3609659787317433,0.47598741001451006,0.762410263002357,0.7597972260789279,2.315232992172241,2.0451583862304688,0.27007460594177246,0.7535293042659759,False,0.4742461667029916,False
candidate_001392,D0-D1,D0,D1,000,010,4215,15,10,1095,1096,1106,0.4392464141602881,0.49936698246710554,1.1070910126146192,0.9109722042901004,2.30489182472229,2.0465471744537354,0.2583446502685547,0.7535293042659759,False,0.4736844463924377,False
candidate_001393,D0-D1,D0,D1,000,010,4215,15,5,1773,1774,1779,0.39882276023397306,0.4828801581659705,0.9104186280840555,0.8000757674576986,2.30489182472229,2.0465471744537354,0.2583446502685547,0.7535293042659759,False,0.47235527559422447,False
candidate_001394,D0-D1,D0,D1,000,010,4215,15,3,324,325,328,0.4719110558302893,0.47598741001451006,1.0353613766043777,0.7597972260789279,2.30489182472229,2.0465471744537354,0.2583446502685547,0.7535293042659759,False,0.47122562183708505,False
candidate_001395,D0-D1,D0,D1,000,010,4206,6,3,742,743,746,0.3631655143642275,0.47598741001451006,0.7609840669270995,0.7597972260789279,2.315232992172241,2.0451583862304688,0.27007460594177246,0.7535293042659759,False,0.4704920924657703,False
candidate_001396,D1-D2,D1,D2,010,100,4202,2,3,507,508,511,0.45017322654823927,0.47598741001451006,0.8441006780531619,0.7597972260789279,1.944779634475708,2.2454304695129395,0.30065083503723145,0.7535293042659759,False,0.4686780526716402,False
candidate_001397,D0-D1,D0,D1,000,010,4215,15,5,1772,1773,1778,0.3764696405847817,0.4828801581659705,0.8523445216721416,0.8000757674576986,2.30489182472229,2.0465471744537354,0.2583446502685547,0.7535293042659759,False,0.46848186571392886,False
candidate_001398,D0-D1,D0,D1,000,010,4205,5,10,30,31,41,0.48486695964190146,0.49936698246710554,1.0016964453221735,0.9109722042901004,2.2415318489074707,1.9300700426101685,0.31146180629730225,0.7535293042659759,False,0.46809380256056865,False
candidate_001399,D1-D2,D1,D2,010,100,4205,5,5,41,42,47,0.4465315747190208,0.4828801581659705,0.8976056548567852,0.8000757674576986,1.9300700426101685,2.2202963829040527,0.2902263402938843,0.7535293042659759,False,0.4672812218831274,False
candidate_001400,D1-D2,D1,D2,010,100,4205,5,10,43,44,54,0.41961401288192024,0.49936698246710554,0.9245937517359449,0.9109722042901004,1.9300700426101685,2.2202963829040527,0.2902263402938843,0.7535293042659759,False,0.4652135422253823,False
candidate_001401,D0-D1,D0,D1,000,010,4215,15,3,1771,1772,1775,0.36398529918779354,0.47598741001451006,0.7871832532768026,0.7597972260789279,2.30489182472229,2.0465471744537354,0.2583446502685547,0.7535293042659759,False,0.4645036073051926,False
candidate_001402,D0-D1,D0,D1,000,010,4206,6,3,37,38,41,0.43511222773778413,0.47598741001451006,0.8976188255394415,0.7597972260789279,2.315232992172241,2.0451583862304688,0.27007460594177246,0.7535293042659759,False,0.46320371175393177,False
candidate_001403,D0-D1,D0,D1,000,010,4206,6,10,37,38,48,0.4299736773942251,0.49936698246710554,1.0114979759469434,0.9109722042901004,2.315232992172241,2.0451583862304688,0.27007460594177246,0.7535293042659759,False,0.4621909649485828,False
candidate_001404,D0-D2,D0,D2,000,100,4223,23,3,148,149,152,0.2090307987537046,0.47598741001451006,1.04818609378987,0.7597972260789279,2.3154003620147705,2.204577684402466,0.11082267761230469,0.7535293042659759,False,0.4620131834005642,False
candidate_001405,D0-D1,D0,D1,000,010,4206,6,10,749,750,760,0.44355848830250116,0.49936698246710554,1.0395349974122265,0.9109722042901004,2.315232992172241,2.0451583862304688,0.27007460594177246,0.7535293042659759,False,0.4604542894527081,False
candidate_001406,D0-D1,D0,D1,000,010,4205,5,5,28,29,34,0.47075138906156616,0.4828801581659705,0.8683927843524819,0.8000757674576986,2.2415318489074707,1.9300700426101685,0.31146180629730225,0.7535293042659759,False,0.4601903326324805,False
candidate_001407,D1-D2,D1,D2,010,100,4202,2,3,505,506,509,0.4728706373608262,0.47598741001451006,0.8674183721670432,0.7597972260789279,1.944779634475708,2.2454304695129395,0.30065083503723145,0.7535293042659759,False,0.4585073467190887,False
candidate_001408,D0-D1,D0,D1,000,010,4206,6,10,748,749,759,0.42141170091925445,0.49936698246710554,0.9829736042449182,0.9109722042901004,2.315232992172241,2.0451583862304688,0.27007460594177246,0.7535293042659759,False,0.45828281126670856,False
candidate_001409,D0-D1,D0,D1,000,010,4215,15,3,323,324,327,0.4546788823321176,0.47598741001451006,0.9684945035957359,0.7597972260789279,2.30489182472229,2.0465471744537354,0.2583446502685547,0.7535293042659759,False,0.4574982792251928,False
candidate_001410,D0-D1,D0,D1,000,010,4206,6,10,38,39,49,0.44483357844271426,0.49936698246710554,1.0354939643580658,0.9109722042901004,2.315232992172241,2.0451583862304688,0.27007460594177246,0.7535293042659759,False,0.4573496086978018,False
candidate_001411,D0-D1,D0,D1,000,010,4206,6,3,28,29,32,0.3880204769177878,0.47598741001451006,0.7893562292351501,0.7597972260789279,2.315232992172241,2.0451583862304688,0.27007460594177246,0.7535293042659759,False,0.4567723031354149,False
candidate_001412,D0-D1,D0,D1,000,010,4206,6,5,744,745,750,0.3844629572181735,0.4828801581659705,0.8074322481162453,0.8000757674576986,2.315232992172241,2.0451583862304688,0.27007460594177246,0.7535293042659759,False,0.4543007323055173,False
candidate_001413,D0-D1,D0,D1,000,010,4205,5,10,29,30,40,0.47415835843637893,0.49936698246710554,0.9506232601855377,0.9109722042901004,2.2415318489074707,1.9300700426101685,0.31146180629730225,0.7535293042659759,False,0.45425987328020667,False
candidate_001414,D1-D2,D1,D2,010,100,4215,15,3,2465,2466,2469,0.31372808562614646,0.47598741001451006,0.8830098767630494,0.7597972260789279,2.0465471744537354,2.240429162979126,0.19388198852539062,0.7535293042659759,False,0.45367750184104944,False
candidate_001415,D0-D1,D0,D1,000,010,4206,6,10,39,40,50,0.4608191232211026,0.49936698246710554,1.0638012382671693,0.9109722042901004,2.315232992172241,2.0451583862304688,0.27007460594177246,0.7535293042659759,False,0.45355326842642396,False
candidate_001416,D0-D1,D0,D1,000,010,4215,15,5,324,325,330,0.46826113711061285,0.4828801581659705,1.0246861492524724,0.8000757674576986,2.30489182472229,2.0465471744537354,0.2583446502685547,0.7535293042659759,False,0.4528040684307566,False
candidate_001417,D0-D1,D0,D1,000,010,4206,6,10,1200,1201,1211,0.42081963559382307,0.49936698246710554,0.9695653885821838,0.9109722042901004,2.315232992172241,2.0451583862304688,0.27007460594177246,0.7535293042659759,False,0.452667599783593,False
candidate_001418,D0-D1,D0,D1,000,010,4206,6,5,36,37,42,0.4274788228810077,0.4828801581659705,0.8894812195114156,0.8000757674576986,2.315232992172241,2.0451583862304688,0.27007460594177246,0.7535293042659759,False,0.45010519579627883,False
candidate_001419,D0-D2,D0,D2,000,100,4218,18,5,84,85,90,0.10308039500160682,0.4828801581659705,0.8123790413728273,0.8000757674576986,2.283595561981201,2.2126011848449707,0.07099437713623047,0.7535293042659759,False,0.44814100816829877,False
candidate_001420,D1-D2,D1,D2,010,100,4205,5,5,44,45,50,0.4545075658985267,0.4828801581659705,0.8749899840697006,0.8000757674576986,1.9300700426101685,2.2202963829040527,0.2902263402938843,0.7535293042659759,False,0.4475142689627011,False
candidate_001421,D0-D2,D0,D2,000,100,4212,12,5,647,648,653,0.2744779203122543,0.4828801581659705,1.007565506019597,0.8000757674576986,2.3023815155029297,2.151050329208374,0.15133118629455566,0.7535293042659759,False,0.44494098331903115,False
candidate_001422,D0-D1,D0,D1,000,010,4215,15,3,1773,1774,1777,0.4331537390498913,0.47598741001451006,0.897262616444311,0.7597972260789279,2.30489182472229,2.0465471744537354,0.2583446502685547,0.7535293042659759,False,0.4449124864239118,False
candidate_001423,D0-D1,D0,D1,000,010,4215,15,10,1096,1097,1107,0.4752280467249524,0.49936698246710554,1.1173474422782113,0.9109722042901004,2.30489182472229,2.0465471744537354,0.2583446502685547,0.7535293042659759,False,0.4418757821382602,False
candidate_001424,D1-D2,D1,D2,010,100,4205,5,5,39,40,45,0.4325739846173707,0.4828801581659705,0.8210151691624146,0.8000757674576986,1.9300700426101685,2.2202963829040527,0.2902263402938843,0.7535293042659759,False,0.4412002063359271,False
candidate_001425,D0-D2,D0,D2,000,100,4212,12,5,29,30,35,0.23125129563281765,0.4828801581659705,0.8414281840019848,0.8000757674576986,2.3023815155029297,2.151050329208374,0.15133118629455566,0.7535293042659759,False,0.44103130144376845,False
candidate_001426,D0-D1,D0,D1,000,010,4206,6,10,750,751,761,0.47606730998887203,0.49936698246710554,1.0629781630782584,0.9109722042901004,2.315232992172241,2.0451583862304688,0.27007460594177246,0.7535293042659759,False,0.43868651503652123,False
candidate_001427,D1-D2,D1,D2,010,100,4215,15,5,2464,2465,2470,0.3101922440530038,0.4828801581659705,0.8761081655760778,0.8000757674576986,2.0465471744537354,2.240429162979126,0.19388198852539062,0.7535293042659759,False,0.4386037656018749,False
candidate_001428,D0-D1,D0,D1,000,010,4205,5,10,28,29,39,0.476739421768501,0.49936698246710554,0.9212584746777066,0.9109722042901004,2.2415318489074707,1.9300700426101685,0.31146180629730225,0.7535293042659759,False,0.4378443804769741,False
candidate_001429,D0-D1,D0,D1,000,010,4215,15,3,1251,1252,1255,0.39292129955077126,0.47598741001451006,0.8009268360013909,0.7597972260789279,2.30489182472229,2.0465471744537354,0.2583446502685547,0.7535293042659759,False,0.4378086743194269,False
candidate_001430,D0-D1,D0,D1,000,010,4215,15,5,323,324,329,0.48206294638638714,0.4828801581659705,1.0196406911699947,0.8000757674576986,2.30489182472229,2.0465471744537354,0.2583446502685547,0.7535293042659759,False,0.4376742313560648,False
candidate_001431,D0-D1,D0,D1,000,010,4206,6,3,745,746,749,0.42377156209357325,0.47598741001451006,0.8258010202895789,0.7597972260789279,2.315232992172241,2.0451583862304688,0.27007460594177246,0.7535293042659759,False,0.4375472639960496,False
candidate_001432,D0-D1,D0,D1,000,010,4206,6,10,40,41,51,0.4798466555917251,0.49936698246710554,1.0676309379890292,0.9109722042901004,2.315232992172241,2.0451583862304688,0.27007460594177246,0.7535293042659759,False,0.4371364095489678,False
candidate_001433,D0-D1,D0,D1,000,010,4215,15,5,967,968,973,0.4214673498579185,0.4828801581659705,0.8897314906767322,0.8000757674576986,2.30489182472229,2.0465471744537354,0.2583446502685547,0.7535293042659759,False,0.4368200814225524,False
candidate_001434,D0-D2,D0,D2,000,100,4208,8,3,1584,1585,1588,0.40367014338899626,0.47598741001451006,1.0428813078592065,0.7597972260789279,2.309361219406128,2.1064178943634033,0.2029433250427246,0.7535293042659759,False,0.43589374972526934,False
candidate_001435,D0-D2,D0,D2,000,100,4223,23,5,145,146,151,0.1819124763776937,0.4828801581659705,0.8910649784990202,0.8000757674576986,2.3154003620147705,2.204577684402466,0.11082267761230469,0.7535293042659759,False,0.4347940829253044,False
candidate_001436,D0-D1,D0,D1,000,010,4206,6,10,36,37,47,0.42376592748453035,0.49936698246710554,0.9373758330153482,0.9109722042901004,2.315232992172241,2.0451583862304688,0.27007460594177246,0.7535293042659759,False,0.4345962959654689,False
candidate_001437,D0-D2,D0,D2,000,100,4223,23,10,145,146,156,0.19730826751793487,0.49936698246710554,1.063247464860069,0.9109722042901004,2.3154003620147705,2.204577684402466,0.11082267761230469,0.7535293042659759,False,0.4344424591081457,False
candidate_001438,D0-D2,D0,D2,000,100,4208,8,5,1584,1585,1590,0.4138234570578792,0.4828801581659705,1.1014666901385548,0.8000757674576986,2.309361219406128,2.1064178943634033,0.2029433250427246,0.7535293042659759,False,0.432652415118108,False
candidate_001439,D0-D1,D0,D1,000,010,4215,15,3,1774,1775,1778,0.4392504824333828,0.47598741001451006,0.8833066124155755,0.7597972260789279,2.30489182472229,2.0465471744537354,0.2583446502685547,0.7535293042659759,False,0.4319130465490562,False
candidate_001440,D0-D1,D0,D1,000,010,4206,6,10,1201,1202,1212,0.43295103663146056,0.49936698246710554,0.9517506502108325,0.9109722042901004,2.315232992172241,2.0451583862304688,0.27007460594177246,0.7535293042659759,False,0.4318994997928401,False
candidate_001441,D1-D2,D1,D2,010,100,4208,8,10,510,511,521,0.29755349787595836,0.49936698246710554,1.2411991641342046,0.9109722042901004,2.2485151290893555,2.1064178943634033,0.14209723472595215,0.7535293042659759,False,0.43119785576333197,False
candidate_001442,D0-D1,D0,D1,000,010,4215,15,10,968,969,979,0.40069283649843296,0.49936698246710554,0.9172531157088152,0.9109722042901004,2.30489182472229,2.0465471744537354,0.2583446502685547,0.7535293042659759,False,0.4302210359478163,False
candidate_001443,D0-D1,D0,D1,000,010,4215,15,10,1254,1255,1265,0.4113135096293218,0.49936698246710554,0.9413396002717953,0.9109722042901004,2.30489182472229,2.0465471744537354,0.2583446502685547,0.7535293042659759,False,0.4301177637008245,False
candidate_001444,D0-D1,D0,D1,000,010,4215,15,5,325,326,331,0.4815721545454504,0.4828801581659705,0.9995275211725667,0.8000757674576986,2.30489182472229,2.0465471744537354,0.2583446502685547,0.7535293042659759,False,0.4294780368055589,False
candidate_001445,D0-D2,D0,D2,000,100,4218,18,10,84,85,95,0.12281486814580433,0.49936698246710554,1.0194771669962266,0.9109722042901004,2.283595561981201,2.2126011848449707,0.07099437713623047,0.7535293042659759,False,0.428711429513903,False
candidate_001446,D0-D2,D0,D2,000,100,4212,12,10,1278,1279,1289,0.31113046413669637,0.49936698246710554,1.2091892955477495,0.9109722042901004,2.3023815155029297,2.151050329208374,0.15133118629455566,0.7535293042659759,False,0.42785316127457684,False
candidate_001447,D0-D2,D0,D2,000,100,4218,18,3,86,87,90,0.1363109588768494,0.47598741001451006,0.9868657834236163,0.7597972260789279,2.283595561981201,2.2126011848449707,0.07099437713623047,0.7535293042659759,False,0.42731573730701006,False
candidate_001448,D1-D2,D1,D2,010,100,4212,12,3,939,940,943,0.4673698600236952,0.47598741001451006,0.8648552562740959,0.7597972260789279,1.8733159303665161,2.151050329208374,0.2777343988418579,0.7535293042659759,False,0.4272774917980612,False
candidate_001449,D0-D1,D0,D1,000,010,4215,15,5,1774,1775,1780,0.4151533078343971,0.4828801581659705,0.8568748096435611,0.8000757674576986,2.30489182472229,2.0465471744537354,0.2583446502685547,0.7535293042659759,False,0.4270870891677917,False
candidate_001450,D0-D2,D0,D2,000,100,4212,12,10,756,757,767,0.2845553360330352,0.49936698246710554,1.1038685341444545,0.9109722042901004,2.3023815155029297,2.151050329208374,0.15133118629455566,0.7535293042659759,False,0.4270646338992517,False
candidate_001451,D0-D2,D0,D2,000,100,4212,12,3,755,756,759,0.28558727629279684,0.47598741001451006,0.9680183259181933,0.7597972260789279,2.3023815155029297,2.151050329208374,0.15133118629455566,0.7535293042659759,False,0.42645261006549856,False
candidate_001452,D0-D2,D0,D2,000,100,4212,12,3,789,790,793,0.28712731420168186,0.47598741001451006,0.9711938870338304,0.7597972260789279,2.3023815155029297,2.151050329208374,0.15133118629455566,0.7535293042659759,False,0.4255567502455925,False
candidate_001453,D0-D2,D0,D2,000,100,4208,8,5,1583,1584,1589,0.412167916578397,0.4828801581659705,1.0757725852536262,0.8000757674576986,2.309361219406128,2.1064178943634033,0.2029433250427246,0.7535293042659759,False,0.4242571384716997,False
candidate_001454,D0-D1,D0,D1,000,010,4215,15,3,1776,1777,1780,0.4239699067653869,0.47598741001451006,0.8353493745365353,0.7597972260789279,2.30489182472229,2.0465471744537354,0.2583446502685547,0.7535293042659759,False,0.42318494441113075,False
candidate_001455,D0-D1,D0,D1,000,010,4215,15,3,322,323,326,0.4528505274294032,0.47598741001451006,0.8905421000186272,0.7597972260789279,2.30489182472229,2.0465471744537354,0.2583446502685547,0.7535293042659759,False,0.42237350326078266,False
candidate_001456,D0-D1,D0,D1,000,010,4206,6,10,41,42,52,0.49359402402833874,0.49936698246710554,1.0602219761701128,0.9109722042901004,2.315232992172241,2.0451583862304688,0.27007460594177246,0.7535293042659759,False,0.4220123996527794,False
candidate_001457,D0-D2,D0,D2,000,100,4212,12,10,30,31,41,0.24420468867061246,0.49936698246710554,0.9356655265731475,0.9109722042901004,2.3023815155029297,2.151050329208374,0.15133118629455566,0.7535293042659759,False,0.42180295590779343,False
candidate_001458,D0-D2,D0,D2,000,100,4212,12,10,1277,1278,1288,0.30454192951270936,0.49936698246710554,1.1605393482098718,0.9109722042901004,2.3023815155029297,2.151050329208374,0.15133118629455566,0.7535293042659759,False,0.41952298777761915,False
candidate_001459,D1-D2,D1,D2,010,100,4202,2,3,548,549,552,0.46392907611292944,0.47598741001451006,0.776654714178728,0.7597972260789279,1.944779634475708,2.2454304695129395,0.30065083503723145,0.7535293042659759,False,0.41844310929761563,False
candidate_001460,D0-D2,D0,D2,000,100,4212,12,3,647,648,651,0.28904500912471515,0.47598741001451006,0.9586589931638694,0.7597972260789279,2.3023815155029297,2.151050329208374,0.15133118629455566,0.7535293042659759,False,0.4172772695928196,False
candidate_001461,D1-D2,D1,D2,010,100,4202,2,10,53,54,64,0.4889956014112343,0.49936698246710554,0.9319295172242434,0.9109722042901004,1.944779634475708,2.2454304695129395,0.30065083503723145,0.7535293042659759,False,0.4168262688660675,False
candidate_001462,D0-D2,D0,D2,000,100,4212,12,5,646,647,652,0.26005812479012097,0.4828801581659705,0.8933698424203718,0.8000757674576986,2.3023815155029297,2.151050329208374,0.15133118629455566,0.7535293042659759,False,0.4163872233564168,False
candidate_001463,D0-D1,D0,D1,000,010,4206,6,10,1199,1200,1210,0.4455680755885901,0.49936698246710554,0.9438205532966825,0.9109722042901004,2.315232992172241,2.0451583862304688,0.27007460594177246,0.7535293042659759,False,0.4161727753693857,False
candidate_001464,D0-D1,D0,D1,000,010,4215,15,3,1772,1773,1776,0.4000675467205756,0.47598741001451006,0.7751655171086317,0.7597972260789279,2.30489182472229,2.0465471744537354,0.2583446502685547,0.7535293042659759,False,0.41615796420306844,False
candidate_001465,D0-D1,D0,D1,000,010,4215,15,5,1775,1776,1781,0.42595925901470155,0.4828801581659705,0.8543908839609017,0.8000757674576986,2.30489182472229,2.0465471744537354,0.2583446502685547,0.7535293042659759,False,0.41504588554353194,False
candidate_001466,D1-D2,D1,D2,010,100,4215,15,5,2465,2466,2471,0.31531159566542527,0.4828801581659705,0.8421403789433454,0.8000757674576986,2.0465471744537354,2.240429162979126,0.19388198852539062,0.7535293042659759,False,0.4147535496338853,False
candidate_001467,D0-D1,D0,D1,000,010,4215,15,10,1255,1256,1266,0.4585552517979955,0.49936698246710554,1.0051741096444806,0.9109722042901004,2.30489182472229,2.0465471744537354,0.2583446502685547,0.7535293042659759,False,0.4119681549768316,False
candidate_001468,D1-D2,D1,D2,010,100,4205,5,3,40,41,44,0.4731997435118547,0.47598741001451006,0.8054832719194432,0.7597972260789279,1.9300700426101685,2.2202963829040527,0.2902263402938843,0.7535293042659759,False,0.4107205813588983,False
candidate_001469,D0-D1,D0,D1,000,010,4206,6,3,36,37,40,0.4233311783456957,0.47598741001451006,0.7730915816648765,0.7597972260789279,2.315232992172241,2.0451583862304688,0.27007460594177246,0.7535293042659759,False,0.4100455049966784,False
candidate_001470,D0-D2,D0,D2,000,100,4208,8,5,969,970,975,0.37439636555051276,0.4828801581659705,0.9433756434675001,0.8000757674576986,2.309361219406128,2.1064178943634033,0.2029433250427246,0.7535293042659759,False,0.40957732366459276,False
candidate_001471,D0-D2,D0,D2,000,100,4212,12,10,1276,1277,1287,0.3026317671971357,0.49936698246710554,1.1257428978715562,0.9109722042901004,2.3023815155029297,2.151050329208374,0.15133118629455566,0.7535293042659759,False,0.4095129971930022,False
candidate_001472,D0-D2,D0,D2,000,100,4208,8,3,969,970,973,0.3658112415912698,0.47598741001451006,0.8845751421008005,0.7597972260789279,2.309361219406128,2.1064178943634033,0.2029433250427246,0.7535293042659759,False,0.40799051869406633,False
candidate_001473,D0-D1,D0,D1,000,010,4215,15,10,969,970,980,0.44845259002567606,0.49936698246710554,0.9693549273494092,0.9109722042901004,2.30489182472229,2.0465471744537354,0.2583446502685547,0.7535293042659759,False,0.406237779744027,False
candidate_001474,D0-D2,D0,D2,000,100,4212,12,3,29,30,33,0.26821049001395375,0.47598741001451006,0.8651705559976359,0.7597972260789279,2.3023815155029297,2.151050329208374,0.15133118629455566,0.7535293042659759,False,0.40583735925050973,False
candidate_001475,D0-D2,D0,D2,000,100,4208,8,5,1585,1586,1591,0.4642718641708445,0.4828801581659705,1.1503317006032945,0.8000757674576986,2.309361219406128,2.1064178943634033,0.2029433250427246,0.7535293042659759,False,0.40274818469720813,False
candidate_001476,D0-D2,D0,D2,000,100,4218,18,5,87,88,93,0.1545133817386632,0.4828801581659705,1.0931964510568544,0.8000757674576986,2.283595561981201,2.2126011848449707,0.07099437713623047,0.7535293042659759,False,0.4023130922619287,False
candidate_001477,D0-D2,D0,D2,000,100,4223,23,10,149,150,160,0.23467572209345908,0.49936698246710554,1.1687354969788692,0.9109722042901004,2.3154003620147705,2.204577684402466,0.11082267761230469,0.7535293042659759,False,0.4015052815122437,False
candidate_001478,D0-D1,D0,D1,000,010,4206,6,5,748,749,754,0.4635703858679176,0.4828801581659705,0.8603459098718276,0.8000757674576986,2.315232992172241,2.0451583862304688,0.27007460594177246,0.7535293042659759,False,0.40146645428469185,False
candidate_001479,D1-D2,D1,D2,010,100,4205,5,10,45,46,56,0.48127545032075897,0.49936698246710554,0.9130982351963952,0.9109722042901004,1.9300700426101685,2.2202963829040527,0.2902263402938843,0.7535293042659759,False,0.40056700331699874,False
candidate_001480,D0-D2,D0,D2,000,100,4218,18,3,85,86,89,0.11699774497243723,0.47598741001451006,0.7934505405579941,0.7597972260789279,2.283595561981201,2.2126011848449707,0.07099437713623047,0.7535293042659759,False,0.40028004326253597,False
candidate_001481,D1-D2,D1,D2,010,100,4208,8,3,509,510,513,0.3241384171314997,0.47598741001451006,1.0964037017687955,0.7597972260789279,2.2485151290893555,2.1064178943634033,0.14209723472595215,0.7535293042659759,False,0.3995979285262582,False
candidate_001482,D0-D2,D0,D2,000,100,4212,12,3,646,647,650,0.2559884098108158,0.47598741001451006,0.810858461510866,0.7597972260789279,2.3023815155029297,2.151050329208374,0.15133118629455566,0.7535293042659759,False,0.398520624902578,False
candidate_001483,D0-D2,D0,D2,000,100,4212,12,5,756,757,762,0.3505734758181173,0.4828801581659705,1.150873549681495,0.8000757674576986,2.3023815155029297,2.151050329208374,0.15133118629455566,0.7535293042659759,False,0.3979102147282188,False
candidate_001484,D0-D2,D0,D2,000,100,4212,12,10,1279,1280,1290,0.3415992938845729,0.49936698246710554,1.2336141743725586,0.9109722042901004,2.3023815155029297,2.151050329208374,0.15133118629455566,0.7535293042659759,False,0.3975624650120752,False
candidate_001485,D0-D1,D0,D1,000,010,4206,6,10,1202,1203,1213,0.4603461031782143,0.49936698246710554,0.9314276494459961,0.9109722042901004,2.315232992172241,2.0451583862304688,0.27007460594177246,0.7535293042659759,False,0.3975236371399072,False
candidate_001486,D0-D1,D0,D1,000,010,4215,15,3,675,676,679,0.4645128308013056,0.47598741001451006,0.85938709225197,0.7597972260789279,2.30489182472229,2.0465471744537354,0.2583446502685547,0.7535293042659759,False,0.3973637084639879,False
candidate_001487,D0-D2,D0,D2,000,100,4212,12,3,917,918,921,0.2439882274168856,0.47598741001451006,0.7672328731023671,0.7597972260789279,2.3023815155029297,2.151050329208374,0.15133118629455566,0.7535293042659759,False,0.3956255970417573,False
candidate_001488,D0-D2,D0,D2,000,100,4208,8,5,970,971,976,0.4027367233084482,0.4828801581659705,0.9777212403130963,0.8000757674576986,2.309361219406128,2.1064178943634033,0.2029433250427246,0.7535293042659759,False,0.3946178140477562,False
candidate_001489,D0-D1,D0,D1,000,010,4206,6,5,747,748,753,0.44253842680858113,0.4828801581659705,0.8056284027387137,0.8000757674576986,2.315232992172241,2.0451583862304688,0.27007460594177246,0.7535293042659759,False,0.3937999255100932,False
candidate_001490,D0-D1,D0,D1,000,010,4215,15,3,676,677,680,0.42937392114204154,0.47598741001451006,0.786198931420175,0.7597972260789279,2.30489182472229,2.0465471744537354,0.2583446502685547,0.7535293042659759,False,0.3932727674728441,False
candidate_001491,D0-D1,D0,D1,000,010,4215,15,10,970,971,981,0.48486135477196807,0.49936698246710554,1.0096269514266825,0.9109722042901004,2.30489182472229,2.0465471744537354,0.2583446502685547,0.7535293042659759,False,0.39134283695454,False
candidate_001492,D0-D2,D0,D2,000,100,4208,8,3,1534,1535,1538,0.3944351006383535,0.47598741001451006,0.9128794093604211,0.7597972260789279,2.309361219406128,2.1064178943634033,0.2029433250427246,0.7535293042659759,False,0.3904902933996094,False
candidate_001493,D0-D2,D0,D2,000,100,4212,12,10,1275,1276,1286,0.29674287191241566,0.49936698246710554,1.0506457340489153,0.9109722042901004,2.3023815155029297,2.151050329208374,0.15133118629455566,0.7535293042659759,False,0.389779499960449,False
candidate_001494,D0-D2,D0,D2,000,100,4212,12,5,1276,1277,1282,0.3033757924972403,0.4828801581659705,0.9751757972997595,0.8000757674576986,2.3023815155029297,2.151050329208374,0.15133118629455566,0.7535293042659759,False,0.3896175615407028,False
candidate_001495,D1-D2,D1,D2,010,100,4215,15,3,1469,1470,1473,0.32614688632721817,0.47598741001451006,0.7877822469528589,0.7597972260789279,2.0465471744537354,2.240429162979126,0.19388198852539062,0.7535293042659759,False,0.38933911178360586,False
candidate_001496,D0-D2,D0,D2,000,100,4212,12,3,645,646,649,0.25316966350448095,0.47598741001451006,0.7827202233489441,0.7597972260789279,2.3023815155029297,2.151050329208374,0.15133118629455566,0.7535293042659759,False,0.38897433117398056,False
candidate_001497,D0-D2,D0,D2,000,100,4208,8,3,214,215,218,0.4159823717822109,0.47598741001451006,0.9558448387556993,0.7597972260789279,2.309361219406128,2.1064178943634033,0.2029433250427246,0.7535293042659759,False,0.3876902328495653,False
candidate_001498,D0-D1,D0,D1,000,010,4215,15,3,671,672,675,0.466028591850604,0.47598741001451006,0.8389608959125308,0.7597972260789279,2.30489182472229,2.0465471744537354,0.2583446502685547,0.7535293042659759,False,0.3866573273484099,False
candidate_001499,D0-D2,D0,D2,000,100,4212,12,5,648,649,654,0.31732765139519564,0.4828801581659705,1.0090348804415794,0.8000757674576986,2.3023815155029297,2.151050329208374,0.15133118629455566,0.7535293042659759,False,0.38542048671989204,False
candidate_001500,D0-D2,D0,D2,000,100,4212,12,5,1278,1279,1284,0.34033651890620237,0.4828801581659705,1.0804410307136834,0.8000757674576986,2.3023815155029297,2.151050329208374,0.15133118629455566,0.7535293042659759,False,0.3847946718476304,False
candidate_001501,D1-D2,D1,D2,010,100,4215,15,5,2463,2464,2469,0.3342086235083429,0.4828801581659705,0.8262115382610187,0.8000757674576986,2.0465471744537354,2.240429162979126,0.19388198852539062,0.7535293042659759,False,0.38390093206433246,False
candidate_001502,D0-D2,D0,D2,000,100,4212,12,5,645,646,651,0.27544821797897107,0.4828801581659705,0.869775169839417,0.8000757674576986,2.3023815155029297,2.151050329208374,0.15133118629455566,0.7535293042659759,False,0.38273975279219424,False
candidate_001503,D0-D2,D0,D2,000,100,4223,23,5,149,150,155,0.2716104935659847,0.4828801581659705,1.170925230835395,0.8000757674576986,2.3154003620147705,2.204577684402466,0.11082267761230469,0.7535293042659759,False,0.38266554086318,False
candidate_001504,D0-D2,D0,D2,000,100,4223,23,10,144,145,155,0.20559163316100207,0.49936698246710554,0.9751786668988138,0.9109722042901004,2.3154003620147705,2.204577684402466,0.11082267761230469,0.7535293042659759,False,0.38240357720163254,False
candidate_001505,D0-D2,D0,D2,000,100,4208,8,3,970,971,974,0.42775104149819854,0.47598741001451006,0.9690596554588956,0.7597972260789279,2.309361219406128,2.1064178943634033,0.2029433250427246,0.7535293042659759,False,0.38223620861509805,False
candidate_001506,D0-D2,D0,D2,000,100,4208,8,10,1058,1059,1069,0.4661168460512652,0.49936698246710554,1.2060580776414134,0.9109722042901004,2.309361219406128,2.1064178943634033,0.2029433250427246,0.7535293042659759,False,0.381999457190969,False
candidate_001507,D0-D2,D0,D2,000,100,4212,12,10,1274,1275,1285,0.2879406775084564,0.49936698246710554,0.9983272342447149,0.9109722042901004,2.3023815155029297,2.151050329208374,0.15133118629455566,0.7535293042659759,False,0.3816918481448403,False
candidate_001508,D0-D2,D0,D2,000,100,4218,18,10,83,84,94,0.12886643318456772,0.49936698246710554,0.9518193439775551,0.9109722042901004,2.283595561981201,2.2126011848449707,0.07099437713623047,0.7535293042659759,False,0.3814637058757756,False
candidate_001509,D0-D2,D0,D2,000,100,4212,12,5,1277,1278,1283,0.31729414272491435,0.4828801581659705,0.9975590075651849,0.8000757674576986,2.3023815155029297,2.151050329208374,0.15133118629455566,0.7535293042659759,False,0.3810772944065071,False
candidate_001510,D0-D2,D0,D2,000,100,4208,8,10,1060,1061,1071,0.48775582061956235,0.49936698246710554,1.2574493015875454,0.9109722042901004,2.309361219406128,2.1064178943634033,0.2029433250427246,0.7535293042659759,False,0.3806075039772387,False
candidate_001511,D0-D1,D0,D1,000,010,4215,15,3,1252,1253,1256,0.448370760880522,0.47598741001451006,0.7933312121198339,0.7597972260789279,2.30489182472229,2.0465471744537354,0.2583446502685547,0.7535293042659759,False,0.38002690591793303,False
candidate_001512,D0-D2,D0,D2,000,100,4208,8,10,1059,1060,1070,0.4761140300795702,0.49936698246710554,1.2237265065836664,0.9109722042901004,2.309361219406128,2.1064178943634033,0.2029433250427246,0.7535293042659759,False,0.3794571242206085,False
candidate_001513,D0-D2,D0,D2,000,100,4208,8,10,1584,1585,1595,0.4581602918033999,0.49936698246710554,1.1705859864474626,0.9109722042901004,2.309361219406128,2.1064178943634033,0.2029433250427246,0.7535293042659759,False,0.37720305131123993,False
candidate_001514,D0-D2,D0,D2,000,100,4208,8,10,1585,1586,1596,0.47345822444358215,0.49936698246710554,1.2091510189399768,0.9109722042901004,2.309361219406128,2.1064178943634033,0.2029433250427246,0.7535293042659759,False,0.37704067507146044,False
candidate_001515,D0-D2,D0,D2,000,100,4208,8,3,968,969,972,0.36027585298537934,0.47598741001451006,0.8032849840440284,0.7597972260789279,2.309361219406128,2.1064178943634033,0.2029433250427246,0.7535293042659759,False,0.3761896829748339,False
candidate_001516,D0-D2,D0,D2,000,100,4208,8,5,968,969,974,0.3776855801923262,0.4828801581659705,0.8740373527569752,0.8000757674576986,2.309361219406128,2.1064178943634033,0.2029433250427246,0.7535293042659759,False,0.37616852806430284,False
candidate_001517,D0-D2,D0,D2,000,100,4208,8,5,1536,1537,1542,0.43043102560536145,0.4828801581659705,0.9943094035510118,0.8000757674576986,2.309361219406128,2.1064178943634033,0.2029433250427246,0.7535293042659759,False,0.37549213746567917,False
candidate_001518,D0-D2,D0,D2,000,100,4212,12,5,1275,1276,1281,0.2877219213436007,0.4828801581659705,0.8912611277598814,0.8000757674576986,2.3023815155029297,2.151050329208374,0.15133118629455566,0.7535293042659759,False,0.37546421146045983,False
candidate_001519,D0-D2,D0,D2,000,100,4208,8,5,1535,1536,1541,0.4154381329878476,0.4828801581659705,0.9594311970319181,0.8000757674576986,2.309361219406128,2.1064178943634033,0.2029433250427246,0.7535293042659759,False,0.37539661040158007,False
candidate_001520,D0-D2,D0,D2,000,100,4208,8,5,1582,1583,1588,0.4308247169107844,0.4828801581659705,0.988437324706967,0.8000757674576986,2.309361219406128,2.1064178943634033,0.2029433250427246,0.7535293042659759,False,0.37293349739600795,False
candidate_001521,D0-D2,D0,D2,000,100,4208,8,3,1582,1583,1586,0.4083253894583615,0.47598741001451006,0.9011496590344522,0.7597972260789279,2.309361219406128,2.1064178943634033,0.2029433250427246,0.7535293042659759,False,0.3723599171200874,False
candidate_001522,D0-D1,D0,D1,000,010,4215,15,5,671,672,677,0.4466925275183438,0.4828801581659705,0.8033629170945298,0.8000757674576986,2.30489182472229,2.0465471744537354,0.2583446502685547,0.7535293042659759,False,0.3721436933045456,False
candidate_001523,D0-D2,D0,D2,000,100,4208,8,5,971,972,977,0.4344709642868176,0.4828801581659705,0.992735274372701,0.8000757674576986,2.309361219406128,2.1064178943634033,0.2029433250427246,0.7535293042659759,False,0.3714116864440626,False
candidate_001524,D0-D2,D0,D2,000,100,4208,8,10,1583,1584,1594,0.46373008125750503,0.49936698246710554,1.1648472963318335,0.9109722042901004,2.309361219406128,2.1064178943634033,0.2029433250427246,0.7535293042659759,False,0.3708455317075521,False
candidate_001525,D0-D2,D0,D2,000,100,4212,12,5,918,919,924,0.2638815213927753,0.4828801581659705,0.8070908091175548,0.8000757674576986,2.3023815155029297,2.151050329208374,0.15133118629455566,0.7535293042659759,False,0.37072336298444936,False
candidate_001526,D0-D2,D0,D2,000,100,4208,8,10,1057,1058,1068,0.460979461975139,0.49936698246710554,1.1491479362269545,0.9109722042901004,2.309361219406128,2.1064178943634033,0.2029433250427246,0.7535293042659759,False,0.3680303951595624,False
candidate_001527,D0-D1,D0,D1,000,010,4215,15,3,1777,1778,1781,0.45673743088365565,0.47598741001451006,0.7789111484625557,0.7597972260789279,2.30489182472229,2.0465471744537354,0.2583446502685547,0.7535293042659759,False,0.36628438397594876,False
candidate_001528,D0-D1,D0,D1,000,010,4215,15,5,673,674,679,0.4746663167477062,0.4828801581659705,0.8382581962519849,0.8000757674576986,2.30489182472229,2.0465471744537354,0.2583446502685547,0.7535293042659759,False,0.3654239131793211,False
candidate_001529,D0-D2,D0,D2,000,100,4212,12,3,790,791,794,0.301072694067586,0.47598741001451006,0.8710674631328325,0.7597972260789279,2.3023815155029297,2.151050329208374,0.15133118629455566,0.7535293042659759,False,0.36400426753915305,False
candidate_001530,D0-D2,D0,D2,000,100,4212,12,3,1278,1279,1282,0.35570707587797645,0.47598741001451006,1.0251730485353914,0.7597972260789279,2.3023815155029297,2.151050329208374,0.15133118629455566,0.7535293042659759,False,0.36260244476670417,False
candidate_001531,D0-D1,D0,D1,000,010,4215,15,5,672,673,678,0.45911946250048097,0.4828801581659705,0.8043667506505601,0.8000757674576986,2.30489182472229,2.0465471744537354,0.2583446502685547,0.7535293042659759,False,0.3625233435638882,False
candidate_001532,D1-D2,D1,D2,010,100,4215,15,3,1471,1472,1475,0.3816349302570129,0.47598741001451006,0.8580849489524626,0.7597972260789279,2.0465471744537354,2.240429162979126,0.19388198852539062,0.7535293042659759,False,0.3624242488043381,False
candidate_001533,D0-D2,D0,D2,000,100,4212,12,10,648,649,659,0.31850065948044337,0.49936698246710554,1.04661822473257,0.9109722042901004,2.3023815155029297,2.151050329208374,0.15133118629455566,0.7535293042659759,False,0.3617603332563273,False
candidate_001534,D0-D2,D0,D2,000,100,4212,12,3,1274,1275,1278,0.2744096362091792,0.47598741001451006,0.7855262977651593,0.7597972260789279,2.3023815155029297,2.151050329208374,0.15133118629455566,0.7535293042659759,False,0.3601533203245284,False
candidate_001535,D0-D2,D0,D2,000,100,4212,12,10,1273,1274,1284,0.2841633929633256,0.49936698246710554,0.9270428025769889,0.9109722042901004,2.3023815155029297,2.151050329208374,0.15133118629455566,0.7535293042659759,False,0.3591489862686455,False
candidate_001536,D0-D2,D0,D2,000,100,4208,8,5,215,216,221,0.43474923848131614,0.4828801581659705,0.9604596974913346,0.8000757674576986,2.309361219406128,2.1064178943634033,0.2029433250427246,0.7535293042659759,False,0.359106432641497,False
candidate_001537,D0-D2,D0,D2,000,100,4208,8,3,1536,1537,1540,0.4654526596747535,0.47598741001451006,0.9889752130564476,0.7597972260789279,2.309361219406128,2.1064178943634033,0.2029433250427246,0.7535293042659759,False,0.3584943189743437,False
candidate_001538,D1-D2,D1,D2,010,100,4215,15,10,2466,2467,2477,0.36299041130683907,0.49936698246710554,0.9225474181319907,0.9109722042901004,2.0465471744537354,2.240429162979126,0.19388198852539062,0.7535293042659759,False,0.3584640124994476,False
candidate_001539,D0-D2,D0,D2,000,100,4218,18,10,88,89,99,0.1794947331336511,0.49936698246710554,1.2456319433100842,0.9109722042901004,2.283595561981201,2.2126011848449707,0.07099437713623047,0.7535293042659759,False,0.3584070403005764,False
candidate_001540,D0-D2,D0,D2,000,100,4212,12,3,788,789,792,0.30729542599379617,0.47598741001451006,0.8733171972548385,0.7597972260789279,2.3023815155029297,2.151050329208374,0.15133118629455566,0.7535293042659759,False,0.35755426971249876,False
candidate_001541,D1-D2,D1,D2,010,100,4208,8,5,510,511,516,0.38879896931771024,0.4828801581659705,1.2209538606969823,0.8000757674576986,2.2485151290893555,2.1064178943634033,0.14209723472595215,0.7535293042659759,False,0.35741096419216506,False
candidate_001542,D0-D2,D0,D2,000,100,4212,12,10,31,32,42,0.29985911294665535,0.49936698246710554,0.9725967267197123,0.9109722042901004,2.3023815155029297,2.151050329208374,0.15133118629455566,0.7535293042659759,False,0.35707425591091996,False
candidate_001543,D0-D2,D0,D2,000,100,4208,8,10,969,970,980,0.3921438436194841,0.49936698246710554,0.9482209082744584,0.9109722042901004,2.309361219406128,2.1064178943634033,0.2029433250427246,0.7535293042659759,False,0.3569878614932964,False
candidate_001544,D0-D2,D0,D2,000,100,4212,12,10,647,648,658,0.3090658311981015,0.49936698246710554,1.000199623914396,0.9109722042901004,2.3023815155029297,2.151050329208374,0.15133118629455566,0.7535293042659759,False,0.35626952998418665,False
candidate_001545,D0-D2,D0,D2,000,100,4208,8,5,1534,1535,1540,0.426678250161344,0.4828801581659705,0.9344459927234317,0.8000757674576986,2.309361219406128,2.1064178943634033,0.2029433250427246,0.7535293042659759,False,0.35598899246925814,False
candidate_001546,D0-D2,D0,D2,000,100,4212,12,3,648,649,652,0.35294616096242026,0.47598741001451006,0.9959640263200463,0.7597972260789279,2.3023815155029297,2.151050329208374,0.15133118629455566,0.7535293042659759,False,0.3550268850135979,False
candidate_001547,D0-D2,D0,D2,000,100,4212,12,5,1279,1280,1285,0.3947697473563024,0.4828801581659705,1.1548742825901488,0.8000757674576986,2.3023815155029297,2.151050329208374,0.15133118629455566,0.7535293042659759,False,0.3545907321242591,False
candidate_001548,D0-D2,D0,D2,000,100,4208,8,5,214,215,220,0.44227657576962104,0.4828801581659705,0.9629715733722033,0.8000757674576986,2.309361219406128,2.1064178943634033,0.2029433250427246,0.7535293042659759,False,0.35391779322091077,False
candidate_001549,D0-D2,D0,D2,000,100,4212,12,5,1274,1275,1280,0.2784546672927548,0.4828801581659705,0.8121452608254838,0.8000757674576986,2.3023815155029297,2.151050329208374,0.15133118629455566,0.7535293042659759,False,0.35352143091644095,False
candidate_001550,D0-D2,D0,D2,000,100,4208,8,3,1533,1534,1537,0.3923317890305965,0.47598741001451006,0.8195994490667106,0.7597972260789279,2.309361219406128,2.1064178943634033,0.2029433250427246,0.7535293042659759,False,0.35246869158649397,False
candidate_001551,D1-D2,D1,D2,010,100,4215,15,3,2466,2467,2470,0.41529909928199543,0.47598741001451006,0.9059518457285232,0.7597972260789279,2.0465471744537354,2.240429162979126,0.19388198852539062,0.7535293042659759,False,0.3516245633744672,False
candidate_001552,D0-D2,D0,D2,000,100,4208,8,3,213,214,217,0.41543785961750085,0.47598741001451006,0.8643302278765824,0.7597972260789279,2.309361219406128,2.1064178943634033,0.2029433250427246,0.7535293042659759,False,0.35103144096915867,False
candidate_001553,D0-D2,D0,D2,000,100,4218,18,3,87,88,91,0.17743347267567208,0.47598741001451006,1.0551625528925292,0.7597972260789279,2.283595561981201,2.2126011848449707,0.07099437713623047,0.7535293042659759,False,0.350998601690763,False
candidate_001554,D0-D2,D0,D2,000,100,4212,12,5,789,790,795,0.2998845191625555,0.4828801581659705,0.8667338918082936,0.8000757674576986,2.3023815155029297,2.151050329208374,0.15133118629455566,0.7535293042659759,False,0.35032268910430614,False
candidate_001555,D0-D2,D0,D2,000,100,4208,8,5,216,217,222,0.4612560109600157,0.4828801581659705,0.993539522648391,0.8000757674576986,2.309361219406128,2.1064178943634033,0.2029433250427246,0.7535293042659759,False,0.3501273024976734,False
candidate_001556,D0-D2,D0,D2,000,100,4208,8,3,199,200,203,0.38935606949460394,0.47598741001451006,0.8076230157701081,0.7597972260789279,2.309361219406128,2.1064178943634033,0.2029433250427246,0.7535293042659759,False,0.3499726654243085,False
candidate_001557,D0-D2,D0,D2,000,100,4208,8,5,972,973,978,0.47225871400858466,0.4828801581659705,1.0127207762576886,0.8000757674576986,2.309361219406128,2.1064178943634033,0.2029433250427246,0.7535293042659759,False,0.34857208834550785,False
candidate_001558,D0-D2,D0,D2,000,100,4208,8,3,699,700,703,0.4164736036706875,0.47598741001451006,0.8601628928654661,0.7597972260789279,2.309361219406128,2.1064178943634033,0.2029433250427246,0.7535293042659759,False,0.3484701720089363,False
candidate_001559,D0-D2,D0,D2,000,100,4208,8,3,215,216,219,0.4401667441922185,0.47598741001451006,0.9087374140896548,0.7597972260789279,2.309361219406128,2.1064178943634033,0.2029433250427246,0.7535293042659759,False,0.34833215682541807,False
candidate_001560,D0-D2,D0,D2,000,100,4208,8,3,1535,1536,1539,0.42072461795011673,0.47598741001451006,0.8680749479887332,0.7597972260789279,2.309361219406128,2.1064178943634033,0.2029433250427246,0.7535293042659759,False,0.34812217277246726,False
candidate_001561,D0-D2,D0,D2,000,100,4208,8,10,1056,1057,1067,0.4612642783097979,0.49936698246710554,1.0838145744369314,0.9109722042901004,2.309361219406128,2.1064178943634033,0.2029433250427246,0.7535293042659759,False,0.3468921620900014,False
candidate_001562,D1-D2,D1,D2,010,100,4215,15,3,1470,1471,1474,0.3659027687248087,0.47598741001451006,0.786831729560868,0.7597972260789279,2.0465471744537354,2.240429162979126,0.19388198852539062,0.7535293042659759,False,0.3466181101625282,False
candidate_001563,D0-D2,D0,D2,000,100,4212,12,3,1275,1276,1279,0.29927171673211506,0.47598741001451006,0.8210930402161277,0.7597972260789279,2.3023815155029297,2.151050329208374,0.15133118629455566,0.7535293042659759,False,0.3451856620713457,False
candidate_001564,D0-D2,D0,D2,000,100,4212,12,3,1276,1277,1280,0.32697273492575785,0.47598741001451006,0.8968112266740363,0.7597972260789279,2.3023815155029297,2.151050329208374,0.15133118629455566,0.7535293042659759,False,0.3450766303505742,False
candidate_001565,D1-D2,D1,D2,010,100,4215,15,3,1507,1508,1511,0.38663289277391444,0.47598741001451006,0.8273030130110656,0.7597972260789279,2.0465471744537354,2.240429162979126,0.19388198852539062,0.7535293042659759,False,0.34490611014206196,False
candidate_001566,D1-D2,D1,D2,010,100,4215,15,5,2466,2467,2472,0.369051538156695,0.4828801581659705,0.8154644910975979,0.8000757674576986,2.0465471744537354,2.240429162979126,0.19388198852539062,0.7535293042659759,False,0.3431338771349318,False
candidate_001567,D0-D2,D0,D2,000,100,4212,12,3,1277,1278,1281,0.3404889849545299,0.47598741001451006,0.928257200020525,0.7597972260789279,2.3023815155029297,2.151050329208374,0.15133118629455566,0.7535293042659759,False,0.3429977821724456,False
candidate_001568,D0-D2,D0,D2,000,100,4212,12,3,756,757,760,0.40722353765978087,0.47598741001451006,1.110021951096322,0.7597972260789279,2.3023815155029297,2.151050329208374,0.15133118629455566,0.7535293042659759,False,0.34294521441338777,False
candidate_001569,D0-D2,D0,D2,000,100,4208,8,5,1057,1058,1063,0.47994198343784034,0.4828801581659705,1.0093792590487802,0.8000757674576986,2.309361219406128,2.1064178943634033,0.2029433250427246,0.7535293042659759,False,0.3418601692601605,False
candidate_001570,D0-D2,D0,D2,000,100,4212,12,5,197,198,203,0.3436462815723018,0.4828801581659705,0.9691825634164001,0.8000757674576986,2.3023815155029297,2.151050329208374,0.15133118629455566,0.7535293042659759,False,0.3418459798086016,False
candidate_001571,D0-D2,D0,D2,000,100,4208,8,10,970,971,981,0.40980153380087536,0.49936698246710554,0.9463959837514085,0.9109722042901004,2.309361219406128,2.1064178943634033,0.2029433250427246,0.7535293042659759,False,0.34094838080964807,False
candidate_001572,D0-D2,D0,D2,000,100,4208,8,3,1053,1054,1057,0.4511845039048439,0.47598741001451006,0.9093128648439702,0.7597972260789279,2.309361219406128,2.1064178943634033,0.2029433250427246,0.7535293042659759,False,0.34004120574173746,False
candidate_001573,D0-D2,D0,D2,000,100,4212,12,5,790,791,796,0.3042290705129018,0.4828801581659705,0.8516772458522622,0.8000757674576986,2.3023815155029297,2.151050329208374,0.15133118629455566,0.7535293042659759,False,0.33932110104177415,False
candidate_001574,D0-D2,D0,D2,000,100,4208,8,10,1582,1583,1593,0.47825835051485305,0.49936698246710554,1.0939427597165952,0.9109722042901004,2.309361219406128,2.1064178943634033,0.2029433250427246,0.7535293042659759,False,0.337692456890555,False
candidate_001575,D0-D2,D0,D2,000,100,4212,12,3,197,198,201,0.33450735025842093,0.47598741001451006,0.8976298610749586,0.7597972260789279,2.3023815155029297,2.151050329208374,0.15133118629455566,0.7535293042659759,False,0.33761184761399016,False
candidate_001576,D0-D2,D0,D2,000,100,4208,8,3,700,701,704,0.4282729533584666,0.47598741001451006,0.8486121104959155,0.7597972260789279,2.309361219406128,2.1064178943634033,0.2029433250427246,0.7535293042659759,False,0.33431892690203524,False
candidate_001577,D0-D2,D0,D2,000,100,4212,12,10,646,647,657,0.3126167762684319,0.49936698246710554,0.9471452749996949,0.9109722042901004,2.3023815155029297,2.151050329208374,0.15133118629455566,0.7535293042659759,False,0.33353952422366523,False
candidate_001578,D1-D2,D1,D2,010,100,4208,8,3,1059,1060,1063,0.38973376058978754,0.47598741001451006,1.0993936763364007,0.7597972260789279,2.2485151290893555,2.1064178943634033,0.14209723472595215,0.7535293042659759,False,0.33324868822681447,False
candidate_001579,D0-D2,D0,D2,000,100,4212,12,5,788,789,794,0.31291550001765656,0.4828801581659705,0.8592527880857455,0.8000757674576986,2.3023815155029297,2.151050329208374,0.15133118629455566,0.7535293042659759,False,0.33283608702468837,False
candidate_001580,D0-D2,D0,D2,000,100,4212,12,10,649,650,660,0.3545219278727512,0.49936698246710554,1.0710998014331257,0.9109722042901004,2.3023815155029297,2.151050329208374,0.15133118629455566,0.7535293042659759,False,0.3326058049382627,False
candidate_001581,D0-D2,D0,D2,000,100,4208,8,5,1581,1582,1587,0.4577884793097286,0.4828801581659705,0.9356620457924254,0.8000757674576986,2.309361219406128,2.1064178943634033,0.2029433250427246,0.7535293042659759,False,0.332228605164476,False
candidate_001582,D0-D2,D0,D2,000,100,4208,8,10,971,972,982,0.4221838768088403,0.49936698246710554,0.9498425055707943,0.9109722042901004,2.309361219406128,2.1064178943634033,0.2029433250427246,0.7535293042659759,False,0.3321538418412379,False
candidate_001583,D0-D2,D0,D2,000,100,4208,8,3,1051,1052,1055,0.4286492047815573,0.47598741001451006,0.8438193648559356,0.7597972260789279,2.309361219406128,2.1064178943634033,0.2029433250427246,0.7535293042659759,False,0.3321389838543041,False
candidate_001584,D0-D2,D0,D2,000,100,4208,8,5,1056,1057,1062,0.47522288206022356,0.4828801581659705,0.9704767198338647,0.8000757674576986,2.309361219406128,2.1064178943634033,0.2029433250427246,0.7535293042659759,False,0.33194845128631956,False
candidate_001585,D0-D2,D0,D2,000,100,4212,12,10,1280,1281,1291,0.41610786345093226,0.49936698246710554,1.248883192056108,0.9109722042901004,2.3023815155029297,2.151050329208374,0.15133118629455566,0.7535293042659759,False,0.3304143388150271,False
candidate_001586,D0-D2,D0,D2,000,100,4208,8,3,198,199,202,0.4198674355885063,0.47598741001451006,0.8207321937750183,0.7597972260789279,2.309361219406128,2.1064178943634033,0.2029433250427246,0.7535293042659759,False,0.32980836297029714,False
candidate_001587,D0-D2,D0,D2,000,100,4208,8,10,972,973,983,0.433968424512804,0.49936698246710554,0.9666799841188773,0.9109722042901004,2.309361219406128,2.1064178943634033,0.2029433250427246,0.7535293042659759,False,0.3288621699185732,False
candidate_001588,D0-D2,D0,D2,000,100,4208,8,10,1055,1056,1066,0.46695126524516406,0.49936698246710554,1.0368551964777462,0.9109722042901004,2.309361219406128,2.1064178943634033,0.2029433250427246,0.7535293042659759,False,0.32782032410745326,False
candidate_001589,D0-D2,D0,D2,000,100,4208,8,10,973,974,984,0.4417373940175102,0.49936698246710554,0.9804207284116414,0.9109722042901004,2.309361219406128,2.1064178943634033,0.2029433250427246,0.7535293042659759,False,0.32767072582329587,False
candidate_001590,D0-D2,D0,D2,000,100,4208,8,5,700,701,706,0.419564781024448,0.4828801581659705,0.8452147737128985,0.8000757674576986,2.309361219406128,2.1064178943634033,0.2029433250427246,0.7535293042659759,False,0.3274544695995809,False
candidate_001591,D0-D2,D0,D2,000,100,4208,8,5,1537,1538,1543,0.451054909106331,0.4828801581659705,0.9063399045532629,0.8000757674576986,2.309361219406128,2.1064178943634033,0.2029433250427246,0.7535293042659759,False,0.32662134024222855,False
candidate_001592,D1-D2,D1,D2,010,100,4215,15,5,227,228,233,0.42015693938966453,0.4828801581659705,0.8827356843547614,0.8000757674576986,2.0465471744537354,2.240429162979126,0.19388198852539062,0.7535293042659759,False,0.3262606558491269,False
candidate_001593,D0-D2,D0,D2,000,100,4208,8,3,194,195,198,0.3953523030357696,0.47598741001451006,0.7644566554379956,0.7597972260789279,2.309361219406128,2.1064178943634033,0.2029433250427246,0.7535293042659759,False,0.32624283335537146,False
candidate_001594,D0-D2,D0,D2,000,100,4212,12,10,32,33,43,0.3496925439054934,0.49936698246710554,1.0342745809510911,0.9109722042901004,2.3023815155029297,2.151050329208374,0.15133118629455566,0.7535293042659759,False,0.3256060509070978,False
candidate_001595,D0-D2,D0,D2,000,100,4212,12,3,918,919,922,0.32274462551435085,0.47598741001451006,0.8344749404600591,0.7597972260789279,2.3023815155029297,2.151050329208374,0.15133118629455566,0.7535293042659759,False,0.3252972054839149,False
candidate_001596,D0-D2,D0,D2,000,100,4208,8,10,15,16,26,0.4173878366278358,0.49936698246710554,0.9190371051299466,0.9109722042901004,2.309361219406128,2.1064178943634033,0.2029433250427246,0.7535293042659759,False,0.32507425827639214,False
candidate_001597,D0-D2,D0,D2,000,100,4212,12,3,199,200,203,0.4070732144208552,0.47598741001451006,1.0507865989341698,0.7597972260789279,2.3023815155029297,2.151050329208374,0.15133118629455566,0.7535293042659759,False,0.32476412652354475,False
candidate_001598,D0-D2,D0,D2,000,100,4212,12,3,198,199,202,0.3760241234531191,0.47598741001451006,0.9700166005332224,0.7597972260789279,2.3023815155029297,2.151050329208374,0.15133118629455566,0.7535293042659759,False,0.32455590212955826,False
candidate_001599,D0-D2,D0,D2,000,100,4208,8,5,1055,1056,1061,0.46331196192786644,0.4828801581659705,0.9248865065059314,0.8000757674576986,2.309361219406128,2.1064178943634033,0.2029433250427246,0.7535293042659759,False,0.32448737123249555,False
candidate_001600,D1-D2,D1,D2,010,100,4215,15,3,1508,1509,1512,0.4037179454691392,0.47598741001451006,0.8123642289734117,0.7597972260789279,2.0465471744537354,2.240429162979126,0.19388198852539062,0.7535293042659759,False,0.3243454562357886,False
candidate_001601,D0-D2,D0,D2,000,100,4208,8,3,1581,1582,1585,0.43669244511670136,0.47598741001451006,0.8378046085823146,0.7597972260789279,2.309361219406128,2.1064178943634033,0.2029433250427246,0.7535293042659759,False,0.3236975807747442,False
candidate_001602,D1-D2,D1,D2,010,100,4215,15,10,2467,2468,2478,0.41181574778648034,0.49936698246710554,0.9438319846333006,0.9109722042901004,2.0465471744537354,2.240429162979126,0.19388198852539062,0.7535293042659759,False,0.3232538883786274,False
candidate_001603,D0-D2,D0,D2,000,100,4208,8,10,974,975,985,0.4556958418427852,0.49936698246710554,0.9974251292128249,0.9109722042901004,2.309361219406128,2.1064178943634033,0.2029433250427246,0.7535293042659759,False,0.3231428590790097,False
candidate_001604,D0-D2,D0,D2,000,100,4208,8,3,459,460,463,0.4216461049450315,0.47598741001451006,0.8072040399665671,0.7597972260789279,2.309361219406128,2.1064178943634033,0.2029433250427246,0.7535293042659759,False,0.3230037922749003,False
candidate_001605,D0-D2,D0,D2,000,100,4208,8,5,699,700,705,0.4107524134621012,0.4828801581659705,0.8114849055208274,0.8000757674576986,2.309361219406128,2.1064178943634033,0.2029433250427246,0.7535293042659759,False,0.3211317091749253,False
candidate_001606,D0-D2,D0,D2,000,100,4212,12,5,198,199,204,0.34997540418917017,0.4828801581659705,0.9270377696853468,0.8000757674576986,2.3023815155029297,2.151050329208374,0.15133118629455566,0.7535293042659759,False,0.32106756815839316,False
candidate_001607,D1-D2,D1,D2,010,100,4215,15,5,1509,1510,1515,0.42570452242677687,0.4828801581659705,0.8797244971466959,0.8000757674576986,2.0465471744537354,2.240429162979126,0.19388198852539062,0.7535293042659759,False,0.3209105422065335,False
candidate_001608,D1-D2,D1,D2,010,100,4215,15,3,405,406,409,0.434086467044823,0.47598741001451006,0.8631604800483543,0.7597972260789279,2.0465471744537354,2.240429162979126,0.19388198852539062,0.7535293042659759,False,0.3205164930435079,False
candidate_001609,D1-D2,D1,D2,010,100,4215,15,5,1508,1509,1514,0.40791757262270184,0.4828801581659705,0.8418738841456496,0.8000757674576986,2.0465471744537354,2.240429162979126,0.19388198852539062,0.7535293042659759,False,0.3204942080032727,False
candidate_001610,D0-D2,D0,D2,000,100,4212,12,3,1279,1280,1283,0.4261976674054397,0.47598741001451006,1.0845697976475328,0.7597972260789279,2.3023815155029297,2.151050329208374,0.15133118629455566,0.7535293042659759,False,0.3201639946757109,False
candidate_001611,D0-D2,D0,D2,000,100,4208,8,5,1054,1055,1060,0.4542504529555057,0.4828801581659705,0.891883776206193,0.8000757674576986,2.309361219406128,2.1064178943634033,0.2029433250427246,0.7535293042659759,False,0.3191506723664476,False
candidate_001612,D0-D2,D0,D2,000,100,4212,12,10,757,758,768,0.3820676057517777,0.49936698246710554,1.105506361223926,0.9109722042901004,2.3023815155029297,2.151050329208374,0.15133118629455566,0.7535293042659759,False,0.31854003043050927,False
candidate_001613,D0-D2,D0,D2,000,100,4212,12,5,30,31,36,0.30543870997288713,0.4828801581659705,0.801783185956341,0.8000757674576986,2.3023815155029297,2.151050329208374,0.15133118629455566,0.7535293042659759,False,0.3181774532963864,False
candidate_001614,D0-D2,D0,D2,000,100,4223,23,10,440,441,451,0.2578623004749625,0.49936698246710554,1.0165073486538196,0.9109722042901004,2.3154003620147705,2.204577684402466,0.11082267761230469,0.7535293042659759,False,0.3178087575429923,False
candidate_001615,D0-D2,D0,D2,000,100,4223,23,10,441,442,452,0.26737709956362093,0.49936698246710554,1.053764365188261,0.9109722042901004,2.3154003620147705,2.204577684402466,0.11082267761230469,0.7535293042659759,False,0.31773312257251124,False
candidate_001616,D0-D2,D0,D2,000,100,4208,8,5,1053,1054,1059,0.4434483224610133,0.4828801581659705,0.8643608096233178,0.8000757674576986,2.309361219406128,2.1064178943634033,0.2029433250427246,0.7535293042659759,False,0.31683629058175955,False
candidate_001617,D0-D2,D0,D2,000,100,4223,23,5,439,440,445,0.231452221730119,0.4828801581659705,0.8261369087069466,0.8000757674576986,2.3154003620147705,2.204577684402466,0.11082267761230469,0.7535293042659759,False,0.3168308098754738,False
candidate_001618,D0-D2,D0,D2,000,100,4212,12,5,787,788,793,0.3191229789362079,0.4828801581659705,0.8323743899076745,0.8000757674576986,2.3023815155029297,2.151050329208374,0.15133118629455566,0.7535293042659759,False,0.3161528971463983,False
candidate_001619,D0-D2,D0,D2,000,100,4208,8,5,213,214,219,0.4610435853945022,0.4828801581659705,0.8962256439776859,0.8000757674576986,2.309361219406128,2.1064178943634033,0.2029433250427246,0.7535293042659759,False,0.31597902244759074,False
candidate_001620,D0-D2,D0,D2,000,100,4208,8,10,975,976,986,0.47915929724019607,0.49936698246710554,1.0241369908039903,0.9109722042901004,2.309361219406128,2.1064178943634033,0.2029433250427246,0.7535293042659759,False,0.3155494711540642,False
candidate_001621,D1-D2,D1,D2,010,100,4215,15,5,229,230,235,0.467844837820911,0.4828801581659705,0.9462172790543184,0.8000757674576986,2.0465471744537354,2.240429162979126,0.19388198852539062,0.7535293042659759,False,0.3140758871580758,False
candidate_001622,D1-D2,D1,D2,010,100,4208,8,3,1058,1059,1062,0.41783159428454675,0.47598741001451006,1.1076848305521458,0.7597972260789279,2.2485151290893555,2.1064178943634033,0.14209723472595215,0.7535293042659759,False,0.3131829958990623,False
candidate_001623,D1-D2,D1,D2,010,100,4208,8,10,511,512,522,0.4124632508251042,0.49936698246710554,1.2470076966992645,0.9109722042901004,2.2485151290893555,2.1064178943634033,0.14209723472595215,0.7535293042659759,False,0.3125244875514628,False
candidate_001624,D1-D2,D1,D2,010,100,4215,15,3,1506,1507,1510,0.4025351528171178,0.47598741001451006,0.7803428649982336,0.7597972260789279,2.0465471744537354,2.240429162979126,0.19388198852539062,0.7535293042659759,False,0.3124760471205799,False
candidate_001625,D0-D2,D0,D2,000,100,4208,8,3,200,201,204,0.4136307047274273,0.47598741001451006,0.7656326978567773,0.7597972260789279,2.309361219406128,2.1064178943634033,0.2029433250427246,0.7535293042659759,False,0.3123058287882263,False
candidate_001626,D1-D2,D1,D2,010,100,4215,15,5,1507,1508,1513,0.4119087577470243,0.4828801581659705,0.8282125057842872,0.8000757674576986,2.0465471744537354,2.240429162979126,0.19388198852539062,0.7535293042659759,False,0.31223840566495725,False
candidate_001627,D0-D2,D0,D2,000,100,4208,8,10,1581,1582,1592,0.4926628069806454,0.49936698246710554,1.0380951451104514,0.9109722042901004,2.309361219406128,2.1064178943634033,0.2029433250427246,0.7535293042659759,False,0.3110833063866592,False
candidate_001628,D0-D2,D0,D2,000,100,4208,8,5,1052,1053,1058,0.4412026986086203,0.4828801581659705,0.8440575159679541,0.8000757674576986,2.309361219406128,2.1064178943634033,0.2029433250427246,0.7535293042659759,False,0.31096875154511444,False
candidate_001629,D0-D2,D0,D2,000,100,4208,8,5,1051,1052,1057,0.44686987060630096,0.4828801581659705,0.8547463496254349,0.8000757674576986,2.309361219406128,2.1064178943634033,0.2029433250427246,0.7535293042659759,False,0.31091312033247737,False
candidate_001630,D0-D2,D0,D2,000,100,4208,8,5,198,199,204,0.43060342164961407,0.4828801581659705,0.8229237704785215,0.8000757674576986,2.309361219406128,2.1064178943634033,0.2029433250427246,0.7535293042659759,False,0.3106454518961859,False
candidate_001631,D0-D2,D0,D2,000,100,4212,12,10,645,646,656,0.33217873810640886,0.49936698246710554,0.936333249152075,0.9109722042901004,2.3023815155029297,2.151050329208374,0.15133118629455566,0.7535293042659759,False,0.3103141666066053,False
candidate_001632,D0-D2,D0,D2,000,100,4208,8,3,1052,1053,1056,0.44841056878525326,0.47598741001451006,0.8237834018109605,0.7597972260789279,2.309361219406128,2.1064178943634033,0.2029433250427246,0.7535293042659759,False,0.30996280638926105,False
candidate_001633,D0-D2,D0,D2,000,100,4212,12,10,920,921,931,0.32593698607557253,0.49936698246710554,0.9162456066056809,0.9109722042901004,2.3023815155029297,2.151050329208374,0.15133118629455566,0.7535293042659759,False,0.3094719190776023,False
candidate_001634,D1-D2,D1,D2,010,100,4215,15,5,228,229,234,0.44059702705827536,0.4828801581659705,0.8771353483606927,0.8000757674576986,2.0465471744537354,2.240429162979126,0.19388198852539062,0.7535293042659759,False,0.3091509699632608,False
candidate_001635,D1-D2,D1,D2,010,100,4215,15,5,1510,1511,1516,0.4525091247468317,0.4828801581659705,0.9002020524511689,0.8000757674576986,2.0465471744537354,2.240429162979126,0.19388198852539062,0.7535293042659759,False,0.3089286739328928,False
candidate_001636,D0-D2,D0,D2,000,100,4208,8,10,1054,1055,1065,0.4739336839802149,0.49936698246710554,0.9902194354924951,0.9109722042901004,2.309361219406128,2.1064178943634033,0.2029433250427246,0.7535293042659759,False,0.3084630815770902,False
candidate_001637,D0-D2,D0,D2,000,100,4208,8,3,197,198,201,0.4385406423991952,0.47598741001451006,0.7989286344545617,0.7597972260789279,2.309361219406128,2.1064178943634033,0.2029433250427246,0.7535293042659759,False,0.30737640421916007,False
candidate_001638,D1-D2,D1,D2,010,100,4215,15,10,230,231,241,0.458661387566243,0.49936698246710554,0.9982867933396723,0.9109722042901004,2.0465471744537354,2.240429162979126,0.19388198852539062,0.7535293042659759,False,0.30698359107451045,False
candidate_001639,D0-D2,D0,D2,000,100,4212,12,5,199,200,205,0.3734507348815185,0.4828801581659705,0.9452258368067186,0.8000757674576986,2.3023815155029297,2.151050329208374,0.15133118629455566,0.7535293042659759,False,0.30678830463847145,False
candidate_001640,D0-D2,D0,D2,000,100,4208,8,10,704,705,715,0.47526187359981936,0.49936698246710554,0.9871680667104563,0.9109722042901004,2.309361219406128,2.1064178943634033,0.2029433250427246,0.7535293042659759,False,0.30665316090902617,False
candidate_001641,D0-D2,D0,D2,000,100,4208,8,3,1054,1055,1058,0.46711749354418325,0.47598741001451006,0.8483537324679258,0.7597972260789279,2.309361219406128,2.1064178943634033,0.2029433250427246,0.7535293042659759,False,0.3064243194507875,False
candidate_001642,D0-D2,D0,D2,000,100,4208,8,5,1533,1534,1539,0.45637923382616596,0.4828801581659705,0.8602456235084504,0.8000757674576986,2.309361219406128,2.1064178943634033,0.2029433250427246,0.7535293042659759,False,0.3063934421396951,False
candidate_001643,D0-D2,D0,D2,000,100,4208,8,10,703,704,714,0.45705462629421584,0.49936698246710554,0.9470830463118618,0.9109722042901004,2.309361219406128,2.1064178943634033,0.2029433250427246,0.7535293042659759,False,0.3059209902682847,False
candidate_001644,D1-D2,D1,D2,010,100,4215,15,5,226,227,232,0.40664809448316547,0.4828801581659705,0.8004193335493582,0.8000757674576986,2.0465471744537354,2.240429162979126,0.19388198852539062,0.7535293042659759,False,0.3056640696740544,False
candidate_001645,D1-D2,D1,D2,010,100,4215,15,3,217,218,221,0.4189422993338618,0.47598741001451006,0.7919851337978348,0.7597972260789279,2.0465471744537354,2.240429162979126,0.19388198852539062,0.7535293042659759,False,0.30471785223182346,False
candidate_001646,D0-D2,D0,D2,000,100,4212,12,5,919,920,925,0.34238170450544025,0.4828801581659705,0.8601543742265867,0.8000757674576986,2.3023815155029297,2.151050329208374,0.15133118629455566,0.7535293042659759,False,0.3045105798496925,False
candidate_001647,D0-D2,D0,D2,000,100,4212,12,5,791,792,797,0.3342279874454953,0.4828801581659705,0.8395898254690746,0.8000757674576986,2.3023815155029297,2.151050329208374,0.15133118629455566,0.7535293042659759,False,0.3044814834250232,False
candidate_001648,D0-D2,D0,D2,000,100,4208,8,3,701,702,705,0.46227602828121267,0.47598741001451006,0.8332895064023902,0.7597972260789279,2.309361219406128,2.1064178943634033,0.2029433250427246,0.7535293042659759,False,0.3041353675641751,False
candidate_001649,D0-D2,D0,D2,000,100,4223,23,10,442,443,453,0.28535447609201886,0.49936698246710554,1.0764188663681973,0.9109722042901004,2.3154003620147705,2.204577684402466,0.11082267761230469,0.7535293042659759,False,0.30411637305017397,False
candidate_001650,D1-D2,D1,D2,010,100,4208,8,5,1060,1061,1066,0.4471393212457845,0.4828801581659705,1.1937466084028667,0.8000757674576986,2.2485151290893555,2.1064178943634033,0.14209723472595215,0.7535293042659759,False,0.3038526379388843,False
candidate_001651,D0-D2,D0,D2,000,100,4212,12,10,33,34,44,0.39789233406570007,0.49936698246710554,1.0936601897017375,0.9109722042901004,2.3023815155029297,2.151050329208374,0.15133118629455566,0.7535293042659759,False,0.3025936568677629,False
candidate_001652,D1-D2,D1,D2,010,100,4215,15,3,137,138,141,0.4096374765869212,0.47598741001451006,0.7688126448459748,0.7597972260789279,2.0465471744537354,2.240429162979126,0.19388198852539062,0.7535293042659759,False,0.3025212710646098,False
candidate_001653,D0-D2,D0,D2,000,100,4208,8,5,1538,1539,1544,0.481993911119498,0.4828801581659705,0.8967518288975628,0.8000757674576986,2.309361219406128,2.1064178943634033,0.2029433250427246,0.7535293042659759,False,0.3024221439445012,False
candidate_001654,D0-D2,D0,D2,000,100,4208,8,3,1055,1056,1059,0.4720537218562383,0.47598741001451006,0.8444145196246957,0.7597972260789279,2.309361219406128,2.1064178943634033,0.2029433250427246,0.7535293042659759,False,0.30181210436014017,False
candidate_001655,D1-D2,D1,D2,010,100,4215,15,10,2468,2469,2479,0.46017497127078033,0.49936698246710554,0.9846283162346061,0.9109722042901004,2.0465471744537354,2.240429162979126,0.19388198852539062,0.7535293042659759,False,0.30178756733093676,False
candidate_001656,D1-D2,D1,D2,010,100,4208,8,5,1059,1060,1065,0.4343809271832345,0.4828801581659705,1.1515772336162187,0.8000757674576986,2.2485151290893555,2.1064178943634033,0.14209723472595215,0.7535293042659759,False,0.30172830011550633,False
candidate_001657,D0-D2,D0,D2,000,100,4212,12,3,196,197,200,0.3191455462811386,0.47598741001451006,0.765099855329343,0.7597972260789279,2.3023815155029297,2.151050329208374,0.15133118629455566,0.7535293042659759,False,0.30161669987130646,False
candidate_001658,D0-D2,D0,D2,000,100,4212,12,3,1485,1486,1489,0.3558060833649905,0.47598741001451006,0.8524899348218044,0.7597972260789279,2.3023815155029297,2.151050329208374,0.15133118629455566,0.7535293042659759,False,0.3014407371079986,False
candidate_001659,D0-D2,D0,D2,000,100,4208,8,3,465,466,469,0.4270217116048096,0.47598741001451006,0.762578310658391,0.7597972260789279,2.309361219406128,2.1064178943634033,0.2029433250427246,0.7535293042659759,False,0.3013053749745962,False
candidate_001660,D1-D2,D1,D2,010,100,4215,15,10,229,230,240,0.4456960112358633,0.49936698246710554,0.9487974364097196,0.9109722042901004,2.0465471744537354,2.240429162979126,0.19388198852539062,0.7535293042659759,False,0.30025259679923455,False
candidate_001661,D0-D2,D0,D2,000,100,4208,8,3,196,197,200,0.4516510760227253,0.47598741001451006,0.8031084176479217,0.7597972260789279,2.309361219406128,2.1064178943634033,0.2029433250427246,0.7535293042659759,False,0.3000153778657928,False
candidate_001662,D0-D2,D0,D2,000,100,4223,23,5,440,441,446,0.2506592033956952,0.4828801581659705,0.8462882520944538,0.8000757674576986,2.3154003620147705,2.204577684402466,0.11082267761230469,0.7535293042659759,False,0.2996894075923093,False
candidate_001663,D1-D2,D1,D2,010,100,4215,15,3,1425,1426,1429,0.423581697218079,0.47598741001451006,0.7863747447966619,0.7597972260789279,2.0465471744537354,2.240429162979126,0.19388198852539062,0.7535293042659759,False,0.2992453785615113,False
candidate_001664,D0-D2,D0,D2,000,100,4208,8,10,215,216,226,0.4674415387098947,0.49936698246710554,0.9473052844379029,0.9109722042901004,2.309361219406128,2.1064178943634033,0.2029433250427246,0.7535293042659759,False,0.29919338019031616,False
candidate_001665,D0-D2,D0,D2,000,100,4208,8,3,458,459,462,0.44237880403913243,0.47598741001451006,0.784433399785125,0.7597972260789279,2.309361219406128,2.1064178943634033,0.2029433250427246,0.7535293042659759,False,0.29918109951413024,False
candidate_001666,D0-D2,D0,D2,000,100,4223,23,3,149,150,153,0.32803899729356834,0.47598741001451006,1.0650899027583507,0.7597972260789279,2.3154003620147705,2.204577684402466,0.11082267761230469,0.7535293042659759,False,0.29914864939701596,False
candidate_001667,D0-D2,D0,D2,000,100,4223,23,10,439,440,450,0.26493729137828215,0.49936698246710554,0.9813924107713656,0.9109722042901004,2.3154003620147705,2.204577684402466,0.11082267761230469,0.7535293042659759,False,0.2986364359680673,False
candidate_001668,D0-D2,D0,D2,000,100,4208,8,10,705,706,716,0.4902743201718494,0.49936698246710554,0.9902160502180393,0.9109722042901004,2.309361219406128,2.1064178943634033,0.2029433250427246,0.7535293042659759,False,0.29818111784335194,False
candidate_001669,D0-D2,D0,D2,000,100,4208,8,10,214,215,225,0.46429415978146243,0.49936698246710554,0.9363330266936319,0.9109722042901004,2.309361219406128,2.1064178943634033,0.2029433250427246,0.7535293042659759,False,0.2977326374731776,False
candidate_001670,D1-D2,D1,D2,010,100,4215,15,3,406,407,410,0.4136688417527876,0.47598741001451006,0.7637787781030945,0.7597972260789279,2.0465471744537354,2.240429162979126,0.19388198852539062,0.7535293042659759,False,0.297611602127476,False
candidate_001671,D0-D2,D0,D2,000,100,4203,3,3,27,28,31,0.24056354101816155,0.47598741001451006,0.7989751563268283,0.7597972260789279,2.2615039348602295,2.153775453567505,0.10772848129272461,0.7535293042659759,False,0.29746208695735954,False
candidate_001672,D0-D2,D0,D2,000,100,4212,12,5,649,650,655,0.4031569354003874,0.4828801581659705,0.9858855846719644,0.8000757674576986,2.3023815155029297,2.151050329208374,0.15133118629455566,0.7535293042659759,False,0.29640731339614573,False
candidate_001673,D0-D2,D0,D2,000,100,4208,8,10,1053,1054,1064,0.4814787092564258,0.49936698246710554,0.9656264113990503,0.9109722042901004,2.309361219406128,2.1064178943634033,0.2029433250427246,0.7535293042659759,False,0.29608838524748793,False
candidate_001674,D0-D2,D0,D2,000,100,4212,12,3,829,830,833,0.42429807659042457,0.47598741001451006,0.9962066575039185,0.7597972260789279,2.3023815155029297,2.151050329208374,0.15133118629455566,0.7535293042659759,False,0.29539587665784023,False
candidate_001675,D0-D2,D0,D2,000,100,4212,12,5,196,197,202,0.3613968275102047,0.4828801581659705,0.8783626904116771,0.8000757674576986,2.3023815155029297,2.151050329208374,0.15133118629455566,0.7535293042659759,False,0.29459547933102087,False
candidate_001676,D0-D2,D0,D2,000,100,4208,8,3,201,202,205,0.44160652653518345,0.47598741001451006,0.7705571907317642,0.7597972260789279,2.309361219406128,2.1064178943634033,0.2029433250427246,0.7535293042659759,False,0.2944026951899363,False
candidate_001677,D0-D2,D0,D2,000,100,4223,23,3,439,440,443,0.24322631531123332,0.47598741001451006,0.7766453394817574,0.7597972260789279,2.3154003620147705,2.204577684402466,0.11082267761230469,0.7535293042659759,False,0.29419713186455315,False
candidate_001678,D1-D2,D1,D2,010,100,4215,15,10,228,229,239,0.4404522418891921,0.49936698246710554,0.9145330663553585,0.9109722042901004,2.0465471744537354,2.240429162979126,0.19388198852539062,0.7535293042659759,False,0.29285497404988686,False
candidate_001679,D0-D2,D0,D2,000,100,4208,8,3,687,688,691,0.4714361582433012,0.47598741001451006,0.8180159679691286,0.7597972260789279,2.309361219406128,2.1064178943634033,0.2029433250427246,0.7535293042659759,False,0.2927596906234307,False
candidate_001680,D1-D2,D1,D2,010,100,4215,15,3,228,229,232,0.4584089681763781,0.47598741001451006,0.8322917006230649,0.7597972260789279,2.0465471744537354,2.240429162979126,0.19388198852539062,0.7535293042659759,False,0.2926560721712464,False
candidate_001681,D1-D2,D1,D2,010,100,4208,8,3,22,23,26,0.37016890001466196,0.47598741001451006,0.9153719918676405,0.7597972260789279,2.2485151290893555,2.1064178943634033,0.14209723472595215,0.7535293042659759,False,0.29213321186264124,False
candidate_001682,D0-D2,D0,D2,000,100,4212,12,3,1486,1487,1490,0.3945844290567892,0.47598741001451006,0.9157092001327539,0.7597972260789279,2.3023815155029297,2.151050329208374,0.15133118629455566,0.7535293042659759,False,0.2919736683935487,False
candidate_001683,D1-D2,D1,D2,010,100,4215,15,10,231,232,242,0.48434679349237814,0.49936698246710554,0.99984535082946,0.9109722042901004,2.0465471744537354,2.240429162979126,0.19388198852539062,0.7535293042659759,False,0.2911577935563624,False
candidate_001684,D0-D2,D0,D2,000,100,4212,12,5,1486,1487,1492,0.38698519595515285,0.4828801581659705,0.9289696648426414,0.8000757674576986,2.3023815155029297,2.151050329208374,0.15133118629455566,0.7535293042659759,False,0.2909669855418314,False
candidate_001685,D0-D2,D0,D2,000,100,4218,18,5,88,89,94,0.2326295879436561,0.4828801581659705,1.1878256707363604,0.8000757674576986,2.283595561981201,2.2126011848449707,0.07099437713623047,0.7535293042659759,False,0.29034864649219466,False
candidate_001686,D0-D2,D0,D2,000,100,4208,8,10,216,217,227,0.48031816660718424,0.49936698246710554,0.9443552289726059,0.9109722042901004,2.309361219406128,2.1064178943634033,0.2029433250427246,0.7535293042659759,False,0.29026568692861304,False
candidate_001687,D0-D2,D0,D2,000,100,4208,8,10,213,214,224,0.46843814911666914,0.49936698246710554,0.9203063000446323,0.9109722042901004,2.309361219406128,2.1064178943634033,0.2029433250427246,0.7535293042659759,False,0.2900477240177712,False
candidate_001688,D0-D2,D0,D2,000,100,4212,12,5,1229,1230,1235,0.3800720329625236,0.4828801581659705,0.9035183709259791,0.8000757674576986,2.3023815155029297,2.151050329208374,0.15133118629455566,0.7535293042659759,False,0.28814269060513326,False
candidate_001689,D0-D2,D0,D2,000,100,4208,8,10,18,19,29,0.4764992902652267,0.49936698246710554,0.9294068839470001,0.9109722042901004,2.309361219406128,2.1064178943634033,0.2029433250427246,0.7535293042659759,False,0.2879605205843875,False
candidate_001690,D0-D2,D0,D2,000,100,4208,8,3,686,687,690,0.47144109818332147,0.47598741001451006,0.8030767593412615,0.7597972260789279,2.309361219406128,2.1064178943634033,0.2029433250427246,0.7535293042659759,False,0.28741008642966265,False
candidate_001691,D1-D2,D1,D2,010,100,4215,15,3,1509,1510,1513,0.45080629082206625,0.47598741001451006,0.8029727535193909,0.7597972260789279,2.0465471744537354,2.240429162979126,0.19388198852539062,0.7535293042659759,False,0.28710841536011994,False
candidate_001692,D1-D2,D1,D2,010,100,4208,8,3,1060,1061,1064,0.45495614217367364,0.47598741001451006,1.104708540134854,0.7597972260789279,2.2485151290893555,2.1064178943634033,0.14209723472595215,0.7535293042659759,False,0.2868543372499502,False
candidate_001693,D1-D2,D1,D2,010,100,4215,15,3,202,203,206,0.4755974167449456,0.47598741001451006,0.8448469377889425,0.7597972260789279,2.0465471744537354,2.240429162979126,0.19388198852539062,0.7535293042659759,False,0.2863344667405124,False
candidate_001694,D0-D2,D0,D2,000,100,4212,12,5,1228,1229,1234,0.3488551999239059,0.4828801581659705,0.8170415845305072,0.8000757674576986,2.3023815155029297,2.151050329208374,0.15133118629455566,0.7535293042659759,False,0.2838804559146746,False
candidate_001695,D0-D2,D0,D2,000,100,4208,8,10,212,213,223,0.4762092002280976,0.49936698246710554,0.9151185299474909,0.9109722042901004,2.309361219406128,2.1064178943634033,0.2029433250427246,0.7535293042659759,False,0.2837062419215627,False
candidate_001696,D0-D2,D0,D2,000,100,4208,8,3,212,213,216,0.45616612503719683,0.47598741001451006,0.7666087397563891,0.7597972260789279,2.309361219406128,2.1064178943634033,0.2029433250427246,0.7535293042659759,False,0.2835457368474383,False
candidate_001697,D0-D2,D0,D2,000,100,4203,3,5,27,28,33,0.2457781078935996,0.4828801581659705,0.8050002700609048,0.8000757674576986,2.2615039348602295,2.153775453567505,0.10772848129272461,0.7535293042659759,False,0.2826125632856556,False
candidate_001698,D0-D2,D0,D2,000,100,4212,12,3,791,792,795,0.3563964737844029,0.47598741001451006,0.7989838664817274,0.7597972260789279,2.3023815155029297,2.151050329208374,0.15133118629455566,0.7535293042659759,False,0.28205296117831913,False
candidate_001699,D0-D2,D0,D2,000,100,4212,12,5,827,828,833,0.3984270281731659,0.4828801581659705,0.924802369771386,0.8000757674576986,2.3023815155029297,2.151050329208374,0.15133118629455566,0.7535293042659759,False,0.28134336373962643,False
candidate_001700,D0-D2,D0,D2,000,100,4212,12,10,650,651,661,0.42669366323127317,0.49936698246710554,1.088524501362883,0.9109722042901004,2.3023815155029297,2.151050329208374,0.15133118629455566,0.7535293042659759,False,0.28084390549774657,False
candidate_001701,D0-D2,D0,D2,000,100,4212,12,5,1487,1488,1493,0.4115428128527258,0.4828801581659705,0.9512678721268769,0.8000757674576986,2.3023815155029297,2.151050329208374,0.15133118629455566,0.7535293042659759,False,0.28017174905488756,False
candidate_001702,D0-D2,D0,D2,000,100,4208,8,10,19,20,30,0.4890522840321505,0.49936698246710554,0.9270974601101117,0.9109722042901004,2.309361219406128,2.1064178943634033,0.2029433250427246,0.7535293042659759,False,0.2798719817240557,False
candidate_001703,D0-D2,D0,D2,000,100,4212,12,10,921,922,932,0.37359141113796174,0.49936698246710554,0.9485251086430886,0.9109722042901004,2.3023815155029297,2.151050329208374,0.15133118629455566,0.7535293042659759,False,0.2795084466221973,False
candidate_001704,D0-D2,D0,D2,000,100,4212,12,5,1485,1486,1491,0.3770354122695439,0.4828801581659705,0.8690857362210717,0.8000757674576986,2.3023815155029297,2.151050329208374,0.15133118629455566,0.7535293042659759,False,0.27939396021798424,False
candidate_001705,D0-D2,D0,D2,000,100,4223,23,10,443,444,454,0.30738822696214013,0.49936698246710554,1.0649073081070084,0.9109722042901004,2.3154003620147705,2.204577684402466,0.11082267761230469,0.7535293042659759,False,0.27929796295769316,False
candidate_001706,D0-D2,D0,D2,000,100,4212,12,3,1437,1438,1441,0.3911446022586075,0.47598741001451006,0.8670125499949668,0.7597972260789279,2.3023815155029297,2.151050329208374,0.15133118629455566,0.7535293042659759,False,0.27887789691174913,False
candidate_001707,D0-D2,D0,D2,000,100,4223,23,3,440,441,444,0.27151920863632495,0.47598741001451006,0.8210016230429884,0.7597972260789279,2.3154003620147705,2.204577684402466,0.11082267761230469,0.7535293042659759,False,0.2785926863762192,False
candidate_001708,D0-D2,D0,D2,000,100,4212,12,10,34,35,45,0.439738495713007,0.49936698246710554,1.1117197418809106,0.9109722042901004,2.3023815155029297,2.151050329208374,0.15133118629455566,0.7535293042659759,False,0.2783196180016227,False
candidate_001709,D0-D2,D0,D2,000,100,4208,8,10,20,21,31,0.49634812015596613,0.49936698246710554,0.9354940990555718,0.9109722042901004,2.309361219406128,2.1064178943634033,0.2029433250427246,0.7535293042659759,False,0.2782556517618207,False
candidate_001710,D0-D2,D0,D2,000,100,4212,12,3,649,650,653,0.47596342480574316,0.47598741001451006,1.0497130485767987,0.7597972260789279,2.3023815155029297,2.151050329208374,0.15133118629455566,0.7535293042659759,False,0.2774744933589131,False
candidate_001711,D0-D2,D0,D2,000,100,4212,12,3,1484,1485,1488,0.3657308671117058,0.47598741001451006,0.804075073700646,0.7597972260789279,2.3023815155029297,2.151050329208374,0.15133118629455566,0.7535293042659759,False,0.27660564289989287,False
candidate_001712,D0-D2,D0,D2,000,100,4208,8,5,1050,1051,1056,0.4705624232369923,0.4828801581659705,0.8006688818248073,0.8000757674576986,2.309361219406128,2.1064178943634033,0.2029433250427246,0.7535293042659759,False,0.27657860067547907,False
candidate_001713,D0-D2,D0,D2,000,100,4223,23,10,150,151,161,0.33110412211758183,0.49936698246710554,1.1356998123183493,0.9109722042901004,2.3154003620147705,2.204577684402466,0.11082267761230469,0.7535293042659759,False,0.2765299385181024,False
candidate_001714,D0-D2,D0,D2,000,100,4208,8,5,15,16,21,0.47579155522324473,0.4828801581659705,0.8083227391861131,0.8000757674576986,2.309361219406128,2.1064178943634033,0.2029433250427246,0.7535293042659759,False,0.2761537439267433,False
candidate_001715,D1-D2,D1,D2,010,100,4215,15,5,1511,1512,1517,0.4785618308541608,0.4828801581659705,0.8501253961818542,0.8000757674576986,2.0465471744537354,2.240429162979126,0.19388198852539062,0.7535293042659759,False,0.2758611202900723,False
candidate_001716,D0-D2,D0,D2,000,100,4208,8,10,1052,1053,1063,0.4980210081570972,0.49936698246710554,0.9303976512383987,0.9109722042901004,2.309361219406128,2.1064178943634033,0.2029433250427246,0.7535293042659759,False,0.27581016334729846,False
candidate_001717,D0-D2,D0,D2,000,100,4208,8,10,217,218,228,0.4943974725118837,0.49936698246710554,0.9220202278710635,0.9109722042901004,2.309361219406128,2.1064178943634033,0.2029433250427246,0.7535293042659759,False,0.2753299972073927,False
candidate_001718,D1-D2,D1,D2,010,100,4215,15,5,1425,1426,1431,0.4722319020848072,0.4828801581659705,0.8364717454013992,0.8000757674576986,2.0465471744537354,2.240429162979126,0.19388198852539062,0.7535293042659759,False,0.2750689156446882,False
candidate_001719,D0-D2,D0,D2,000,100,4208,8,3,464,465,468,0.4751134189580574,0.47598741001451006,0.7744338498074387,0.7597972260789279,2.309361219406128,2.1064178943634033,0.2029433250427246,0.7535293042659759,False,0.2750169224797568,False
candidate_001720,D1-D2,D1,D2,010,100,4208,8,10,671,672,682,0.4337315654470795,0.49936698246710554,1.153869335445489,0.9109722042901004,2.2485151290893555,2.1064178943634033,0.14209723472595215,0.7535293042659759,False,0.2750019543936944,False
candidate_001721,D0-D2,D0,D2,000,100,4208,8,5,16,17,22,0.48062143167567395,0.4828801581659705,0.8121198426932239,0.8000757674576986,2.309361219406128,2.1064178943634033,0.2029433250427246,0.7535293042659759,False,0.2746628093224761,False
candidate_001722,D0-D2,D0,D2,000,100,4212,12,5,826,827,832,0.37304211988384295,0.4828801581659705,0.8443011942463032,0.8000757674576986,2.3023815155029297,2.151050329208374,0.15133118629455566,0.7535293042659759,False,0.27433174553994594,False
candidate_001723,D0-D2,D0,D2,000,100,4212,12,3,78,79,82,0.43867650097086697,0.47598741001451006,0.9549882340654025,0.7597972260789279,2.3023815155029297,2.151050329208374,0.15133118629455566,0.7535293042659759,False,0.2738922238798145,False
candidate_001724,D1-D2,D1,D2,010,100,4208,8,3,671,672,675,0.4308221874643923,0.47598741001451006,0.9987859402290686,0.7597972260789279,2.2485151290893555,2.1064178943634033,0.14209723472595215,0.7535293042659759,False,0.27387828568281813,False
candidate_001725,D0-D2,D0,D2,000,100,4212,12,3,1438,1439,1442,0.4200583842860993,0.47598741001451006,0.9107218822672871,0.7597972260789279,2.3023815155029297,2.151050329208374,0.15133118629455566,0.7535293042659759,False,0.2727734937212292,False
candidate_001726,D0-D2,D0,D2,000,100,4212,12,5,1230,1231,1236,0.4162424135900145,0.4828801581659705,0.9343622914958087,0.8000757674576986,2.3023815155029297,2.151050329208374,0.15133118629455566,0.7535293042659759,False,0.27208556747074025,False
candidate_001727,D0-D2,D0,D2,000,100,4208,8,5,1580,1581,1586,0.48246970550063323,0.4828801581659705,0.8067355368298877,0.8000757674576986,2.309361219406128,2.1064178943634033,0.2029433250427246,0.7535293042659759,False,0.2717965926238129,False
candidate_001728,D0-D2,D0,D2,000,100,4212,12,3,828,829,832,0.4334081587910757,0.47598741001451006,0.9345275556201122,0.7597972260789279,2.3023815155029297,2.151050329208374,0.15133118629455566,0.7535293042659759,False,0.271282064095172,False
candidate_001729,D0-D2,D0,D2,000,100,4208,8,3,15,16,19,0.4745800892079757,0.47598741001451006,0.761413046223641,0.7597972260789279,2.309361219406128,2.1064178943634033,0.2029433250427246,0.7535293042659759,False,0.27069684086709245,False
candidate_001730,D0-D2,D0,D2,000,100,4203,3,3,28,29,32,0.26817824594997847,0.47598741001451006,0.8093176638221288,0.7597972260789279,2.2615039348602295,2.153775453567505,0.10772848129272461,0.7535293042659759,False,0.2702860467929425,False
candidate_001731,D0-D2,D0,D2,000,100,4212,12,3,1229,1230,1233,0.4069483834975382,0.47598741001451006,0.8741304238948471,0.7597972260789279,2.3023815155029297,2.151050329208374,0.15133118629455566,0.7535293042659759,False,0.2702482936313754,False
candidate_001732,D0-D2,D0,D2,000,100,4212,12,3,1228,1229,1232,0.3545277374312604,0.47598741001451006,0.7611384656372897,0.7597972260789279,2.3023815155029297,2.151050329208374,0.15133118629455566,0.7535293042659759,False,0.27010927891760816,False
candidate_001733,D0-D2,D0,D2,000,100,4203,3,10,581,582,592,0.3615448734393848,0.49936698246710554,1.2321017062063562,0.9109722042901004,2.2615039348602295,2.153775453567505,0.10772848129272461,0.7535293042659759,False,0.26707266508171973,False
candidate_001734,D0-D2,D0,D2,000,100,4212,12,5,828,829,834,0.4164637530636675,0.4828801581659705,0.9165247309038418,0.8000757674576986,2.3023815155029297,2.151050329208374,0.15133118629455566,0.7535293042659759,False,0.26674943813626273,False
candidate_001735,D0-D2,D0,D2,000,100,4212,12,5,1484,1485,1490,0.3872362913478695,0.4828801581659705,0.8518005939454101,0.8000757674576986,2.3023815155029297,2.151050329208374,0.15133118629455566,0.7535293042659759,False,0.26662349691537846,False
candidate_001736,D0-D2,D0,D2,000,100,4223,23,10,438,439,449,0.2796085885854665,0.49936698246710554,0.9237970939471729,0.9109722042901004,2.3154003620147705,2.204577684402466,0.11082267761230469,0.7535293042659759,False,0.2663601649141056,False
candidate_001737,D0-D2,D0,D2,000,100,4212,12,3,30,31,34,0.37069869942940975,0.47598741001451006,0.7813484080982599,0.7597972260789279,2.3023815155029297,2.151050329208374,0.15133118629455566,0.7535293042659759,False,0.2651854680962626,False
candidate_001738,D1-D2,D1,D2,010,100,4208,8,5,1058,1059,1064,0.46793280872185733,0.4828801581659705,1.088653786509498,0.8000757674576986,2.2485151290893555,2.1064178943634033,0.14209723472595215,0.7535293042659759,False,0.2647890458165669,False
candidate_001739,D1-D2,D1,D2,010,100,4208,8,3,21,22,25,0.3650631228287515,0.47598741001451006,0.8155251440561976,0.7597972260789279,2.2485151290893555,2.1064178943634033,0.14209723472595215,0.7535293042659759,False,0.2639080472210635,False
candidate_001740,D0-D2,D0,D2,000,100,4203,3,5,28,29,34,0.27029226332363465,0.4828801581659705,0.8265527282831266,0.8000757674576986,2.2615039348602295,2.153775453567505,0.10772848129272461,0.7535293042659759,False,0.2638612304917092,False
candidate_001741,D0-D2,D0,D2,000,100,4212,12,5,1231,1232,1237,0.44718190865549867,0.4828801581659705,0.9696236826377798,0.8000757674576986,2.3023815155029297,2.151050329208374,0.15133118629455566,0.7535293042659759,False,0.26281825221815003,False
candidate_001742,D1-D2,D1,D2,010,100,4208,8,10,670,671,681,0.43376967443259007,0.49936698246710554,1.100941117488941,0.9109722042901004,2.2485151290893555,2.1064178943634033,0.14209723472595215,0.7535293042659759,False,0.26236450741251016,False
candidate_001743,D0-D2,D0,D2,000,100,4212,12,5,77,78,83,0.4022145082348374,0.4828801581659705,0.8688351959083833,0.8000757674576986,2.3023815155029297,2.151050329208374,0.15133118629455566,0.7535293042659759,False,0.261828071745494,False
candidate_001744,D1-D2,D1,D2,010,100,4208,8,10,672,673,683,0.4546711653592212,0.49936698246710554,1.1515523008651407,0.9109722042901004,2.2485151290893555,2.1064178943634033,0.14209723472595215,0.7535293042659759,False,0.2618101218252699,False
candidate_001745,D0-D2,D0,D2,000,100,4212,12,5,76,77,82,0.389715343630658,0.4828801581659705,0.8410340734592194,0.8000757674576986,2.3023815155029297,2.151050329208374,0.15133118629455566,0.7535293042659759,False,0.2615788462312633,False
candidate_001746,D0-D2,D0,D2,000,100,4212,12,10,922,923,933,0.4199479496831573,0.49936698246710554,0.997665185718376,0.9109722042901004,2.3023815155029297,2.151050329208374,0.15133118629455566,0.7535293042659759,False,0.26153651978645015,False
candidate_001747,D0-D2,D0,D2,000,100,4212,12,3,919,920,923,0.4112548483341204,0.47598741001451006,0.8538160960695264,0.7597972260789279,2.3023815155029297,2.151050329208374,0.15133118629455566,0.7535293042659759,False,0.2612037207643471,False
candidate_001748,D0-D2,D0,D2,000,100,4212,12,10,35,36,46,0.48090246054728614,0.49936698246710554,1.1409103662889384,0.9109722042901004,2.3023815155029297,2.151050329208374,0.15133118629455566,0.7535293042659759,False,0.26117855523033046,False
candidate_001749,D0-D2,D0,D2,000,100,4203,3,10,582,583,593,0.3774714975392471,0.49936698246710554,1.2542064458433617,0.9109722042901004,2.2615039348602295,2.153775453567505,0.10772848129272461,0.7535293042659759,False,0.2603933886510909,False
candidate_001750,D0-D2,D0,D2,000,100,4212,12,5,1438,1439,1444,0.42642222262066154,0.4828801581659705,0.9133291794872481,0.8000757674576986,2.3023815155029297,2.151050329208374,0.15133118629455566,0.7535293042659759,False,0.2596115661525918,False
candidate_001751,D1-D2,D1,D2,010,100,4206,6,3,88,89,92,0.2934874399613347,0.47598741001451006,0.8037357568733119,0.7597972260789279,2.0451583862304688,1.931213617324829,0.11394476890563965,0.7535293042659759,False,0.2594273606923287,False
candidate_001752,D0-D2,D0,D2,000,100,4223,23,10,444,445,455,0.3318945665275269,0.49936698246710554,1.0647277115648286,0.9109722042901004,2.3154003620147705,2.204577684402466,0.11082267761230469,0.7535293042659759,False,0.2586316113557788,False
candidate_001753,D0-D2,D0,D2,000,100,4223,23,5,442,443,448,0.33276090912873146,0.4828801581659705,0.9650836917718868,0.8000757674576986,2.3154003620147705,2.204577684402466,0.11082267761230469,0.7535293042659759,False,0.2574360783054824,False
candidate_001754,D0-D2,D0,D2,000,100,4212,12,5,78,79,84,0.42649154908699755,0.4828801581659705,0.9057163102173904,0.8000757674576986,2.3023815155029297,2.151050329208374,0.15133118629455566,0.7535293042659759,False,0.25740577857130215,False
candidate_001755,D0-D2,D0,D2,000,100,4203,3,10,580,581,591,0.351114056235848,0.49936698246710554,1.1518609308947232,0.9109722042901004,2.2615039348602295,2.153775453567505,0.10772848129272461,0.7535293042659759,False,0.2570969479071307,False
candidate_001756,D0-D2,D0,D2,000,100,4212,12,5,1488,1489,1494,0.4540758585444782,0.4828801581659705,0.9620608110240008,0.8000757674576986,2.3023815155029297,2.151050329208374,0.15133118629455566,0.7535293042659759,False,0.2568092397806441,False
candidate_001757,D0-D2,D0,D2,000,100,4203,3,10,579,580,590,0.3407966622237382,0.49936698246710554,1.1163958397572191,0.9109722042901004,2.2615039348602295,2.153775453567505,0.10772848129272461,0.7535293042659759,False,0.25672488372010893,False
candidate_001758,D1-D2,D1,D2,010,100,4206,6,5,88,89,94,0.2895760266012449,0.4828801581659705,0.8141154928109753,0.8000757674576986,2.0451583862304688,1.931213617324829,0.11394476890563965,0.7535293042659759,False,0.25658183334886586,False
candidate_001759,D1-D2,D1,D2,010,100,4208,8,3,29,30,33,0.4243847918310646,0.47598741001451006,0.9214094108439214,0.7597972260789279,2.2485151290893555,2.1064178943634033,0.14209723472595215,0.7535293042659759,False,0.2564933285219789,False
candidate_001760,D1-D2,D1,D2,010,100,4208,8,5,671,672,677,0.45351592514122663,0.4828801581659705,1.0215115652643307,0.8000757674576986,2.2485151290893555,2.1064178943634033,0.14209723472595215,0.7535293042659759,False,0.256356580352694,False
candidate_001761,D0-D2,D0,D2,000,100,4215,15,10,940,941,951,0.220048783676948,0.49936698246710554,1.2022153846482628,0.9109722042901004,2.30489182472229,2.240429162979126,0.06446266174316406,0.7535293042659759,False,0.2562041113612128,False
candidate_001762,D0-D2,D0,D2,000,100,4212,12,10,1487,1488,1498,0.39838548376079225,0.49936698246710554,0.9238960602588804,0.9109722042901004,2.3023815155029297,2.151050329208374,0.15133118629455566,0.7535293042659759,False,0.25530692682610096,False
candidate_001763,D0-D2,D0,D2,000,100,4203,3,5,581,582,587,0.38438287616077277,0.4828801581659705,1.1344156089408497,0.8000757674576986,2.2615039348602295,2.153775453567505,0.10772848129272461,0.7535293042659759,False,0.25465182679170195,False
candidate_001764,D0-D2,D0,D2,000,100,4212,12,3,827,828,831,0.4397970016260182,0.47598741001451006,0.8890025356839738,0.7597972260789279,2.3023815155029297,2.151050329208374,0.15133118629455566,0.7535293042659759,False,0.25431781736516473,False
candidate_001765,D0-D2,D0,D2,000,100,4203,3,10,578,579,589,0.33358275884726624,0.49936698246710554,1.0823172041788305,0.9109722042901004,2.2615039348602295,2.153775453567505,0.10772848129272461,0.7535293042659759,False,0.25427054552395395,False
candidate_001766,D0-D2,D0,D2,000,100,4203,3,5,582,583,588,0.40248345331549235,0.4828801581659705,1.1859270762781262,0.8000757674576986,2.2615039348602295,2.153775453567505,0.10772848129272461,0.7535293042659759,False,0.2542427565893961,False
candidate_001767,D0-D2,D0,D2,000,100,4215,15,10,939,940,950,0.21039605998338,0.49936698246710554,1.1405431189199986,0.9109722042901004,2.30489182472229,2.240429162979126,0.06446266174316406,0.7535293042659759,False,0.25421249420381975,False
candidate_001768,D0-D2,D0,D2,000,100,4203,3,3,581,582,585,0.3955612618343035,0.47598741001451006,1.1215125359513607,0.7597972260789279,2.2615039348602295,2.153775453567505,0.10772848129272461,0.7535293042659759,False,0.25393264230106016,False
candidate_001769,D0-D2,D0,D2,000,100,4212,12,5,1439,1440,1445,0.4421962963944575,0.4828801581659705,0.9234312220994803,0.8000757674576986,2.3023815155029297,2.151050329208374,0.15133118629455566,0.7535293042659759,False,0.2531197234082338,False
candidate_001770,D0-D2,D0,D2,000,100,4212,12,5,200,201,206,0.4268355100114801,0.4828801581659705,0.8911730356527894,0.8000757674576986,2.3023815155029297,2.151050329208374,0.15133118629455566,0.7535293042659759,False,0.25306846358003837,False
candidate_001771,D0-D2,D0,D2,000,100,4212,12,5,829,830,835,0.43106825648347963,0.4828801581659705,0.899568571402995,0.8000757674576986,2.3023815155029297,2.151050329208374,0.15133118629455566,0.7535293042659759,False,0.2529442228122104,False
candidate_001772,D0-D2,D0,D2,000,100,4200,0,5,1460,1461,1466,0.24101876210846837,0.4828801581659705,0.8233332595919753,0.8000757674576986,2.2831742763519287,2.1908435821533203,0.0923306941986084,0.7535293042659759,False,0.2526265586975387,False
candidate_001773,D1-D2,D1,D2,010,100,4208,8,3,30,31,34,0.4452955620407635,0.47598741001451006,0.951694550716948,0.7597972260789279,2.2485151290893555,2.1064178943634033,0.14209723472595215,0.7535293042659759,False,0.252483183695867,False
candidate_001774,D0-D2,D0,D2,000,100,4200,0,3,123,124,127,0.24675937901534034,0.47598741001451006,0.8098770322026152,0.7597972260789279,2.2831742763519287,2.1908435821533203,0.0923306941986084,0.7535293042659759,False,0.25193536233404845,False
candidate_001775,D0-D2,D0,D2,000,100,4212,12,3,77,78,81,0.4109445014593748,0.47598741001451006,0.8214202086218566,0.7597972260789279,2.3023815155029297,2.151050329208374,0.15133118629455566,0.7535293042659759,False,0.25148278514892825,False
candidate_001776,D0-D2,D0,D2,000,100,4218,18,10,89,90,100,0.2618975526709524,0.49936698246710554,1.272875152219311,0.9109722042901004,2.283595561981201,2.2126011848449707,0.07099437713623047,0.7535293042659759,False,0.25101106912136945,False
candidate_001777,D0-D2,D0,D2,000,100,4212,12,5,1437,1438,1443,0.42508151496272095,0.4828801581659705,0.8788657049943205,0.8000757674576986,2.3023815155029297,2.151050329208374,0.15133118629455566,0.7535293042659759,False,0.25060332667437635,False
candidate_001778,D0-D2,D0,D2,000,100,4223,23,5,443,444,449,0.37516942057524943,0.4828801581659705,1.0541541073609142,0.8000757674576986,2.3154003620147705,2.204577684402466,0.11082267761230469,0.7535293042659759,False,0.24940973959196788,False
candidate_001779,D0-D2,D0,D2,000,100,4223,23,5,150,151,156,0.4314715869030592,0.4828801581659705,1.211195090460355,0.8000757674576986,2.3154003620147705,2.204577684402466,0.11082267761230469,0.7535293042659759,False,0.249171654518197,False
candidate_001780,D0-D2,D0,D2,000,100,4200,0,5,1461,1462,1467,0.2547467623868389,0.4828801581659705,0.8576648985252459,0.8000757674576986,2.2831742763519287,2.1908435821533203,0.0923306941986084,0.7535293042659759,False,0.24897925378296584,False
candidate_001781,D0-D2,D0,D2,000,100,4223,23,3,377,378,381,0.32866287397682525,0.47598741001451006,0.8853571617073502,0.7597972260789279,2.3154003620147705,2.204577684402466,0.11082267761230469,0.7535293042659759,False,0.24819561864923528,False
candidate_001782,D0-D2,D0,D2,000,100,4223,23,5,441,442,447,0.2898605212672307,0.4828801581659705,0.8100059160115187,0.8000757674576986,2.3154003620147705,2.204577684402466,0.11082267761230469,0.7535293042659759,False,0.24804807337029558,False
candidate_001783,D0-D2,D0,D2,000,100,4223,23,5,377,378,383,0.3199881184092375,0.4828801581659705,0.8930320299320378,0.8000757674576986,2.3154003620147705,2.204577684402466,0.11082267761230469,0.7535293042659759,False,0.24772504690205202,False
candidate_001784,D0-D2,D0,D2,000,100,4212,12,5,79,80,85,0.4464998229625795,0.4828801581659705,0.9121014809026263,0.8000757674576986,2.3023815155029297,2.151050329208374,0.15133118629455566,0.7535293042659759,False,0.24760442598803295,False
candidate_001785,D0-D2,D0,D2,000,100,4212,12,10,923,924,934,0.4606767856049052,0.49936698246710554,1.0356008498041507,0.9109722042901004,2.3023815155029297,2.151050329208374,0.15133118629455566,0.7535293042659759,False,0.24747940228683854,False
candidate_001786,D0-D2,D0,D2,000,100,4212,12,3,200,201,204,0.46837611895482995,0.47598741001451006,0.9206101064004115,0.7597972260789279,2.3023815155029297,2.151050329208374,0.15133118629455566,0.7535293042659759,False,0.24729028025488167,False
candidate_001787,D0-D2,D0,D2,000,100,4212,12,10,1488,1489,1499,0.42368324576198735,0.49936698246710554,0.9496789837523528,0.9109722042901004,2.3023815155029297,2.151050329208374,0.15133118629455566,0.7535293042659759,False,0.2467621382877527,False
candidate_001788,D0-D2,D0,D2,000,100,4200,0,3,1461,1462,1465,0.267656358006859,0.47598741001451006,0.8579799204724343,0.7597972260789279,2.2831742763519287,2.1908435821533203,0.0923306941986084,0.7535293042659759,False,0.2460612785451133,False
candidate_001789,D0-D2,D0,D2,000,100,4223,23,3,375,376,379,0.29723778570227716,0.47598741001451006,0.7931088417589895,0.7597972260789279,2.3154003620147705,2.204577684402466,0.11082267761230469,0.7535293042659759,False,0.2458414047428539,False
candidate_001790,D0-D2,D0,D2,000,100,4203,3,10,583,584,594,0.4080331675835779,0.49936698246710554,1.2779547845285077,0.9109722042901004,2.2615039348602295,2.153775453567505,0.10772848129272461,0.7535293042659759,False,0.2454511721932068,False
candidate_001791,D0-D2,D0,D2,000,100,4212,12,3,1487,1488,1491,0.44720946182799326,0.47598741001451006,0.8700760007720845,0.7597972260789279,2.3023815155029297,2.151050329208374,0.15133118629455566,0.7535293042659759,False,0.24477793029087916,False
candidate_001792,D1-D2,D1,D2,010,100,4208,8,10,669,670,680,0.4439097567050406,0.49936698246710554,1.0451836945101511,0.9109722042901004,2.2485151290893555,2.1064178943634033,0.14209723472595215,0.7535293042659759,False,0.24338741236938333,False
candidate_001793,D0-D2,D0,D2,000,100,4218,18,3,88,89,92,0.2840296150585824,0.47598741001451006,1.169803982353813,0.7597972260789279,2.283595561981201,2.2126011848449707,0.07099437713623047,0.7535293042659759,False,0.24309220847215213,False
candidate_001794,D0-D2,D0,D2,000,100,4223,23,5,444,445,450,0.40833549397178515,0.4828801581659705,1.115239855776055,0.8000757674576986,2.3154003620147705,2.204577684402466,0.11082267761230469,0.7535293042659759,False,0.24243085089907518,False
candidate_001795,D0-D2,D0,D2,000,100,4203,3,10,577,578,588,0.33099904301961364,0.49936698246710554,1.020778580006983,0.9109722042901004,2.2615039348602295,2.153775453567505,0.10772848129272461,0.7535293042659759,False,0.2416851124318718,False
candidate_001796,D0-D2,D0,D2,000,100,4212,12,3,1436,1437,1440,0.41888320660775186,0.47598741001451006,0.8045070680235065,0.7597972260789279,2.3023815155029297,2.151050329208374,0.15133118629455566,0.7535293042659759,False,0.24163673930503324,False
candidate_001797,D0-D2,D0,D2,000,100,4203,3,3,582,583,586,0.42336452082982184,0.47598741001451006,1.1408688434972527,0.7597972260789279,2.2615039348602295,2.153775453567505,0.10772848129272461,0.7535293042659759,False,0.24135117243373316,False
candidate_001798,D0-D2,D0,D2,000,100,4223,23,5,376,377,382,0.31139216652946344,0.4828801581659705,0.8465333968607766,0.8000757674576986,2.3154003620147705,2.204577684402466,0.11082267761230469,0.7535293042659759,False,0.24130879409807862,False
candidate_001799,D0-D2,D0,D2,000,100,4212,12,10,1489,1490,1500,0.4411047521951053,0.49936698246710554,0.9652585610781295,0.9109722042901004,2.3023815155029297,2.151050329208374,0.15133118629455566,0.7535293042659759,False,0.24090450065072128,False
candidate_001800,D0-D2,D0,D2,000,100,4200,0,10,1462,1463,1473,0.2606953206809993,0.49936698246710554,0.9338215747281815,0.9109722042901004,2.2831742763519287,2.1908435821533203,0.0923306941986084,0.7535293042659759,False,0.24059761618005415,False
candidate_001801,D1-D2,D1,D2,010,100,4208,8,5,1267,1268,1273,0.39445793519395717,0.4828801581659705,0.8337581105857745,0.8000757674576986,2.2485151290893555,2.1064178943634033,0.14209723472595215,0.7535293042659759,False,0.2405653636285764,False
candidate_001802,D0-D2,D0,D2,000,100,4212,12,10,1490,1491,1501,0.45576079521537566,0.49936698246710554,0.9951751473770513,0.9109722042901004,2.3023815155029297,2.151050329208374,0.15133118629455566,0.7535293042659759,False,0.24038399345280081,False
candidate_001803,D0-D2,D0,D2,000,100,4212,12,10,1491,1492,1502,0.47235722494120547,0.49936698246710554,1.0266070844242665,0.9109722042901004,2.3023815155029297,2.151050329208374,0.15133118629455566,0.7535293042659759,False,0.2392636273659461,False
candidate_001804,D0-D2,D0,D2,000,100,4223,23,5,375,376,381,0.30495004320946645,0.4828801581659705,0.8212497984932544,0.8000757674576986,2.3154003620147705,2.204577684402466,0.11082267761230469,0.7535293042659759,False,0.23904700838345713,False
candidate_001805,D0-D2,D0,D2,000,100,4223,23,10,445,446,456,0.3578500466877241,0.49936698246710554,1.0601809821535946,0.9109722042901004,2.3154003620147705,2.204577684402466,0.11082267761230469,0.7535293042659759,False,0.2388482820452241,False
candidate_001806,D0-D2,D0,D2,000,100,4223,23,5,446,447,452,0.4657869000589099,0.4828801581659705,1.2508913185035615,0.8000757674576986,2.3154003620147705,2.204577684402466,0.11082267761230469,0.7535293042659759,False,0.23837957683055908,False
candidate_001807,D1-D2,D1,D2,010,100,4208,8,5,670,671,676,0.4440876813873738,0.4828801581659705,0.9284833623922126,0.8000757674576986,2.2485151290893555,2.1064178943634033,0.14209723472595215,0.7535293042659759,False,0.23795734967786633,False
candidate_001808,D0-D2,D0,D2,000,100,4215,15,5,938,939,944,0.20264117404599744,0.4828801581659705,0.9334638315672903,0.8000757674576986,2.30489182472229,2.240429162979126,0.06446266174316406,0.7535293042659759,False,0.23784067761818997,False
candidate_001809,D0-D2,D0,D2,000,100,4203,3,5,583,584,589,0.4522271039152233,0.4828801581659705,1.2450850856309266,0.8000757674576986,2.2615039348602295,2.153775453567505,0.10772848129272461,0.7535293042659759,False,0.23756424529108144,False
candidate_001810,D0-D2,D0,D2,000,100,4212,12,5,80,81,86,0.47583415652858707,0.4828801581659705,0.928554630693426,0.8000757674576986,2.3023815155029297,2.151050329208374,0.15133118629455566,0.7535293042659759,False,0.23653117016729452,False
candidate_001811,D0-D2,D0,D2,000,100,4212,12,5,1440,1441,1446,0.47536295907620324,0.4828801581659705,0.9268747901589769,0.8000757674576986,2.3023815155029297,2.151050329208374,0.15133118629455566,0.7535293042659759,False,0.23633729791531535,False
candidate_001812,D0-D2,D0,D2,000,100,4212,12,3,76,77,80,0.40941178695138697,0.47598741001451006,0.767077537891494,0.7597972260789279,2.3023815155029297,2.151050329208374,0.15133118629455566,0.7535293042659759,False,0.23572463716466263,False
candidate_001813,D0-D2,D0,D2,000,100,4223,23,5,445,446,451,0.43963993856546757,0.4828801581659705,1.1620544626227078,0.8000757674576986,2.3154003620147705,2.204577684402466,0.11082267761230469,0.7535293042659759,False,0.23462056728639474,False
candidate_001814,D0-D2,D0,D2,000,100,4212,12,3,830,831,834,0.47236090302778416,0.47598741001451006,0.8798108077878792,0.7597972260789279,2.3023815155029297,2.151050329208374,0.15133118629455566,0.7535293042659759,False,0.23433728859466815,False
candidate_001815,D0-D2,D0,D2,000,100,4215,15,10,938,939,949,0.22046131077789627,0.49936698246710554,1.1008101155597307,0.9109722042901004,2.30489182472229,2.240429162979126,0.06446266174316406,0.7535293042659759,False,0.23415466374708171,False
candidate_001816,D0-D2,D0,D2,000,100,4212,12,10,924,925,935,0.49528325938155154,0.49936698246710554,1.052304940547815,0.9109722042901004,2.3023815155029297,2.151050329208374,0.15133118629455566,0.7535293042659759,False,0.23390039139416752,False
candidate_001817,D1-D2,D1,D2,010,100,4208,8,10,1268,1269,1279,0.4041372430549638,0.49936698246710554,0.9139118777795697,0.9109722042901004,2.2485151290893555,2.1064178943634033,0.14209723472595215,0.7535293042659759,False,0.23376292097236745,False
candidate_001818,D0-D2,D0,D2,000,100,4223,23,3,376,377,380,0.30505007167282966,0.47598741001451006,0.7735981324307217,0.7597972260789279,2.3154003620147705,2.204577684402466,0.11082267761230469,0.7535293042659759,False,0.2336525557996255,False
candidate_001819,D1-D2,D1,D2,010,100,4206,6,3,89,90,93,0.35602169592738153,0.47598741001451006,0.8781219074546702,0.7597972260789279,2.0451583862304688,1.931213617324829,0.11394476890563965,0.7535293042659759,False,0.2336524584687163,False
candidate_001820,D0-D2,D0,D2,000,100,4200,0,3,1460,1461,1464,0.25248389739662297,0.47598741001451006,0.7679744494292658,0.7597972260789279,2.2831742763519287,2.1908435821533203,0.0923306941986084,0.7535293042659759,False,0.23348382652702548,False
candidate_001821,D0-D2,D0,D2,000,100,4212,12,3,79,80,83,0.46896225092174887,0.47598741001451006,0.869792301946969,0.7597972260789279,2.3023815155029297,2.151050329208374,0.15133118629455566,0.7535293042659759,False,0.23334780830119664,False
candidate_001822,D0-D2,D0,D2,000,100,4203,3,5,580,581,586,0.37531471709357944,0.4828801581659705,1.0139858742773349,0.8000757674576986,2.2615039348602295,2.153775453567505,0.10772848129272461,0.7535293042659759,False,0.23311753645182473,False
candidate_001823,D1-D2,D1,D2,010,100,4208,8,5,30,31,36,0.47251090795341966,0.4828801581659705,0.9671357814046551,0.8000757674576986,2.2485151290893555,2.1064178943634033,0.14209723472595215,0.7535293042659759,False,0.2329535516851256,False
candidate_001824,D0-D2,D0,D2,000,100,4212,12,3,826,827,830,0.4128894471227897,0.47598741001451006,0.7637891272313194,0.7597972260789279,2.3023815155029297,2.151050329208374,0.15133118629455566,0.7535293042659759,False,0.2327371655551616,False
candidate_001825,D0-D2,D0,D2,000,100,4203,3,5,579,580,585,0.371075051889074,0.4828801581659705,1.0008573065221054,0.8000757674576986,2.2615039348602295,2.153775453567505,0.10772848129272461,0.7535293042659759,False,0.23272821669297597,False
candidate_001826,D0-D2,D0,D2,000,100,4200,0,3,1211,1212,1215,0.32834458158084884,0.47598741001451006,0.9934104434111833,0.7597972260789279,2.2831742763519287,2.1908435821533203,0.0923306941986084,0.7535293042659759,False,0.23224297381336034,False
candidate_001827,D1-D2,D1,D2,010,100,4208,8,10,1269,1270,1280,0.4268151378229684,0.49936698246710554,0.9585965948512014,0.9109722042901004,2.2485151290893555,2.1064178943634033,0.14209723472595215,0.7535293042659759,False,0.23216473140410465,False
candidate_001828,D0-D2,D0,D2,000,100,4212,12,3,1230,1231,1234,0.461311307221953,0.47598741001451006,0.8506803535410921,0.7597972260789279,2.3023815155029297,2.151050329208374,0.15133118629455566,0.7535293042659759,False,0.23200553992918552,False
candidate_001829,D0-D2,D0,D2,000,100,4223,23,3,441,442,445,0.3250144652192369,0.47598741001451006,0.8165914697796419,0.7597972260789279,2.3154003620147705,2.204577684402466,0.11082267761230469,0.7535293042659759,False,0.23148795763464708,False
candidate_001830,D0-D2,D0,D2,000,100,4223,23,3,445,446,449,0.45968659855160365,0.47598741001451006,1.1543131258143178,0.7597972260789279,2.3154003620147705,2.204577684402466,0.11082267761230469,0.7535293042659759,False,0.23135987766608895,False
candidate_001831,D0-D2,D0,D2,000,100,4212,12,10,83,84,94,0.475966977522188,0.49936698246710554,1.0000550058924857,0.9109722042901004,2.3023815155029297,2.151050329208374,0.15133118629455566,0.7535293042659759,False,0.23130768056484102,False
candidate_001832,D0-D2,D0,D2,000,100,4212,12,3,1439,1440,1443,0.47087602615051594,0.47598741001451006,0.8656977484019319,0.7597972260789279,2.3023815155029297,2.151050329208374,0.15133118629455566,0.7535293042659759,False,0.23130539394936928,False
candidate_001833,D1-D2,D1,D2,010,100,4208,8,3,1057,1058,1061,0.464298115015142,0.47598741001451006,0.9086224186554078,0.7597972260789279,2.2485151290893555,2.1064178943634033,0.14209723472595215,0.7535293042659759,False,0.23119038574781567,False
candidate_001834,D1-D2,D1,D2,010,100,4206,6,5,89,90,95,0.3306616716201402,0.4828801581659705,0.835646222185153,0.8000757674576986,2.0451583862304688,1.931213617324829,0.11394476890563965,0.7535293042659759,False,0.23064342909086866,False
candidate_001835,D1-D2,D1,D2,010,100,4208,8,10,1270,1271,1281,0.44539887036628745,0.49936698246710554,0.9925565621775242,0.9109722042901004,2.2485151290893555,2.1064178943634033,0.14209723472595215,0.7535293042659759,False,0.23035960853489731,False
candidate_001836,D0-D2,D0,D2,000,100,4203,3,10,576,577,587,0.3286723740735639,0.49936698246710554,0.9660485585421612,0.9109722042901004,2.2615039348602295,2.153775453567505,0.10772848129272461,0.7535293042659759,False,0.23034608961774847,False
candidate_001837,D0-D2,D0,D2,000,100,4200,0,5,1462,1463,1468,0.28748961890433433,0.4828801581659705,0.8943052453234818,0.8000757674576986,2.2831742763519287,2.1908435821533203,0.0923306941986084,0.7535293042659759,False,0.23004765406421523,False
candidate_001838,D0-D2,D0,D2,000,100,4212,12,5,1436,1437,1442,0.44824873423383926,0.4828801581659705,0.8463280466281552,0.8000757674576986,2.3023815155029297,2.151050329208374,0.15133118629455566,0.7535293042659759,False,0.22885278142610418,False
candidate_001839,D1-D2,D1,D2,010,100,4208,8,5,669,670,675,0.44217368332873463,0.4828801581659705,0.8881981325043656,0.8000757674576986,2.2485151290893555,2.1064178943634033,0.14209723472595215,0.7535293042659759,False,0.22861814049960896,False
candidate_001840,D0-D2,D0,D2,000,100,4203,3,5,29,30,35,0.32055591022533236,0.4828801581659705,0.8493073355298107,0.8000757674576986,2.2615039348602295,2.153775453567505,0.10772848129272461,0.7535293042659759,False,0.22861236745656,False
candidate_001841,D0-D2,D0,D2,000,100,4212,12,10,82,83,93,0.4618742410139026,0.49936698246710554,0.9563844578972716,0.9109722042901004,2.3023815155029297,2.151050329208374,0.15133118629455566,0.7535293042659759,False,0.22795638223399128,False
candidate_001842,D0-D2,D0,D2,000,100,4215,15,5,939,940,945,0.21338664133688734,0.4828801581659705,0.9420609755600873,0.8000757674576986,2.30489182472229,2.240429162979126,0.06446266174316406,0.7535293042659759,False,0.227943974879366,False
candidate_001843,D1-D2,D1,D2,010,100,4208,8,3,23,24,27,0.42333641171839953,0.47598741001451006,0.8159283166442247,0.7597972260789279,2.2485151290893555,2.1064178943634033,0.14209723472595215,0.7535293042659759,False,0.22769297063592253,False
candidate_001844,D0-D2,D0,D2,000,100,4212,12,3,1450,1451,1454,0.44833910871264726,0.47598741001451006,0.8109983987204078,0.7597972260789279,2.3023815155029297,2.151050329208374,0.15133118629455566,0.7535293042659759,False,0.22758279392666217,False
candidate_001845,D0-D2,D0,D2,000,100,4212,12,10,81,82,92,0.44557371935960455,0.49936698246710554,0.9206901796273999,0.9109722042901004,2.3023815155029297,2.151050329208374,0.15133118629455566,0.7535293042659759,False,0.22747670636123474,False
candidate_001846,D1-D2,D1,D2,010,100,4208,8,3,670,671,674,0.44050195812412724,0.47598741001451006,0.8448426972836838,0.7597972260789279,2.2485151290893555,2.1064178943634033,0.14209723472595215,0.7535293042659759,False,0.22657461630381553,False
candidate_001847,D1-D2,D1,D2,010,100,4208,8,10,1271,1272,1282,0.4727263593322249,0.49936698246710554,1.0334363551641375,0.9109722042901004,2.2485151290893555,2.1064178943634033,0.14209723472595215,0.7535293042659759,False,0.22598212814225804,False
candidate_001848,D0-D2,D0,D2,000,100,4212,12,10,84,85,95,0.4949553717785428,0.49936698246710554,1.0157040923364296,0.9109722042901004,2.3023815155029297,2.151050329208374,0.15133118629455566,0.7535293042659759,False,0.22591452184544705,False
candidate_001849,D0-D2,D0,D2,000,100,4212,12,5,1232,1233,1238,0.46955354015180634,0.4828801581659705,0.8744286890375617,0.8000757674576986,2.3023815155029297,2.151050329208374,0.15133118629455566,0.7535293042659759,False,0.22572299932745982,False
candidate_001850,D1-D2,D1,D2,010,100,4208,8,10,668,669,679,0.45064777125520494,0.49936698246710554,0.9839194723526654,0.9109722042901004,2.2485151290893555,2.1064178943634033,0.14209723472595215,0.7535293042659759,False,0.22569529528899146,False
candidate_001851,D0-D2,D0,D2,000,100,4223,23,10,446,447,457,0.3879281879780068,0.49936698246710554,1.0850700642610416,0.9109722042901004,2.3154003620147705,2.204577684402466,0.11082267761230469,0.7535293042659759,False,0.22550160371208297,False
candidate_001852,D0-D2,D0,D2,000,100,4215,15,10,941,942,952,0.25525102663951416,0.49936698246710554,1.226760175439604,0.9109722042901004,2.30489182472229,2.240429162979126,0.06446266174316406,0.7535293042659759,False,0.22537978338036396,False
candidate_001853,D0-D2,D0,D2,000,100,4223,23,5,1222,1223,1228,0.395491329620476,0.4828801581659705,1.0035082355806793,0.8000757674576986,2.3154003620147705,2.204577684402466,0.11082267761230469,0.7535293042659759,False,0.2252271339096345,False
candidate_001854,D0-D2,D0,D2,000,100,4218,18,10,1014,1015,1025,0.287219587482806,0.49936698246710554,1.2521579699511776,0.9109722042901004,2.283595561981201,2.2126011848449707,0.07099437713623047,0.7535293042659759,False,0.2251560250414527,False
candidate_001855,D0-D2,D0,D2,000,100,4223,23,5,1221,1222,1227,0.3764203508453214,0.4828801581659705,0.9544365824733999,0.8000757674576986,2.3154003620147705,2.204577684402466,0.11082267761230469,0.7535293042659759,False,0.22506642783576772,False
candidate_001856,D0-D2,D0,D2,000,100,4218,18,3,2136,2137,2140,0.267497626220967,0.47598741001451006,1.0163378819942872,0.7597972260789279,2.283595561981201,2.2126011848449707,0.07099437713623047,0.7535293042659759,False,0.2242537684331695,False
candidate_001857,D0-D2,D0,D2,000,100,4203,3,10,30,31,41,0.32380089841905885,0.49936698246710554,0.925664294136277,0.9109722042901004,2.2615039348602295,2.153775453567505,0.10772848129272461,0.7535293042659759,False,0.22403741421900097,False
candidate_001858,D0-D2,D0,D2,000,100,4223,23,3,379,380,383,0.3912749851407876,0.47598741001451006,0.9442496192546985,0.7597972260789279,2.3154003620147705,2.204577684402466,0.11082267761230469,0.7535293042659759,False,0.2223468542195024,False
candidate_001859,D0-D2,D0,D2,000,100,4218,18,10,1015,1016,1026,0.29896723757658705,0.49936698246710554,1.2870629973565084,0.9109722042901004,2.283595561981201,2.2126011848449707,0.07099437713623047,0.7535293042659759,False,0.22233852025252765,False
candidate_001860,D0-D2,D0,D2,000,100,4223,23,3,442,443,446,0.3757985095294468,0.47598741001451006,0.9049382503348274,0.7597972260789279,2.3154003620147705,2.204577684402466,0.11082267761230469,0.7535293042659759,False,0.22186569006204682,False
candidate_001861,D0-D2,D0,D2,000,100,4200,0,3,1462,1463,1466,0.31219618594764126,0.47598741001451006,0.90178910119514,0.7597972260789279,2.2831742763519287,2.1908435821533203,0.0923306941986084,0.7535293042659759,False,0.22172828896061356,False
candidate_001862,D0-D2,D0,D2,000,100,4200,0,5,1211,1212,1217,0.3331469204322301,0.4828801581659705,0.9976269593928171,0.8000757674576986,2.2831742763519287,2.1908435821533203,0.0923306941986084,0.7535293042659759,False,0.22145555150159937,False
candidate_001863,D0-D2,D0,D2,000,100,4215,15,5,940,941,946,0.24700557141216492,0.4828801581659705,1.0578819109855293,0.8000757674576986,2.30489182472229,2.240429162979126,0.06446266174316406,0.7535293042659759,False,0.22112954540218333,False
candidate_001864,D0-D2,D0,D2,000,100,4200,0,10,1463,1464,1474,0.2934527732465441,0.49936698246710554,0.9609810971997056,0.9109722042901004,2.2831742763519287,2.1908435821533203,0.0923306941986084,0.7535293042659759,False,0.21995674256193354,False
candidate_001865,D1-D2,D1,D2,010,100,4208,8,5,1268,1269,1274,0.4536559938691596,0.4828801581659705,0.874236010468536,0.8000757674576986,2.2485151290893555,2.1064178943634033,0.14209723472595215,0.7535293042659759,False,0.21932885012322378,False
candidate_001866,D0-D2,D0,D2,000,100,4223,23,5,1698,1699,1704,0.418078124621032,0.4828801581659705,1.0316806028941963,0.8000757674576986,2.3154003620147705,2.204577684402466,0.11082267761230469,0.7535293042659759,False,0.2190405681032591,False
candidate_001867,D0-D2,D0,D2,000,100,4223,23,5,1223,1224,1229,0.4267296207353027,0.4828801581659705,1.0511345151958411,0.8000757674576986,2.3154003620147705,2.204577684402466,0.11082267761230469,0.7535293042659759,False,0.21864635580761546,False
candidate_001868,D0-D2,D0,D2,000,100,4212,12,5,830,831,836,0.46225030785897103,0.4828801581659705,0.8321824964155674,0.8000757674576986,2.3023815155029297,2.151050329208374,0.15133118629455566,0.7535293042659759,False,0.21821163407415878,False
candidate_001869,D0-D2,D0,D2,000,100,4218,18,5,1013,1014,1019,0.25093211016486155,0.4828801581659705,0.9566020812662599,0.8000757674576986,2.283595561981201,2.2126011848449707,0.07099437713623047,0.7535293042659759,False,0.21677397089053854,False
candidate_001870,D0-D2,D0,D2,000,100,4203,3,10,584,585,595,0.4577450177244046,0.49936698246710554,1.2647637150244635,0.9109722042901004,2.2615039348602295,2.153775453567505,0.10772848129272461,0.7535293042659759,False,0.2165363742853805,False
candidate_001871,D0-D2,D0,D2,000,100,4223,23,5,1697,1698,1703,0.38607042605695396,0.4828801581659705,0.939831047000372,0.8000757674576986,2.3154003620147705,2.204577684402466,0.11082267761230469,0.7535293042659759,False,0.2160826956223775,False
candidate_001872,D0-D2,D0,D2,000,100,4218,18,5,1014,1015,1020,0.27966563976502556,0.4828801581659705,1.0609583769536906,0.8000757674576986,2.283595561981201,2.2126011848449707,0.07099437713623047,0.7535293042659759,False,0.21572043392440104,False
candidate_001873,D0-D2,D0,D2,000,100,4223,23,3,1696,1697,1700,0.3741086519350804,0.47598741001451006,0.8753871720353282,0.7597972260789279,2.3154003620147705,2.204577684402466,0.11082267761230469,0.7535293042659759,False,0.2155900338132264,False
candidate_001874,D0-D2,D0,D2,000,100,4218,18,5,2137,2138,2143,0.2871681929560935,0.4828801581659705,1.0863638467702494,0.8000757674576986,2.283595561981201,2.2126011848449707,0.07099437713623047,0.7535293042659759,False,0.21511516072985,False
candidate_001875,D0-D2,D0,D2,000,100,4200,0,5,1212,1213,1218,0.37481287903576743,0.4828801581659705,1.0889279363491216,0.8000757674576986,2.2831742763519287,2.1908435821533203,0.0923306941986084,0.7535293042659759,False,0.21485171881295445,False
candidate_001876,D0-D2,D0,D2,000,100,4203,3,5,578,579,584,0.3584309950060487,0.4828801581659705,0.8902719755571268,0.8000757674576986,2.2615039348602295,2.153775453567505,0.10772848129272461,0.7535293042659759,False,0.21431658446189636,False
candidate_001877,D0-D2,D0,D2,000,100,4212,12,3,792,793,796,0.45048949282530976,0.47598741001451006,0.7671120970550968,0.7597972260789279,2.3023815155029297,2.151050329208374,0.15133118629455566,0.7535293042659759,False,0.21423983126033438,False
candidate_001878,D0-D2,D0,D2,000,100,4223,23,3,378,379,382,0.3711826075982445,0.47598741001451006,0.8629523146684268,0.7597972260789279,2.3154003620147705,2.204577684402466,0.11082267761230469,0.7535293042659759,False,0.21420294337727616,False
candidate_001879,D0-D2,D0,D2,000,100,4203,3,10,575,576,586,0.3337639779488171,0.49936698246710554,0.9120071517778819,0.9109722042901004,2.2615039348602295,2.153775453567505,0.10772848129272461,0.7535293042659759,False,0.21414299386511396,False
candidate_001880,D0-D2,D0,D2,000,100,4203,3,3,29,30,33,0.35658022448066473,0.47598741001451006,0.8519342675527222,0.7597972260789279,2.2615039348602295,2.153775453567505,0.10772848129272461,0.7535293042659759,False,0.21398187381984846,False
candidate_001881,D0-D2,D0,D2,000,100,4223,23,5,378,379,384,0.33924066473085374,0.4828801581659705,0.8177749392235975,0.8000757674576986,2.3154003620147705,2.204577684402466,0.11082267761230469,0.7535293042659759,False,0.2139747995020214,False
candidate_001882,D0-D2,D0,D2,000,100,4223,23,5,379,380,385,0.36152737116655026,0.4828801581659705,0.8708692499060595,0.8000757674576986,2.3154003620147705,2.204577684402466,0.11082267761230469,0.7535293042659759,False,0.21382009048909117,False
candidate_001883,D1-D2,D1,D2,010,100,4208,8,10,29,30,40,0.464542105150773,0.49936698246710554,0.9605778067111653,0.9109722042901004,2.2485151290893555,2.1064178943634033,0.14209723472595215,0.7535293042659759,False,0.21375074782409428,False
candidate_001884,D0-D2,D0,D2,000,100,4218,18,10,1013,1014,1024,0.28594679111406307,0.49936698246710554,1.17899278825072,0.9109722042901004,2.283595561981201,2.2126011848449707,0.07099437713623047,0.7535293042659759,False,0.21294351874746917,False
candidate_001885,D1-D2,D1,D2,010,100,4208,8,10,30,31,41,0.48171913203747546,0.49936698246710554,0.9906020933976603,0.9109722042901004,2.2485151290893555,2.1064178943634033,0.14209723472595215,0.7535293042659759,False,0.21257173846241428,False
candidate_001886,D0-D2,D0,D2,000,100,4218,18,3,2137,2138,2141,0.3062067468925035,0.47598741001451006,1.1016438155049302,0.7597972260789279,2.283595561981201,2.2126011848449707,0.07099437713623047,0.7535293042659759,False,0.2123479213013856,False
candidate_001887,D0-D2,D0,D2,000,100,4223,23,3,1221,1222,1225,0.37061611442121384,0.47598741001451006,0.8516153969806414,0.7597972260789279,2.3154003620147705,2.204577684402466,0.11082267761230469,0.7535293042659759,False,0.21171199316686556,False
candidate_001888,D0-D2,D0,D2,000,100,4215,15,3,940,941,944,0.266186540750652,0.47598741001451006,1.050851890291669,0.7597972260789279,2.30489182472229,2.240429162979126,0.06446266174316406,0.7535293042659759,False,0.21157349834108816,False
candidate_001889,D0-D2,D0,D2,000,100,4200,0,10,1212,1213,1223,0.38715197270856266,0.49936698246710554,1.2187060923631707,0.9109722042901004,2.2831742763519287,2.1908435821533203,0.0923306941986084,0.7535293042659759,False,0.21143562222390544,False
candidate_001890,D1-D2,D1,D2,010,100,4208,8,3,669,670,673,0.4700109086983027,0.47598741001451006,0.8393911058517687,0.7597972260789279,2.2485151290893555,2.1064178943634033,0.14209723472595215,0.7535293042659759,False,0.2109792127139127,False
candidate_001891,D0-D2,D0,D2,000,100,4223,23,3,62,63,66,0.37394900807545256,0.47598741001451006,0.8536823788107532,0.7597972260789279,2.3154003620147705,2.204577684402466,0.11082267761230469,0.7535293042659759,False,0.21033434148560248,False
candidate_001892,D0-D2,D0,D2,000,100,4223,23,3,1697,1698,1701,0.367058572142016,0.47598741001451006,0.8378417349439697,0.7597972260789279,2.3154003620147705,2.204577684402466,0.11082267761230469,0.7535293042659759,False,0.21030658612354095,False
candidate_001893,D0-D2,D0,D2,000,100,4203,3,3,578,579,582,0.3689287357604993,0.47598741001451006,0.8645712762836418,0.7597972260789279,2.2615039348602295,2.153775453567505,0.10772848129272461,0.7535293042659759,False,0.20988745050126875,False
candidate_001894,D0-D2,D0,D2,000,100,4212,12,3,1449,1450,1453,0.4663015532760789,0.47598741001451006,0.7776494720178416,0.7597972260789279,2.3023815155029297,2.151050329208374,0.15133118629455566,0.7535293042659759,False,0.2098181587134499,False
candidate_001895,D1-D2,D1,D2,010,100,4208,8,10,667,668,678,0.4543931554778117,0.49936698246710554,0.9209985467764128,0.9109722042901004,2.2485151290893555,2.1064178943634033,0.14209723472595215,0.7535293042659759,False,0.209520895697611,False
candidate_001896,D0-D2,D0,D2,000,100,4223,23,3,444,445,448,0.4438734394017413,0.47598741001451006,1.008952534561979,0.7597972260789279,2.3154003620147705,2.204577684402466,0.11082267761230469,0.7535293042659759,False,0.20942948843498801,False
candidate_001897,D0-D2,D0,D2,000,100,4223,23,5,1220,1221,1226,0.37888506964982155,0.4828801581659705,0.8877834038941042,0.8000757674576986,2.3154003620147705,2.204577684402466,0.11082267761230469,0.7535293042659759,False,0.20798703630663928,False
candidate_001898,D0-D2,D0,D2,000,100,4218,18,5,1012,1013,1018,0.242162305672406,0.4828801581659705,0.8855308870432655,0.8000757674576986,2.283595561981201,2.2126011848449707,0.07099437713623047,0.7535293042659759,False,0.2079357778412889,False
candidate_001899,D0-D2,D0,D2,000,100,4203,3,3,579,580,583,0.37237314260884075,0.47598741001451006,0.8634104923296307,0.7597972260789279,2.2615039348602295,2.153775453567505,0.10772848129272461,0.7535293042659759,False,0.20766682592926564,False
candidate_001900,D0-D2,D0,D2,000,100,4218,18,5,2136,2137,2142,0.2764347245463399,0.4828801581659705,1.0092475170174255,0.8000757674576986,2.283595561981201,2.2126011848449707,0.07099437713623047,0.7535293042659759,False,0.20760468201015442,False
candidate_001901,D0-D2,D0,D2,000,100,4203,3,3,787,788,791,0.4114389900405812,0.47598741001451006,0.9523824596870964,0.7597972260789279,2.2615039348602295,2.153775453567505,0.10772848129272461,0.7535293042659759,False,0.20731660870815743,False
candidate_001902,D0-D2,D0,D2,000,100,4200,0,10,1211,1212,1222,0.3842462008837418,0.49936698246710554,1.1857113787510865,0.9109722042901004,2.2831742763519287,2.1908435821533203,0.0923306941986084,0.7535293042659759,False,0.20726695056855068,False
candidate_001903,D0-D2,D0,D2,000,100,4218,18,5,1015,1016,1021,0.3210938412730125,0.4828801581659705,1.1703343244304447,0.8000757674576986,2.283595561981201,2.2126011848449707,0.07099437713623047,0.7535293042659759,False,0.20725738643530311,False
candidate_001904,D0-D2,D0,D2,000,100,4203,3,5,786,787,792,0.379959571317573,0.4828801581659705,0.9116970151023861,0.8000757674576986,2.2615039348602295,2.153775453567505,0.10772848129272461,0.7535293042659759,False,0.20703881746937122,False
candidate_001905,D0-D2,D0,D2,000,100,4223,23,5,60,61,66,0.34652349296065443,0.4828801581659705,0.8069282613163387,0.8000757674576986,2.3154003620147705,2.204577684402466,0.11082267761230469,0.7535293042659759,False,0.2066992871795834,False
candidate_001906,D0-D2,D0,D2,000,100,4203,3,3,786,787,790,0.37797725040397245,0.47598741001451006,0.8632560019926828,0.7597972260789279,2.2615039348602295,2.153775453567505,0.10772848129272461,0.7535293042659759,False,0.20455123132800215,False
candidate_001907,D0-D2,D0,D2,000,100,4203,3,5,787,788,793,0.3962010054721745,0.4828801581659705,0.9372387670980173,0.8000757674576986,2.2615039348602295,2.153775453567505,0.10772848129272461,0.7535293042659759,False,0.2041142404736927,False
candidate_001908,D0-D2,D0,D2,000,100,4203,3,3,577,578,581,0.37248327577712287,0.47598741001451006,0.8468928170634951,0.7597972260789279,2.2615039348602295,2.153775453567505,0.10772848129272461,0.7535293042659759,False,0.20363378063443482,False
candidate_001909,D1-D2,D1,D2,010,100,4208,8,10,28,29,39,0.46421713530297937,0.49936698246710554,0.9120966500276106,0.9109722042901004,2.2485151290893555,2.1064178943634033,0.14209723472595215,0.7535293042659759,False,0.20310465232990096,False
candidate_001910,D0-D2,D0,D2,000,100,4215,15,3,939,940,943,0.22631614359202534,0.47598741001451006,0.8566811267695656,0.7597972260789279,2.30489182472229,2.240429162979126,0.06446266174316406,0.7535293042659759,False,0.20286611614558575,False
candidate_001911,D0-D2,D0,D2,000,100,4223,23,3,1220,1221,1224,0.3464682563912963,0.47598741001451006,0.7623529689942696,0.7597972260789279,2.3154003620147705,2.204577684402466,0.11082267761230469,0.7535293042659759,False,0.2027304106877217,False
candidate_001912,D0-D2,D0,D2,000,100,4203,3,5,577,578,583,0.35068010025702845,0.4828801581659705,0.823137162660368,0.8000757674576986,2.2615039348602295,2.153775453567505,0.10772848129272461,0.7535293042659759,False,0.20253483103443992,False
candidate_001913,D0-D2,D0,D2,000,100,4223,23,3,1222,1223,1226,0.42627181084001914,0.47598741001451006,0.9355370032256595,0.7597972260789279,2.3154003620147705,2.204577684402466,0.11082267761230469,0.7535293042659759,False,0.202209060104213,False
candidate_001914,D0-D2,D0,D2,000,100,4203,3,10,31,32,42,0.37731522974498255,0.49936698246710554,0.9707292106926764,0.9109722042901004,2.2615039348602295,2.153775453567505,0.10772848129272461,0.7535293042659759,False,0.20162243351563797,False
candidate_001915,D0-D2,D0,D2,000,100,4223,23,10,1220,1221,1231,0.3787573545146854,0.49936698246710554,0.9462423884181745,0.9109722042901004,2.3154003620147705,2.204577684402466,0.11082267761230469,0.7535293042659759,False,0.20141161657044035,False
candidate_001916,D0-D2,D0,D2,000,100,4218,18,3,1014,1015,1018,0.3075389573745366,0.47598741001451006,1.0493120649936962,0.7597972260789279,2.283595561981201,2.2126011848449707,0.07099437713623047,0.7535293042659759,False,0.20138452622063313,False
candidate_001917,D0-D2,D0,D2,000,100,4215,15,10,937,938,948,0.23553606393089843,0.49936698246710554,1.0079727994753593,0.9109722042901004,2.30489182472229,2.240429162979126,0.06446266174316406,0.7535293042659759,False,0.2006846637604958,False
candidate_001918,D0-D2,D0,D2,000,100,4218,18,10,1016,1017,1027,0.3313556622774124,0.49936698246710554,1.2836296921557202,0.9109722042901004,2.283595561981201,2.2126011848449707,0.07099437713623047,0.7535293042659759,False,0.20007087106973728,False
candidate_001919,D0-D2,D0,D2,000,100,4200,0,10,1213,1214,1224,0.4220552033747201,0.49936698246710554,1.2546928341179253,0.9109722042901004,2.2831742763519287,2.1908435821533203,0.0923306941986084,0.7535293042659759,False,0.1996773531540946,False
candidate_001920,D0-D2,D0,D2,000,100,4223,23,3,80,81,84,0.3611138453355518,0.47598741001451006,0.7811625507091192,0.7597972260789279,2.3154003620147705,2.204577684402466,0.11082267761230469,0.7535293042659759,False,0.19930744858390456,False
candidate_001921,D0-D2,D0,D2,000,100,4200,0,5,1210,1211,1216,0.3272549852435274,0.4828801581659705,0.8793780196031664,0.8000757674576986,2.2831742763519287,2.1908435821533203,0.0923306941986084,0.7535293042659759,False,0.19872089431285098,False
candidate_001922,D0-D2,D0,D2,000,100,4223,23,5,80,81,86,0.3641062109229563,0.4828801581659705,0.8085851457407085,0.8000757674576986,2.3154003620147705,2.204577684402466,0.11082267761230469,0.7535293042659759,False,0.19712168723934456,False
candidate_001923,D0-D2,D0,D2,000,100,4203,3,5,785,786,791,0.37795669893130984,0.4828801581659705,0.8630323432867648,0.8000757674576986,2.2615039348602295,2.153775453567505,0.10772848129272461,0.7535293042659759,False,0.19702605385014782,False
candidate_001924,D0-D2,D0,D2,000,100,4223,23,10,447,448,458,0.4322054912822832,0.49936698246710554,1.055278795997854,0.9109722042901004,2.3154003620147705,2.204577684402466,0.11082267761230469,0.7535293042659759,False,0.19684306652318168,False
candidate_001925,D0-D2,D0,D2,000,100,4200,0,10,1464,1465,1475,0.34115668626499124,0.49936698246710554,0.9985824647896303,0.9109722042901004,2.2831742763519287,2.1908435821533203,0.0923306941986084,0.7535293042659759,False,0.1966032535689371,False
candidate_001926,D0-D2,D0,D2,000,100,4218,18,3,1013,1014,1017,0.26340223894804504,0.47598741001451006,0.8773078728935316,0.7597972260789279,2.283595561981201,2.2126011848449707,0.07099437713623047,0.7535293042659759,False,0.19658670042455237,False
candidate_001927,D1-D2,D1,D2,010,100,4206,6,5,90,91,96,0.3868907452959649,0.4828801581659705,0.8287765146241065,0.8000757674576986,2.0451583862304688,1.931213617324829,0.11394476890563965,0.7535293042659759,False,0.19550217063688335,False
candidate_001928,D0-D2,D0,D2,000,100,4203,3,3,788,789,792,0.46789795327825506,0.47598741001451006,1.0200609327031338,0.7597972260789279,2.2615039348602295,2.153775453567505,0.10772848129272461,0.7535293042659759,False,0.1952554309224186,False
candidate_001929,D0-D2,D0,D2,000,100,4223,23,10,1221,1222,1232,0.39252542397942036,0.49936698246710554,0.9505302249984754,0.9109722042901004,2.3154003620147705,2.204577684402466,0.11082267761230469,0.7535293042659759,False,0.19522765171444822,False
candidate_001930,D0-D2,D0,D2,000,100,4223,23,3,1698,1699,1702,0.43929120475321587,0.47598741001451006,0.9303287020889307,0.7597972260789279,2.3154003620147705,2.204577684402466,0.11082267761230469,0.7535293042659759,False,0.1951237645605258,False
candidate_001931,D0-D2,D0,D2,000,100,4217,17,3,279,280,283,0.3920146174791642,0.47598741001451006,0.9575540962208089,0.7597972260789279,2.160839319229126,2.064797878265381,0.09604144096374512,0.7535293042659759,False,0.19503714907819017,False
candidate_001932,D0-D2,D0,D2,000,100,4218,18,10,1012,1013,1023,0.28995025661002083,0.49936698246710554,1.094492686634672,0.9109722042901004,2.283595561981201,2.2126011848449707,0.07099437713623047,0.7535293042659759,False,0.19495207922500685,False
candidate_001933,D1-D2,D1,D2,010,100,4208,8,3,1243,1244,1247,0.4671567852391063,0.47598741001451006,0.7703287354318055,0.7597972260789279,2.2485151290893555,2.1064178943634033,0.14209723472595215,0.7535293042659759,False,0.19480346588952244,False
candidate_001934,D1-D2,D1,D2,010,100,4206,6,3,59,60,63,0.40866075402579466,0.47598741001451006,0.8394880998635936,0.7597972260789279,2.0451583862304688,1.931213617324829,0.11394476890563965,0.7535293042659759,False,0.19460035120702543,False
candidate_001935,D0-D2,D0,D2,000,100,4218,18,5,2138,2139,2144,0.34091044110430835,0.4828801581659705,1.1586040949454566,0.8000757674576986,2.283595561981201,2.2126011848449707,0.07099437713623047,0.7535293042659759,False,0.19325325028339313,False
candidate_001936,D0-D2,D0,D2,000,100,4223,23,5,380,381,386,0.39251003637941495,0.4828801581659705,0.8542219973571894,0.8000757674576986,2.3154003620147705,2.204577684402466,0.11082267761230469,0.7535293042659759,False,0.1931775799382843,False
candidate_001937,D0-D2,D0,D2,000,100,4203,3,3,580,581,584,0.37487425288320425,0.47598741001451006,0.8073278329113324,0.7597972260789279,2.2615039348602295,2.153775453567505,0.10772848129272461,0.7535293042659759,False,0.19288233947349778,False
candidate_001938,D1-D2,D1,D2,010,100,4206,6,3,58,59,62,0.39861848820548934,0.47598741001451006,0.8093920858128474,0.7597972260789279,2.0451583862304688,1.931213617324829,0.11394476890563965,0.7535293042659759,False,0.19235059027602883,False
candidate_001939,D0-D2,D0,D2,000,100,4200,0,5,1209,1210,1215,0.34463036444345085,0.4828801581659705,0.8948371885412917,0.8000757674576986,2.2831742763519287,2.1908435821533203,0.0923306941986084,0.7535293042659759,False,0.19201921210752482,False
candidate_001940,D0-D2,D0,D2,000,100,4215,15,5,941,942,947,0.309939367290599,0.4828801581659705,1.1519789055795693,0.8000757674576986,2.30489182472229,2.240429162979126,0.06446266174316406,0.7535293042659759,False,0.1919040391324993,False
candidate_001941,D1-D2,D1,D2,010,100,4206,6,3,60,61,64,0.4251925350146101,0.47598741001451006,0.8603462899071429,0.7597972260789279,2.0451583862304688,1.931213617324829,0.11394476890563965,0.7535293042659759,False,0.1916812649030239,False
candidate_001942,D0-D2,D0,D2,000,100,4203,3,5,788,789,794,0.42923645666292803,0.4828801581659705,0.952296135787442,0.8000757674576986,2.2615039348602295,2.153775453567505,0.10772848129272461,0.7535293042659759,False,0.19143178789703516,False
candidate_001943,D0-D2,D0,D2,000,100,4213,13,10,2083,2084,2094,0.2955668039703431,0.49936698246710554,1.086074157143187,0.9109722042901004,2.2448813915252686,2.17341947555542,0.07146191596984863,0.7535293042659759,False,0.19102624195762774,False
candidate_001944,D0-D2,D0,D2,000,100,4223,23,3,61,62,65,0.3728181500244985,0.47598741001451006,0.7711136929810435,0.7597972260789279,2.3154003620147705,2.204577684402466,0.11082267761230469,0.7535293042659759,False,0.19056696732419381,False
candidate_001945,D0-D2,D0,D2,000,100,4218,18,5,89,90,95,0.35574581987197157,0.4828801581659705,1.1910951604265172,0.8000757674576986,2.283595561981201,2.2126011848449707,0.07099437713623047,0.7535293042659759,False,0.19038761997795664,False
candidate_001946,D0-D2,D0,D2,000,100,4218,18,10,2138,2139,2149,0.3462359479405334,0.49936698246710554,1.2736722186945022,0.9109722042901004,2.283595561981201,2.2126011848449707,0.07099437713623047,0.7535293042659759,False,0.18998706100449386,False
candidate_001947,D0-D2,D0,D2,000,100,4223,23,10,151,152,162,0.4776637196191958,0.49936698246710554,1.1242578607962486,0.9109722042901004,2.3154003620147705,2.204577684402466,0.11082267761230469,0.7535293042659759,False,0.1897522207253296,False
candidate_001948,D0-D2,D0,D2,000,100,4218,18,10,2137,2138,2148,0.3385443646256478,0.49936698246710554,1.2405558613768914,0.9109722042901004,2.283595561981201,2.2126011848449707,0.07099437713623047,0.7535293042659759,False,0.18925146103166152,False
candidate_001949,D0-D2,D0,D2,000,100,4223,23,3,82,83,86,0.4185794257908091,0.47598741001451006,0.8586617496153519,0.7597972260789279,2.3154003620147705,2.204577684402466,0.11082267761230469,0.7535293042659759,False,0.18900378165463544,False
candidate_001950,D0-D2,D0,D2,000,100,4200,0,10,1210,1211,1221,0.39652794438290045,0.49936698246710554,1.11258320634567,0.9109722042901004,2.2831742763519287,2.1908435821533203,0.0923306941986084,0.7535293042659759,False,0.1884600726248947,False
candidate_001951,D1-D2,D1,D2,010,100,4206,6,3,90,91,94,0.4485320592457008,0.47598741001451006,0.8918670006206932,0.7597972260789279,2.0451583862304688,1.931213617324829,0.11394476890563965,0.7535293042659759,False,0.18836430720634217,False
candidate_001952,D0-D2,D0,D2,000,100,4223,23,10,1223,1224,1234,0.42626429273222266,0.49936698246710554,0.9917046596293614,0.9109722042901004,2.3154003620147705,2.204577684402466,0.11082267761230469,0.7535293042659759,False,0.18756274939751685,False
candidate_001953,D0-D2,D0,D2,000,100,4223,23,5,1224,1225,1230,0.46325664933075084,0.4828801581659705,0.9786055024080088,0.8000757674576986,2.3154003620147705,2.204577684402466,0.11082267761230469,0.7535293042659759,False,0.18750926344821092,False
candidate_001954,D0-D2,D0,D2,000,100,4223,23,5,1696,1697,1702,0.42905622610845695,0.4828801581659705,0.9061584743700756,0.8000757674576986,2.3154003620147705,2.204577684402466,0.11082267761230469,0.7535293042659759,False,0.18746780052529619,False
candidate_001955,D0-D2,D0,D2,000,100,4203,3,10,32,33,43,0.42711529201069737,0.49936698246710554,1.0202122858208391,0.9109722042901004,2.2615039348602295,2.153775453567505,0.10772848129272461,0.7535293042659759,False,0.18719339352489833,False
candidate_001956,D0-D2,D0,D2,000,100,4223,23,10,1224,1225,1235,0.4351076382106819,0.49936698246710554,1.0080900921858886,0.9109722042901004,2.3154003620147705,2.204577684402466,0.11082267761230469,0.7535293042659759,False,0.18678664853789034,False
candidate_001957,D0-D2,D0,D2,000,100,4218,18,5,2546,2547,2552,0.2789493540228139,0.4828801581659705,0.9153440959266613,0.8000757674576986,2.283595561981201,2.2126011848449707,0.07099437713623047,0.7535293042659759,False,0.18659116447853816,False
candidate_001958,D0-D2,D0,D2,000,100,4213,13,10,2082,2083,2093,0.2869512662887185,0.49936698246710554,1.0295851988175433,0.9109722042901004,2.2448813915252686,2.17341947555542,0.07146191596984863,0.7535293042659759,False,0.1865277074641871,False
candidate_001959,D0-D2,D0,D2,000,100,4200,0,3,1212,1213,1216,0.4048272190668959,0.47598741001451006,0.9829313078679947,0.7597972260789279,2.2831742763519287,2.1908435821533203,0.0923306941986084,0.7535293042659759,False,0.1863790868218924,False
candidate_001960,D0-D2,D0,D2,000,100,4218,18,5,2135,2136,2141,0.2918466180833154,0.4828801581659705,0.9562455788645873,0.8000757674576986,2.283595561981201,2.2126011848449707,0.07099437713623047,0.7535293042659759,False,0.18631457304151525,False
candidate_001961,D0-D2,D0,D2,000,100,4223,23,10,1222,1223,1233,0.41242222911411697,0.49936698246710554,0.9480238919618548,0.9109722042901004,2.3154003620147705,2.204577684402466,0.11082267761230469,0.7535293042659759,False,0.18531919623208992,False
candidate_001962,D0-D2,D0,D2,000,100,4213,13,10,2084,2085,2095,0.31674518866548296,0.49936698246710554,1.124130922339762,0.9109722042901004,2.2448813915252686,2.17341947555542,0.07146191596984863,0.7535293042659759,False,0.18449987458411665,False
candidate_001963,D0-D2,D0,D2,000,100,4223,23,3,81,82,85,0.39700872787057323,0.47598741001451006,0.794400909861539,0.7597972260789279,2.3154003620147705,2.204577684402466,0.11082267761230469,0.7535293042659759,False,0.18435967468386055,False
candidate_001964,D0-D2,D0,D2,000,100,4218,18,5,2547,2548,2553,0.30153590526701063,0.4828801581659705,0.9770953874912562,0.8000757674576986,2.283595561981201,2.2126011848449707,0.07099437713623047,0.7535293042659759,False,0.18425953914076695,False
candidate_001965,D0-D2,D0,D2,000,100,4218,18,5,2545,2546,2551,0.2740111174225712,0.4828801581659705,0.8875580336604394,0.8000757674576986,2.283595561981201,2.2126011848449707,0.07099437713623047,0.7535293042659759,False,0.18418770052942082,False
candidate_001966,D0-D2,D0,D2,000,100,4223,23,3,63,64,67,0.4024752633118509,0.47598741001451006,0.8043359828322567,0.7597972260789279,2.3154003620147705,2.204577684402466,0.11082267761230469,0.7535293042659759,False,0.18413000256968967,False
candidate_001967,D0-D2,D0,D2,000,100,4223,23,5,1023,1024,1029,0.442573172470159,0.4828801581659705,0.9178155521063688,0.8000757674576986,2.3154003620147705,2.204577684402466,0.11082267761230469,0.7535293042659759,False,0.18408019423642683,False
candidate_001968,D0-D2,D0,D2,000,100,4217,17,3,740,741,744,0.34599930198779816,0.47598741001451006,0.7960957653415294,0.7597972260789279,2.160839319229126,2.064797878265381,0.09604144096374512,0.7535293042659759,False,0.18371574325086681,False
candidate_001969,D0-D2,D0,D2,000,100,4213,13,10,2081,2082,2092,0.28224379283284545,0.49936698246710554,0.9973482941509975,0.9109722042901004,2.2448813915252686,2.17341947555542,0.07146191596984863,0.7535293042659759,False,0.1837010578126065,False
candidate_001970,D0-D2,D0,D2,000,100,4200,0,5,1213,1214,1219,0.47274351990260255,0.4828801581659705,1.173141650553602,0.8000757674576986,2.2831742763519287,2.1908435821533203,0.0923306941986084,0.7535293042659759,False,0.18351816900069473,False
candidate_001971,D0-D2,D0,D2,000,100,4223,23,10,1225,1226,1236,0.44582103988219685,0.49936698246710554,1.0121573061328655,0.9109722042901004,2.3154003620147705,2.204577684402466,0.11082267761230469,0.7535293042659759,False,0.18303352530018613,False
candidate_001972,D0-D2,D0,D2,000,100,4215,15,10,942,943,953,0.32134964137685135,0.49936698246710554,1.2495163391315416,0.9109722042901004,2.30489182472229,2.240429162979126,0.06446266174316406,0.7535293042659759,False,0.18234208045612063,False
candidate_001973,D1-D2,D1,D2,010,100,4206,6,3,57,58,61,0.418727517745074,0.47598741001451006,0.8031385779559361,0.7597972260789279,2.0451583862304688,1.931213617324829,0.11394476890563965,0.7535293042659759,False,0.18169835365514236,False
candidate_001974,D0-D2,D0,D2,000,100,4200,0,3,1000,1001,1004,0.3674284665530843,0.47598741001451006,0.867440615211596,0.7597972260789279,2.2831742763519287,2.1908435821533203,0.0923306941986084,0.7535293042659759,False,0.18122189564353408,False
candidate_001975,D1-D2,D1,D2,010,100,4206,6,5,58,59,64,0.4241783823597853,0.4828801581659705,0.8421995185381971,0.8000757674576986,2.0451583862304688,1.931213617324829,0.11394476890563965,0.7535293042659759,False,0.1812044865163066,False
candidate_001976,D1-D2,D1,D2,010,100,4206,6,10,92,93,103,0.4233301183264677,0.49936698246710554,0.9230991475659511,0.9109722042901004,2.0451583862304688,1.931213617324829,0.11394476890563965,0.7535293042659759,False,0.18074992488877034,False
candidate_001977,D0-D2,D0,D2,000,100,4200,0,5,1001,1002,1007,0.3795497168115563,0.4828801581659705,0.9270724513604658,0.8000757674576986,2.2831742763519287,2.1908435821533203,0.0923306941986084,0.7535293042659759,False,0.18063387648454277,False
candidate_001978,D0-D2,D0,D2,000,100,4217,17,5,279,280,285,0.39767082038601204,0.4828801581659705,0.9323193688492503,0.8000757674576986,2.160839319229126,2.064797878265381,0.09604144096374512,0.7535293042659759,False,0.18034651151104986,False
candidate_001979,D0-D2,D0,D2,000,100,4217,17,3,767,768,771,0.3532396006092154,0.47598741001451006,0.7961702869949716,0.7597972260789279,2.160839319229126,2.064797878265381,0.09604144096374512,0.7535293042659759,False,0.17996699440832595,False
candidate_001980,D0-D2,D0,D2,000,100,4223,23,3,1021,1022,1025,0.4112177030375749,0.47598741001451006,0.800839711784503,0.7597972260789279,2.3154003620147705,2.204577684402466,0.11082267761230469,0.7535293042659759,False,0.1794320638249084,False
candidate_001981,D0-D2,D0,D2,000,100,4200,0,3,1209,1210,1213,0.33270142108229567,0.47598741001451006,0.7729005825013887,0.7597972260789279,2.2831742763519287,2.1908435821533203,0.0923306941986084,0.7535293042659759,False,0.17832518989873183,False
candidate_001982,D0-D2,D0,D2,000,100,4217,17,5,742,743,748,0.375995850427923,0.4828801581659705,0.8710322596588906,0.8000757674576986,2.160839319229126,2.064797878265381,0.09604144096374512,0.7535293042659759,False,0.17820420696847922,False
candidate_001983,D0-D2,D0,D2,000,100,4217,17,5,741,742,747,0.3596071786305952,0.4828801581659705,0.8324923626369873,0.8000757674576986,2.160839319229126,2.064797878265381,0.09604144096374512,0.7535293042659759,False,0.17808144450409066,False
candidate_001984,D0-D2,D0,D2,000,100,4200,0,5,1463,1464,1469,0.34790761435910916,0.4828801581659705,0.8375669792061375,0.8000757674576986,2.2831742763519287,2.1908435821533203,0.0923306941986084,0.7535293042659759,False,0.1780368129039633,False
candidate_001985,D1-D2,D1,D2,010,100,4206,6,5,59,60,65,0.41785685328983124,0.4828801581659705,0.8142045630006247,0.8000757674576986,2.0451583862304688,1.931213617324829,0.11394476890563965,0.7535293042659759,False,0.17783141803691382,False
candidate_001986,D0-D2,D0,D2,000,100,4223,23,3,97,98,101,0.40052037316204553,0.47598741001451006,0.7723281512713255,0.7597972260789279,2.3154003620147705,2.204577684402466,0.11082267761230469,0.7535293042659759,False,0.17766566574961468,False
candidate_001987,D0-D2,D0,D2,000,100,4218,18,10,1280,1281,1291,0.3768010471497876,0.49936698246710554,1.2960939071921067,0.9109722042901004,2.283595561981201,2.2126011848449707,0.07099437713623047,0.7535293042659759,False,0.17764904325669834,False
candidate_001988,D0-D2,D0,D2,000,100,4200,0,10,1465,1466,1476,0.39250855468366685,0.49936698246710554,1.0371127588666358,0.9109722042901004,2.2831742763519287,2.1908435821533203,0.0923306941986084,0.7535293042659759,False,0.17747513001556953,False
candidate_001989,D0-D2,D0,D2,000,100,4213,13,10,2080,2081,2091,0.2784247528951996,0.49936698246710554,0.9492505756671917,0.9109722042901004,2.2448813915252686,2.17341947555542,0.07146191596984863,0.7535293042659759,False,0.17724020098132723,False
candidate_001990,D0-D2,D0,D2,000,100,4200,0,3,999,1000,1003,0.3502384495372721,0.47598741001451006,0.8078150491129473,0.7597972260789279,2.2831742763519287,2.1908435821533203,0.0923306941986084,0.7535293042659759,False,0.17704832988045288,False
candidate_001991,D0-D2,D0,D2,000,100,4223,23,3,443,444,447,0.4235891336296165,0.47598741001451006,0.8134716479860468,0.7597972260789279,2.3154003620147705,2.204577684402466,0.11082267761230469,0.7535293042659759,False,0.17693912084946,False
candidate_001992,D0-D2,D0,D2,000,100,4218,18,3,2545,2546,2549,0.25490663592468027,0.47598741001451006,0.764128317109406,0.7597972260789279,2.283595561981201,2.2126011848449707,0.07099437713623047,0.7535293042659759,False,0.17693213638517127,False
candidate_001993,D0-D2,D0,D2,000,100,4218,18,10,2136,2137,2147,0.3494029762319725,0.49936698246710554,1.1953839201843337,0.9109722042901004,2.283595561981201,2.2126011848449707,0.07099437713623047,0.7535293042659759,False,0.17669298778132728,False
candidate_001994,D0-D2,D0,D2,000,100,4217,17,5,740,741,746,0.35273886624523904,0.4828801581659705,0.809830771441845,0.8000757674576986,2.160839319229126,2.064797878265381,0.09604144096374512,0.7535293042659759,False,0.1766069232937106,False
candidate_001995,D0-D2,D0,D2,000,100,4223,23,3,1695,1696,1699,0.3994400094927679,0.47598741001451006,0.7646375514414261,0.7597972260789279,2.3154003620147705,2.204577684402466,0.11082267761230469,0.7535293042659759,False,0.1763722737343691,False
candidate_001996,D0-D2,D0,D2,000,100,4218,18,3,1015,1016,1019,0.3670153852291771,0.47598741001451006,1.0961921954416451,0.7597972260789279,2.283595561981201,2.2126011848449707,0.07099437713623047,0.7535293042659759,False,0.17628850890151754,False
candidate_001997,D0-D2,D0,D2,000,100,4218,18,3,2135,2136,2139,0.2546168183926935,0.47598741001451006,0.7601553260329482,0.7597972260789279,2.283595561981201,2.2126011848449707,0.07099437713623047,0.7535293042659759,False,0.1762125453761774,False
candidate_001998,D0-D2,D0,D2,000,100,4218,18,10,1279,1280,1290,0.3705635512251318,0.49936698246710554,1.2628956879243298,0.9109722042901004,2.283595561981201,2.2126011848449707,0.07099437713623047,0.7535293042659759,False,0.17601240843795465,False
candidate_001999,D0-D2,D0,D2,000,100,4200,0,3,1463,1464,1467,0.3967709949069408,0.47598741001451006,0.9097408886857826,0.7597972260789279,2.2831742763519287,2.1908435821533203,0.0923306941986084,0.7535293042659759,False,0.17600358527399715,False
candidate_002000,D0-D2,D0,D2,000,100,4200,0,5,1000,1001,1006,0.3715925471924016,0.4828801581659705,0.8831183592898807,0.8000757674576986,2.2831742763519287,2.1908435821533203,0.0923306941986084,0.7535293042659759,False,0.17575436362271493,False
candidate_002001,D0-D2,D0,D2,000,100,4223,23,5,381,382,387,0.4244442966815061,0.4828801581659705,0.8401706086564398,0.8000757674576986,2.3154003620147705,2.204577684402466,0.11082267761230469,0.7535293042659759,False,0.17570475658383589,False
candidate_002002,D0-D2,D0,D2,000,100,4217,17,5,280,281,286,0.40552759406468225,0.4828801581659705,0.9222114010604182,0.8000757674576986,2.160839319229126,2.064797878265381,0.09604144096374512,0.7535293042659759,False,0.17493505282508787,False
candidate_002003,D0-D2,D0,D2,000,100,4218,18,5,2548,2549,2554,0.34591737017630275,0.4828801581659705,1.0611651243591267,0.8000757674576986,2.283595561981201,2.2126011848449707,0.07099437713623047,0.7535293042659759,False,0.17443862235824212,False
candidate_002004,D0-D2,D0,D2,000,100,4223,23,3,1014,1015,1018,0.43395811807954465,0.47598741001451006,0.8210758464865544,0.7597972260789279,2.3154003620147705,2.204577684402466,0.11082267761230469,0.7535293042659759,False,0.17432581898437285,False
candidate_002005,D0-D2,D0,D2,000,100,4218,18,10,2548,2549,2559,0.327851382490074,0.49936698246710554,1.1063460472412907,0.9109722042901004,2.283595561981201,2.2126011848449707,0.07099437713623047,0.7535293042659759,False,0.17428197551851013,False
candidate_002006,D0-D2,D0,D2,000,100,4200,0,10,1209,1210,1220,0.41000522534063233,0.49936698246710554,1.0631305247404172,0.9109722042901004,2.2831742763519287,2.1908435821533203,0.0923306941986084,0.7535293042659759,False,0.17416378270234245,False
candidate_002007,D0-D2,D0,D2,000,100,4223,23,10,1226,1227,1237,0.47684629632993686,0.49936698246710554,1.029120465640641,0.9109722042901004,2.3154003620147705,2.204577684402466,0.11082267761230469,0.7535293042659759,False,0.1739926856732093,False
candidate_002008,D0-D2,D0,D2,000,100,4217,17,3,742,743,746,0.4125106853954143,0.47598741001451006,0.8972255657989798,0.7597972260789279,2.160839319229126,2.064797878265381,0.09604144096374512,0.7535293042659759,False,0.1736691666336145,False
candidate_002009,D0-D2,D0,D2,000,100,4223,23,3,380,381,384,0.41769588914464456,0.47598741001451006,0.7871018576850131,0.7597972260789279,2.3154003620147705,2.204577684402466,0.11082267761230469,0.7535293042659759,False,0.17361889625757973,False
candidate_002010,D0-D2,D0,D2,000,100,4223,23,10,1026,1027,1037,0.4750097977847687,0.49936698246710554,1.0207333536211773,0.9109722042901004,2.3154003620147705,2.204577684402466,0.11082267761230469,0.7535293042659759,False,0.17324189637072815,False
candidate_002011,D0-D2,D0,D2,000,100,4223,23,10,1027,1028,1038,0.4951062149247877,0.49936698246710554,1.0635593369423892,0.9109722042901004,2.3154003620147705,2.204577684402466,0.11082267761230469,0.7535293042659759,False,0.17318350993864265,False
candidate_002012,D0-D2,D0,D2,000,100,4203,3,10,33,34,44,0.4690771624158536,0.49936698246710554,1.0355352816985521,0.9109722042901004,2.2615039348602295,2.153775453567505,0.10772848129272461,0.7535293042659759,False,0.17300780654359113,False
candidate_002013,D1-D2,D1,D2,010,100,4206,6,10,93,94,104,0.4670740825523299,0.49936698246710554,0.9723074796717551,0.9109722042901004,2.0451583862304688,1.931213617324829,0.11394476890563965,0.7535293042659759,False,0.172554703102121,False
candidate_002014,D0-D2,D0,D2,000,100,4217,17,3,744,745,748,0.4045828437078539,0.47598741001451006,0.8738997330410356,0.7597972260789279,2.160839319229126,2.064797878265381,0.09604144096374512,0.7535293042659759,False,0.17246875449315227,False
candidate_002015,D0-D2,D0,D2,000,100,4218,18,10,1278,1279,1289,0.3607241457561459,0.49936698246710554,1.2034480591963126,0.9109722042901004,2.283595561981201,2.2126011848449707,0.07099437713623047,0.7535293042659759,False,0.17230212838355705,False
candidate_002016,D0-D2,D0,D2,000,100,4218,18,10,1011,1012,1022,0.3017558557156045,0.49936698246710554,1.0066044993985421,0.9109722042901004,2.283595561981201,2.2126011848449707,0.07099437713623047,0.7535293042659759,False,0.17228269853262845,False
candidate_002017,D0-D2,D0,D2,000,100,4223,23,10,1025,1026,1036,0.46445908706685907,0.49936698246710554,0.9916520214020278,0.9109722042901004,2.3154003620147705,2.204577684402466,0.11082267761230469,0.7535293042659759,False,0.17212938931167884,False
candidate_002018,D0-D2,D0,D2,000,100,4223,23,3,1022,1023,1026,0.44284779183019046,0.47598741001451006,0.8262234602323082,0.7597972260789279,2.3154003620147705,2.204577684402466,0.11082267761230469,0.7535293042659759,False,0.17189739431708698,False
candidate_002019,D0-D2,D0,D2,000,100,4223,23,10,1022,1023,1033,0.4315819190486974,0.49936698246710554,0.9200586362394911,0.9109722042901004,2.3154003620147705,2.204577684402466,0.11082267761230469,0.7535293042659759,False,0.17186817092507248,False
candidate_002020,D0-D2,D0,D2,000,100,4218,18,10,2547,2548,2558,0.31555733888167137,0.49936698246710554,1.049301733012832,0.9109722042901004,2.283595561981201,2.2126011848449707,0.07099437713623047,0.7535293042659759,False,0.17173571006352326,False
candidate_002021,D0-D2,D0,D2,000,100,4213,13,5,2081,2082,2087,0.29618463418984686,0.4828801581659705,0.8882351462788505,0.8000757674576986,2.2448813915252686,2.17341947555542,0.07146191596984863,0.7535293042659759,False,0.17165172918140603,False
candidate_002022,D0-D2,D0,D2,000,100,4218,18,5,1016,1017,1022,0.395731999860692,0.4828801581659705,1.1931752612667412,0.8000757674576986,2.283595561981201,2.2126011848449707,0.07099437713623047,0.7535293042659759,False,0.17144906497819398,False
candidate_002023,D0-D2,D0,D2,000,100,4223,23,5,1024,1025,1030,0.47431115471119706,0.4828801581659705,0.9150237749089334,0.8000757674576986,2.3154003620147705,2.204577684402466,0.11082267761230469,0.7535293042659759,False,0.1712402196482016,False
candidate_002024,D0-D2,D0,D2,000,100,4218,18,3,2547,2548,2551,0.331976370457099,0.47598741001451006,0.9623174120073446,0.7597972260789279,2.283595561981201,2.2126011848449707,0.07099437713623047,0.7535293042659759,False,0.1710931965639818,False
candidate_002025,D0-D2,D0,D2,000,100,4200,0,3,29,30,33,0.35175427028160405,0.47598741001451006,0.7836957851254097,0.7597972260789279,2.2831742763519287,2.1908435821533203,0.0923306941986084,0.7535293042659759,False,0.17102194806443397,False
candidate_002026,D0-D2,D0,D2,000,100,4217,17,5,669,670,675,0.4000925169855615,0.4828801581659705,0.8891395660497674,0.8000757674576986,2.160839319229126,2.064797878265381,0.09604144096374512,0.7535293042659759,False,0.17095282119705305,False
candidate_002027,D0-D2,D0,D2,000,100,4218,18,10,1281,1282,1292,0.39121283668200696,0.49936698246710554,1.2941654513415624,0.9109722042901004,2.283595561981201,2.2126011848449707,0.07099437713623047,0.7535293042659759,False,0.1708500892871958,False
candidate_002028,D0-D2,D0,D2,000,100,4215,15,10,936,937,947,0.2530608988250696,0.49936698246710554,0.918952680830428,0.9109722042901004,2.30489182472229,2.240429162979126,0.06446266174316406,0.7535293042659759,False,0.1702906834636852,False
candidate_002029,D0-D2,D0,D2,000,100,4217,17,3,28,29,32,0.4049785457724734,0.47598741001451006,0.8636794419119157,0.7597972260789279,2.160839319229126,2.064797878265381,0.09604144096374512,0.7535293042659759,False,0.17028517840777982,False
candidate_002030,D0-D1,D0,D1,000,010,4208,8,3,408,409,412,0.23842044844852187,0.47598741001451006,0.8015361280828909,0.7597972260789279,2.309361219406128,2.2485151290893555,0.06084609031677246,0.7535293042659759,False,0.1700630231688458,False
candidate_002031,D0-D2,D0,D2,000,100,4218,18,10,90,91,101,0.3905080978313115,0.49936698246710554,1.2855391502245719,0.9109722042901004,2.283595561981201,2.2126011848449707,0.07099437713623047,0.7535293042659759,False,0.17001755568649918,False
candidate_002032,D1-D2,D1,D2,010,100,4206,6,5,57,58,63,0.439161530279238,0.4828801581659705,0.817406827071075,0.8000757674576986,2.0451583862304688,1.931213617324829,0.11394476890563965,0.7535293042659759,False,0.16986991130454568,False
candidate_002033,D0-D2,D0,D2,000,100,4217,17,5,281,282,287,0.43008642011136206,0.4828801581659705,0.9487064932044412,0.8000757674576986,2.160839319229126,2.064797878265381,0.09604144096374512,0.7535293042659759,False,0.1696847869772513,False
candidate_002034,D0-D2,D0,D2,000,100,4217,17,3,281,282,285,0.46780499229820904,0.47598741001451006,0.9908261811393361,0.7597972260789279,2.160839319229126,2.064797878265381,0.09604144096374512,0.7535293042659759,False,0.1691176380370266,False
candidate_002035,D0-D2,D0,D2,000,100,4200,0,5,1002,1003,1008,0.4067318142355583,0.4828801581659705,0.928233610422332,0.8000757674576986,2.2831742763519287,2.1908435821533203,0.0923306941986084,0.7535293042659759,False,0.16877314521205758,False
candidate_002036,D0-D2,D0,D2,000,100,4218,18,3,1280,1281,1284,0.4201418451818426,0.47598741001451006,1.2010030592153587,0.7597972260789279,2.283595561981201,2.2126011848449707,0.07099437713623047,0.7535293042659759,False,0.16872123438309222,False
candidate_002037,D0-D2,D0,D2,000,100,4223,23,10,1023,1024,1034,0.43828172785434893,0.49936698246710554,0.916921014803372,0.9109722042901004,2.3154003620147705,2.204577684402466,0.11082267761230469,0.7535293042659759,False,0.16866374996239974,False
candidate_002038,D0-D2,D0,D2,000,100,4200,0,10,1214,1215,1225,0.4954727571221239,0.49936698246710554,1.2439550012067142,0.9109722042901004,2.2831742763519287,2.1908435821533203,0.0923306941986084,0.7535293042659759,False,0.16863415568860368,False
candidate_002039,D0-D2,D0,D2,000,100,4223,23,10,1024,1025,1035,0.45120952957882127,0.49936698246710554,0.943400652884913,0.9109722042901004,2.3154003620147705,2.204577684402466,0.11082267761230469,0.7535293042659759,False,0.16856255275394677,False
candidate_002040,D0-D2,D0,D2,000,100,4218,18,10,2139,2140,2150,0.38546345120122216,0.49936698246710554,1.2580174381801814,0.9109722042901004,2.283595561981201,2.2126011848449707,0.07099437713623047,0.7535293042659759,False,0.16855512445956192,False
candidate_002041,D0-D2,D0,D2,000,100,4213,13,3,2824,2825,2828,0.3386262125158342,0.47598741001451006,0.9574291918345326,0.7597972260789279,2.2448813915252686,2.17341947555542,0.07146191596984863,0.7535293042659759,False,0.16798030416169543,False
candidate_002042,D0-D2,D0,D2,000,100,4217,17,10,2170,2171,2181,0.49233571976902707,0.49936698246710554,1.182811026236724,0.9109722042901004,2.160839319229126,2.064797878265381,0.09604144096374512,0.7535293042659759,False,0.16785227725585988,False
candidate_002043,D0-D2,D0,D2,000,100,4213,13,5,2825,2826,2831,0.36856924957967896,0.4828801581659705,1.0803063422344725,0.8000757674576986,2.2448813915252686,2.17341947555542,0.07146191596984863,0.7535293042659759,False,0.16776856136630205,False
candidate_002044,D0-D2,D0,D2,000,100,4223,23,3,381,382,385,0.4488913382155826,0.47598741001451006,0.8173808789170015,0.7597972260789279,2.3154003620147705,2.204577684402466,0.11082267761230469,0.7535293042659759,False,0.1677681452619119,False
candidate_002045,D0-D2,D0,D2,000,100,4200,0,5,999,1000,1005,0.37136741259752404,0.4828801581659705,0.842194005399501,0.8000757674576986,2.2831742763519287,2.1908435821533203,0.0923306941986084,0.7535293042659759,False,0.16771138754093526,False
candidate_002046,D0-D2,D0,D2,000,100,4223,23,3,1016,1017,1020,0.435367301525951,0.47598741001451006,0.7900004735872757,0.7597972260789279,2.3154003620147705,2.204577684402466,0.11082267761230469,0.7535293042659759,False,0.167185188135288,False
candidate_002047,D0-D2,D0,D2,000,100,4218,18,10,1277,1278,1288,0.3441697970880156,0.49936698246710554,1.1127851160809648,0.9109722042901004,2.283595561981201,2.2126011848449707,0.07099437713623047,0.7535293042659759,False,0.16698484481041648,False
candidate_002048,D0-D2,D0,D2,000,100,4213,13,5,2080,2081,2086,0.2795151858094031,0.4828801581659705,0.8128008863070342,0.8000757674576986,2.2448813915252686,2.17341947555542,0.07146191596984863,0.7535293042659759,False,0.1664414589223909,False
candidate_002049,D0-D2,D0,D2,000,100,4218,18,10,2546,2547,2557,0.3191633604192238,0.49936698246710554,1.027968591572767,0.9109722042901004,2.283595561981201,2.2126011848449707,0.07099437713623047,0.7535293042659759,False,0.16634330320392895,False
candidate_002050,D0-D2,D0,D2,000,100,4223,23,3,1018,1019,1022,0.43999145983773025,0.47598741001451006,0.7934785372287521,0.7597972260789279,2.3154003620147705,2.204577684402466,0.11082267761230469,0.7535293042659759,False,0.16615644500326146,False
candidate_002051,D0-D2,D0,D2,000,100,4213,13,3,2081,2082,2085,0.3177975321237189,0.47598741001451006,0.8867330648274051,0.7597972260789279,2.2448813915252686,2.17341947555542,0.07146191596984863,0.7535293042659759,False,0.1657733271543658,False
candidate_002052,D0-D2,D0,D2,000,100,4217,17,3,743,744,747,0.40473197393962734,0.47598741001451006,0.8394506613365775,0.7597972260789279,2.160839319229126,2.064797878265381,0.09604144096374512,0.7535293042659759,False,0.16560900331179113,False
candidate_002053,D0-D2,D0,D2,000,100,4213,13,3,2079,2080,2083,0.27440543216808744,0.47598741001451006,0.764222066594289,0.7597972260789279,2.2448813915252686,2.17341947555542,0.07146191596984863,0.7535293042659759,False,0.16546233189909498,False
candidate_002054,D0-D2,D0,D2,000,100,4200,0,3,1001,1002,1005,0.39543631339211377,0.47598741001451006,0.8523183951836805,0.7597972260789279,2.2831742763519287,2.1908435821533203,0.0923306941986084,0.7535293042659759,False,0.1654508602492561,False
candidate_002055,D0-D2,D0,D2,000,100,4218,18,3,2546,2547,2550,0.2837611046025965,0.47598741001451006,0.7951782504473578,0.7597972260789279,2.283595561981201,2.2126011848449707,0.07099437713623047,0.7535293042659759,False,0.16539912041001717,False
candidate_002056,D0-D2,D0,D2,000,100,4218,18,3,2138,2139,2142,0.3895245030338426,0.47598741001451006,1.0912987989454128,0.7597972260789279,2.283595561981201,2.2126011848449707,0.07099437713623047,0.7535293042659759,False,0.16536000013015784,False
candidate_002057,D1-D2,D1,D2,010,100,4206,6,10,94,95,105,0.4989486038843126,0.49936698246710554,0.993451489797031,0.9109722042901004,2.0451583862304688,1.931213617324829,0.11394476890563965,0.7535293042659759,False,0.16504402148359412,False
candidate_002058,D1-D2,D1,D2,010,100,4206,6,3,61,62,65,0.4648106038599153,0.47598741001451006,0.8096636554470577,0.7597972260789279,2.0451583862304688,1.931213617324829,0.11394476890563965,0.7535293042659759,False,0.1650139366885606,False
candidate_002059,D1-D2,D1,D2,010,100,4206,6,5,36,37,42,0.472217881828392,0.4828801581659705,0.8532500915013674,0.8000757674576986,2.0451583862304688,1.931213617324829,0.11394476890563965,0.7535293042659759,False,0.16490597962677464,False
candidate_002060,D0-D2,D0,D2,000,100,4217,17,5,670,671,676,0.4122880109946477,0.4828801581659705,0.8837339319008887,0.8000757674576986,2.160839319229126,2.064797878265381,0.09604144096374512,0.7535293042659759,False,0.1648874452024145,False
candidate_002061,D0-D2,D0,D2,000,100,4213,13,10,2085,2086,2096,0.36135662556598996,0.49936698246710554,1.1451240436953578,0.9109722042901004,2.2448813915252686,2.17341947555542,0.07146191596984863,0.7535293042659759,False,0.16474252532777098,False
candidate_002062,D0-D2,D0,D2,000,100,4217,17,3,280,281,284,0.42410599303038676,0.47598741001451006,0.8731815624393265,0.7597972260789279,2.160839319229126,2.064797878265381,0.09604144096374512,0.7535293042659759,False,0.16439417699282882,False
candidate_002063,D0-D2,D0,D2,000,100,4217,17,3,670,671,674,0.4325556762705391,0.47598741001451006,0.8900372333958216,0.7597972260789279,2.160839319229126,2.064797878265381,0.09604144096374512,0.7535293042659759,False,0.1642942796687969,False
candidate_002064,D0-D2,D0,D2,000,100,4203,3,5,789,790,795,0.4699453304401891,0.4828801581659705,0.8935992642117893,0.8000757674576986,2.2615039348602295,2.153775453567505,0.10772848129272461,0.7535293042659759,False,0.16407185884026612,False
candidate_002065,D0-D2,D0,D2,000,100,4200,0,10,1466,1467,1477,0.4407357676235613,0.49936698246710554,1.0745795097418003,0.9109722042901004,2.2831742763519287,2.1908435821533203,0.0923306941986084,0.7535293042659759,False,0.16376493258657251,False
candidate_002066,D0-D2,D0,D2,000,100,4217,17,3,766,767,770,0.37877549841945896,0.47598741001451006,0.7765742918560974,0.7597972260789279,2.160839319229126,2.064797878265381,0.09604144096374512,0.7535293042659759,False,0.16370329238020506,False
candidate_002067,D0-D2,D0,D2,000,100,4217,17,3,741,742,745,0.37976190112312436,0.47598741001451006,0.7781071110308927,0.7597972260789279,2.160839319229126,2.064797878265381,0.09604144096374512,0.7535293042659759,False,0.16360036733322386,False
candidate_002068,D0-D2,D0,D2,000,100,4217,17,10,2169,2170,2180,0.4837635752721554,0.49936698246710554,1.1290999713824534,0.9109722042901004,2.160839319229126,2.064797878265381,0.09604144096374512,0.7535293042659759,False,0.16306939131710593,False
candidate_002069,D0-D2,D0,D2,000,100,4218,18,10,1276,1277,1287,0.325028141188806,0.49936698246710554,1.0256724376113255,0.9109722042901004,2.283595561981201,2.2126011848449707,0.07099437713623047,0.7535293042659759,False,0.1629769649398134,False
candidate_002070,D0-D2,D0,D2,000,100,4218,18,10,1275,1276,1286,0.30855513371288307,0.49936698246710554,0.9721348682593542,0.9109722042901004,2.283595561981201,2.2126011848449707,0.07099437713623047,0.7535293042659759,False,0.16271674533803288,False
candidate_002071,D0-D2,D0,D2,000,100,4213,13,5,2083,2084,2089,0.33214806668585345,0.4828801581659705,0.9425641340589613,0.8000757674576986,2.2448813915252686,2.17341947555542,0.07146191596984863,0.7535293042659759,False,0.1624283880493596,False
candidate_002072,D0-D2,D0,D2,000,100,4217,17,5,278,279,284,0.4011083078200642,0.4828801581659705,0.8467185795652574,0.8000757674576986,2.160839319229126,2.064797878265381,0.09604144096374512,0.7535293042659759,False,0.1623843596014649,False
candidate_002073,D0-D2,D0,D2,000,100,4200,0,3,1002,1003,1006,0.44252507215395254,0.47598741001451006,0.9341805635192587,0.7597972260789279,2.2831742763519287,2.1908435821533203,0.0923306941986084,0.7535293042659759,False,0.1620453831606681,False
candidate_002074,D0-D2,D0,D2,000,100,4215,15,3,941,942,945,0.35482809379028724,0.47598741001451006,1.0706285097262145,0.7597972260789279,2.30489182472229,2.240429162979126,0.06446266174316406,0.7535293042659759,False,0.1617061940491301,False
candidate_002075,D0-D2,D0,D2,000,100,4213,13,3,37,38,41,0.30100809552574265,0.47598741001451006,0.8189459245198333,0.7597972260789279,2.2448813915252686,2.17341947555542,0.07146191596984863,0.7535293042659759,False,0.16164017856070728,False
candidate_002076,D0-D2,D0,D2,000,100,4218,18,10,2549,2550,2560,0.3654302799664732,0.49936698246710554,1.1434095125083452,0.9109722042901004,2.283595561981201,2.2126011848449707,0.07099437713623047,0.7535293042659759,False,0.1615979232612508,False
candidate_002077,D0-D2,D0,D2,000,100,4223,23,3,413,414,417,0.4438689080131298,0.47598741001451006,0.7784348594880671,0.7597972260789279,2.3154003620147705,2.204577684402466,0.11082267761230469,0.7535293042659759,False,0.1615823075292509,False
candidate_002078,D0-D2,D0,D2,000,100,4200,0,10,1003,1004,1014,0.41088735274908195,0.49936698246710554,0.988003164636829,0.9109722042901004,2.2831742763519287,2.1908435821533203,0.0923306941986084,0.7535293042659759,False,0.1615088089393986,False
candidate_002079,D0-D2,D0,D2,000,100,4214,14,5,1279,1280,1285,0.20927581115076782,0.4828801581659705,1.1082485885695132,0.8000757674576986,2.262521982192993,2.2244794368743896,0.038042545318603516,0.7535293042659759,False,0.16135997456510726,False
candidate_002080,D0-D2,D0,D2,000,100,4213,13,5,2015,2016,2021,0.29042823008805974,0.4828801581659705,0.817989141378462,0.8000757674576986,2.2448813915252686,2.17341947555542,0.07146191596984863,0.7535293042659759,False,0.16120980899864643,False
candidate_002081,D0-D2,D0,D2,000,100,4200,0,10,1002,1003,1013,0.39630542429326726,0.49936698246710554,0.9502198703998852,0.9109722042901004,2.2831742763519287,2.1908435821533203,0.0923306941986084,0.7535293042659759,False,0.16104778042789544,False
candidate_002082,D0-D2,D0,D2,000,100,4217,17,3,668,669,672,0.3935861052046607,0.47598741001451006,0.7936554582273083,0.7597972260789279,2.160839319229126,2.064797878265381,0.09604144096374512,0.7535293042659759,False,0.16100839925484833,False
candidate_002083,D0-D2,D0,D2,000,100,4213,13,5,2824,2825,2830,0.3500145254406896,0.4828801581659705,0.9833179174947599,0.8000757674576986,2.2448813915252686,2.17341947555542,0.07146191596984863,0.7535293042659759,False,0.16080170082889808,False
candidate_002084,D0-D2,D0,D2,000,100,4217,17,10,2168,2169,2179,0.4864371015593678,0.49936698246710554,1.1148530469213014,0.9109722042901004,2.160839319229126,2.064797878265381,0.09604144096374512,0.7535293042659759,False,0.1601268469554839,False
candidate_002085,D0-D2,D0,D2,000,100,4200,0,10,1004,1005,1015,0.4263925123189904,0.49936698246710554,1.015693001883058,0.9109722042901004,2.2831742763519287,2.1908435821533203,0.0923306941986084,0.7535293042659759,False,0.15999762756559305,False
candidate_002086,D0-D2,D0,D2,000,100,4214,14,3,1279,1280,1283,0.21321100440981042,0.47598741001451006,1.0737475808005212,0.7597972260789279,2.262521982192993,2.2244794368743896,0.038042545318603516,0.7535293042659759,False,0.15927945628843496,False
candidate_002087,D0-D2,D0,D2,000,100,4223,23,3,1023,1024,1027,0.4675042007543297,0.47598741001451006,0.8076208532756842,0.7597972260789279,2.3154003620147705,2.204577684402466,0.11082267761230469,0.7535293042659759,False,0.15916525201522547,False
candidate_002088,D0-D2,D0,D2,000,100,4213,13,3,2825,2826,2829,0.38210518025478224,0.47598741001451006,1.0211431594377618,0.7597972260789279,2.2448813915252686,2.17341947555542,0.07146191596984863,0.7535293042659759,False,0.158772754167198,False
candidate_002089,D0-D2,D0,D2,000,100,4217,17,3,671,672,675,0.4457249965619486,0.47598741001451006,0.8859161372573577,0.7597972260789279,2.160839319229126,2.064797878265381,0.09604144096374512,0.7535293042659759,False,0.15870181926075236,False
candidate_002090,D0-D2,D0,D2,000,100,4218,18,10,1017,1018,1028,0.42283876968995443,0.49936698246710554,1.2991382365567943,0.9109722042901004,2.283595561981201,2.2126011848449707,0.07099437713623047,0.7535293042659759,False,0.15867885923651479,False
candidate_002091,D0-D2,D0,D2,000,100,4218,18,3,1281,1282,1285,0.4255310810119158,0.47598741001451006,1.1435647287539203,0.7597972260789279,2.283595561981201,2.2126011848449707,0.07099437713623047,0.7535293042659759,False,0.15861747569594736,False
candidate_002092,D0-D2,D0,D2,000,100,4217,17,10,2343,2344,2354,0.490942605807115,0.49936698246710554,1.1117178887569639,0.9109722042901004,2.160839319229126,2.064797878265381,0.09604144096374512,0.7535293042659759,False,0.15821115082300008,False
candidate_002093,D0-D2,D0,D2,000,100,4217,17,3,242,243,246,0.4398872605381193,0.47598741001451006,0.8716028634047425,0.7597972260789279,2.160839319229126,2.064797878265381,0.09604144096374512,0.7535293042659759,False,0.15820986015494673,False
candidate_002094,D0-D2,D0,D2,000,100,4200,0,10,32,33,43,0.3982075006396905,0.49936698246710554,0.9376321210431566,0.9109722042901004,2.2831742763519287,2.1908435821533203,0.0923306941986084,0.7535293042659759,False,0.1581552791924182,False
candidate_002095,D0-D2,D0,D2,000,100,4217,17,3,243,244,247,0.4092570276701204,0.47598741001451006,0.8102009220093177,0.7597972260789279,2.160839319229126,2.064797878265381,0.09604144096374512,0.7535293042659759,False,0.15807124369711137,False
candidate_002096,D0-D2,D0,D2,000,100,4217,17,5,671,672,677,0.4278529858147993,0.4828801581659705,0.8785355551304811,0.8000757674576986,2.160839319229126,2.064797878265381,0.09604144096374512,0.7535293042659759,False,0.15795433153383703,False
candidate_002097,D0-D2,D0,D2,000,100,4200,0,10,1005,1006,1016,0.4437144546943941,0.49936698246710554,1.0408946993465473,0.9109722042901004,2.2831742763519287,2.1908435821533203,0.0923306941986084,0.7535293042659759,False,0.15756649435497652,False
candidate_002098,D0-D2,D0,D2,000,100,4217,17,3,29,30,33,0.40394558028478195,0.47598741001451006,0.7967917289036177,0.7597972260789279,2.160839319229126,2.064797878265381,0.09604144096374512,0.7535293042659759,False,0.15749915914349838,False
candidate_002099,D0-D2,D0,D2,000,100,4213,13,5,2082,2083,2088,0.31435478166701786,0.4828801581659705,0.8643376307508128,0.8000757674576986,2.2448813915252686,2.17341947555542,0.07146191596984863,0.7535293042659759,False,0.1573787543649784,False
candidate_002100,D0-D2,D0,D2,000,100,4218,18,5,1281,1282,1287,0.43714833539530434,0.4828801581659705,1.2060752486600141,0.8000757674576986,2.283595561981201,2.2126011848449707,0.07099437713623047,0.7535293042659759,False,0.1568836288332944,False
candidate_002101,D0-D2,D0,D2,000,100,4200,0,5,998,999,1004,0.3817067926796894,0.4828801581659705,0.8095955679263024,0.8000757674576986,2.2831742763519287,2.1908435821533203,0.0923306941986084,0.7535293042659759,False,0.15685285624612233,False
candidate_002102,D0-D2,D0,D2,000,100,4217,17,10,672,673,683,0.4124581543184506,0.49936698246710554,0.9242700219354881,0.9109722042901004,2.160839319229126,2.064797878265381,0.09604144096374512,0.7535293042659759,False,0.15656410229329049,False
candidate_002103,D0-D2,D0,D2,000,100,4218,18,5,1280,1281,1286,0.43391167904828876,0.4828801581659705,1.1928996107499494,0.8000757674576986,2.283595561981201,2.2126011848449707,0.07099437713623047,0.7535293042659759,False,0.15632722103529065,False
candidate_002104,D0-D2,D0,D2,000,100,4217,17,5,2046,2047,2052,0.46267606202208894,0.4828801581659705,0.9387812560167811,0.8000757674576986,2.160839319229126,2.064797878265381,0.09604144096374512,0.7535293042659759,False,0.15608247527158875,False
candidate_002105,D0-D2,D0,D2,000,100,4213,13,5,2084,2085,2090,0.3634475121338347,0.4828801581659705,0.9901480530898032,0.8000757674576986,2.2448813915252686,2.17341947555542,0.07146191596984863,0.7535293042659759,False,0.15593413322963273,False
candidate_002106,D0-D2,D0,D2,000,100,4218,18,5,2134,2135,2140,0.3225401210793246,0.4828801581659705,0.8802946021491088,0.8000757674576986,2.283595561981201,2.2126011848449707,0.07099437713623047,0.7535293042659759,False,0.15519450663682297,False
candidate_002107,D0-D2,D0,D2,000,100,4217,17,5,672,673,678,0.45740871942133887,0.4828801581659705,0.9221774390141221,0.8000757674576986,2.160839319229126,2.064797878265381,0.09604144096374512,0.7535293042659759,False,0.15508750828694626,False
candidate_002108,D0-D2,D0,D2,000,100,4217,17,3,2162,2163,2166,0.4699783651389971,0.47598741001451006,0.9126469318168287,0.7597972260789279,2.160839319229126,2.064797878265381,0.09604144096374512,0.7535293042659759,False,0.15505337181124743,False
candidate_002109,D0-D2,D0,D2,000,100,4200,0,3,134,135,138,0.4423915703558882,0.47598741001451006,0.893329487838802,0.7597972260789279,2.2831742763519287,2.1908435821533203,0.0923306941986084,0.7535293042659759,False,0.1550060121399237,False
candidate_002110,D0-D2,D0,D2,000,100,4217,17,3,976,977,980,0.4397895753509303,0.47598741001451006,0.8537617071627084,0.7597972260789279,2.160839319229126,2.064797878265381,0.09604144096374512,0.7535293042659759,False,0.15500582688567485,False
candidate_002111,D0-D2,D0,D2,000,100,4200,0,3,135,136,139,0.46316302305175294,0.47598741001451006,0.9339433651292541,0.7597972260789279,2.2831742763519287,2.1908435821533203,0.0923306941986084,0.7535293042659759,False,0.15478553682405488,False
candidate_002112,D0-D2,D0,D2,000,100,4217,17,10,773,774,784,0.45466299003590427,0.49936698246710554,1.0053942706069898,0.9109722042901004,2.160839319229126,2.064797878265381,0.09604144096374512,0.7535293042659759,False,0.15449698952240792,False
candidate_002113,D0-D2,D0,D2,000,100,4218,18,10,2135,2136,2146,0.37466424839264045,0.49936698246710554,1.1203816905932928,0.9109722042901004,2.283595561981201,2.2126011848449707,0.07099437713623047,0.7535293042659759,False,0.15444087534216017,False
candidate_002114,D0-D2,D0,D2,000,100,4213,13,3,2083,2084,2087,0.3418520960458185,0.47598741001451006,0.8881648037867835,0.7597972260789279,2.2448813915252686,2.17341947555542,0.07146191596984863,0.7535293042659759,False,0.1543574457336904,False
candidate_002115,D0-D2,D0,D2,000,100,4217,17,10,2342,2343,2353,0.46979615086011056,0.49936698246710554,1.0375177495718368,0.9109722042901004,2.160839319229126,2.064797878265381,0.09604144096374512,0.7535293042659759,False,0.1542976458737537,False
candidate_002116,D0-D2,D0,D2,000,100,4217,17,5,2166,2167,2172,0.45998849754747617,0.4828801581659705,0.9219078851492061,0.8000757674576986,2.160839319229126,2.064797878265381,0.09604144096374512,0.7535293042659759,False,0.15417264463389957,False
candidate_002117,D0-D2,D0,D2,000,100,4200,0,3,1003,1004,1007,0.4752615661620184,0.47598741001451006,0.9540764307316673,0.7597972260789279,2.2831742763519287,2.1908435821533203,0.0923306941986084,0.7535293042659759,False,0.15409700179487323,False
candidate_002118,D0-D2,D0,D2,000,100,4200,0,10,1208,1209,1219,0.4230262117971004,0.49936698246710554,0.969321032835772,0.9109722042901004,2.2831742763519287,2.1908435821533203,0.0923306941986084,0.7535293042659759,False,0.15390793479071865,False
candidate_002119,D0-D2,D0,D2,000,100,4218,18,3,89,90,93,0.44326672388595484,0.47598741001451006,1.1554955341643647,0.7597972260789279,2.283595561981201,2.2126011848449707,0.07099437713623047,0.7535293042659759,False,0.15385963940339384,False
candidate_002120,D0-D2,D0,D2,000,100,4218,18,10,2545,2546,2556,0.33026976757086857,0.49936698246710554,0.9822885553245058,0.9109722042901004,2.283595561981201,2.2126011848449707,0.07099437713623047,0.7535293042659759,False,0.15360620804245032,False
candidate_002121,D0-D2,D0,D2,000,100,4217,17,10,2341,2342,2352,0.4510869841567263,0.49936698246710554,0.9914508304977054,0.9109722042901004,2.160839319229126,2.064797878265381,0.09604144096374512,0.7535293042659759,False,0.15356212169856234,False
candidate_002122,D0-D2,D0,D2,000,100,4213,13,3,2016,2017,2020,0.32393909668277515,0.47598741001451006,0.8368219492291398,0.7597972260789279,2.2448813915252686,2.17341947555542,0.07146191596984863,0.7535293042659759,False,0.15347652861190947,False
candidate_002123,D0-D2,D0,D2,000,100,4200,0,5,136,137,142,0.47647185307818185,0.4828801581659705,0.9885095006368704,0.8000757674576986,2.2831742763519287,2.1908435821533203,0.0923306941986084,0.7535293042659759,False,0.15342558763399075,False
candidate_002124,D0-D2,D0,D2,000,100,4217,17,10,2167,2168,2178,0.48491046486591644,0.49936698246710554,1.0639322996752596,0.9109722042901004,2.160839319229126,2.064797878265381,0.09604144096374512,0.7535293042659759,False,0.15329417624500133,False
candidate_002125,D0-D2,D0,D2,000,100,4200,0,10,1467,1468,1478,0.4819195779094786,0.49936698246710554,1.0969071987908048,0.9109722042901004,2.2831742763519287,2.1908435821533203,0.0923306941986084,0.7535293042659759,False,0.15288186406145104,False
candidate_002126,D0-D2,D0,D2,000,100,4213,13,3,2015,2016,2019,0.3049979853499698,0.47598741001451006,0.7841179134952226,0.7597972260789279,2.2448813915252686,2.17341947555542,0.07146191596984863,0.7535293042659759,False,0.1527413681805835,False
candidate_002127,D0-D2,D0,D2,000,100,4217,17,3,238,239,242,0.43778050817905806,0.47598741001451006,0.8366287874849273,0.7597972260789279,2.160839319229126,2.064797878265381,0.09604144096374512,0.7535293042659759,False,0.15259231648505472,False
candidate_002128,D0-D2,D0,D2,000,100,4200,0,10,1006,1007,1017,0.4694668905288386,0.49936698246710554,1.0658872254710101,0.9109722042901004,2.2831742763519287,2.1908435821533203,0.0923306941986084,0.7535293042659759,False,0.15249898073709267,False
candidate_002129,D0-D2,D0,D2,000,100,4218,18,5,2139,2140,2145,0.439467876776049,0.4828801581659705,1.1754687954304393,0.8000757674576986,2.283595561981201,2.2126011848449707,0.07099437713623047,0.7535293042659759,False,0.15209537905597895,False
candidate_002130,D0-D2,D0,D2,000,100,4217,17,3,672,673,676,0.47461602353039284,0.47598741001451006,0.9026656894561526,0.7597972260789279,2.160839319229126,2.064797878265381,0.09604144096374512,0.7535293042659759,False,0.1518591000291997,False
candidate_002131,D0-D2,D0,D2,000,100,4213,13,3,2017,2018,2021,0.3427144001899939,0.47598741001451006,0.8752755450391111,0.7597972260789279,2.2448813915252686,2.17341947555542,0.07146191596984863,0.7535293042659759,False,0.15173463107040805,False
candidate_002132,D0-D2,D0,D2,000,100,4217,17,5,2045,2046,2051,0.434268721691284,0.4828801581659705,0.8558119387910312,0.8000757674576986,2.160839319229126,2.064797878265381,0.09604144096374512,0.7535293042659759,False,0.1515955855760371,False
candidate_002133,D0-D2,D0,D2,000,100,4200,0,10,1007,1008,1018,0.4968743927804541,0.49936698246710554,1.1202204375119218,0.9109722042901004,2.2831742763519287,2.1908435821533203,0.0923306941986084,0.7535293042659759,False,0.15143195493339587,False
candidate_002134,D0-D2,D0,D2,000,100,4218,18,10,1010,1011,1021,0.31725643948597665,0.49936698246710554,0.9300670676187961,0.9109722042901004,2.283595561981201,2.2126011848449707,0.07099437713623047,0.7535293042659759,False,0.15140573501416635,False
candidate_002135,D0-D2,D0,D2,000,100,4217,17,3,669,670,673,0.4137128059850963,0.47598741001451006,0.7834205331485354,0.7597972260789279,2.160839319229126,2.064797878265381,0.09604144096374512,0.7535293042659759,False,0.15120016631554137,False
candidate_002136,D0-D2,D0,D2,000,100,4200,0,5,135,136,141,0.4692486741925899,0.4828801581659705,0.9582847957417793,0.8000757674576986,2.2831742763519287,2.1908435821533203,0.0923306941986084,0.7535293042659759,False,0.15102392094537642,False
candidate_002137,D0-D2,D0,D2,000,100,4217,17,5,2167,2168,2173,0.47544963033646753,0.4828801581659705,0.9331618086339134,0.8000757674576986,2.160839319229126,2.064797878265381,0.09604144096374512,0.7535293042659759,False,0.15097992547709874,False
candidate_002138,D0-D2,D0,D2,000,100,4213,13,5,2826,2827,2832,0.44333066827104595,0.4828801581659705,1.1692882699000617,0.8000757674576986,2.2448813915252686,2.17341947555542,0.07146191596984863,0.7535293042659759,False,0.15096510398983684,False
candidate_002139,D0-D2,D0,D2,000,100,4217,17,10,2340,2341,2351,0.4472598740250822,0.49936698246710554,0.9662714946428648,0.9109722042901004,2.160839319229126,2.064797878265381,0.09604144096374512,0.7535293042659759,False,0.1509428166255202,False
candidate_002140,D0-D2,D0,D2,000,100,4217,17,10,774,775,785,0.4728979808817994,0.49936698246710554,1.021652334193046,0.9109722042901004,2.160839319229126,2.064797878265381,0.09604144096374512,0.7535293042659759,False,0.1509415797072436,False
candidate_002141,D0-D2,D0,D2,000,100,4218,18,5,2549,2550,2555,0.4332205040731306,0.4828801581659705,1.1477153710447268,0.8000757674576986,2.283595561981201,2.2126011848449707,0.07099437713623047,0.7535293042659759,False,0.1506458753106955,False
candidate_002142,D0-D2,D0,D2,000,100,4223,23,3,401,402,405,0.47563935319170303,0.47598741001451006,0.777595984952832,0.7597972260789279,2.3154003620147705,2.204577684402466,0.11082267761230469,0.7535293042659759,False,0.15062688132062854,False
candidate_002143,D0-D2,D0,D2,000,100,4213,13,3,2080,2081,2084,0.3035196263890197,0.47598741001451006,0.7693433873842741,0.7597972260789279,2.2448813915252686,2.17341947555542,0.07146191596984863,0.7535293042659759,False,0.15059332345366694,False
candidate_002144,D0-D2,D0,D2,000,100,4215,15,5,942,943,948,0.4123542430325595,0.4828801581659705,1.201951620665897,0.8000757674576986,2.30489182472229,2.240429162979126,0.06446266174316406,0.7535293042659759,False,0.15049873548416978,False
candidate_002145,D0-D2,D0,D2,000,100,4218,18,10,1282,1283,1293,0.4464295205133223,0.49936698246710554,1.30073361001531,0.9109722042901004,2.283595561981201,2.2126011848449707,0.07099437713623047,0.7535293042659759,False,0.15047832979307021,False
candidate_002146,D0-D2,D0,D2,000,100,4214,14,5,1278,1279,1284,0.20410160758291457,0.4828801581659705,1.007829049344803,0.8000757674576986,2.262521982192993,2.2244794368743896,0.038042545318603516,0.7535293042659759,False,0.1504589790546362,False
candidate_002147,D0-D2,D0,D2,000,100,4217,17,3,765,766,769,0.4241013594433653,0.47598741001451006,0.7977680824620377,0.7597972260789279,2.160839319229126,2.064797878265381,0.09604144096374512,0.7535293042659759,False,0.15019769756036305,False
candidate_002148,D0-D2,D0,D2,000,100,4218,18,3,690,691,694,0.315364009292109,0.47598741001451006,0.8024943189780369,0.7597972260789279,2.283595561981201,2.2126011848449707,0.07099437713623047,0.7535293042659759,False,0.15019359315731584,False
candidate_002149,D0-D2,D0,D2,000,100,4213,13,5,2823,2824,2829,0.3623692861923198,0.4828801581659705,0.950508179388032,0.8000757674576986,2.2448813915252686,2.17341947555542,0.07146191596984863,0.7535293042659759,False,0.1501368262380332,False
candidate_002150,D0-D2,D0,D2,000,100,4218,18,5,2479,2480,2485,0.3633958540235004,0.4828801581659705,0.9582892167204908,0.8000757674576986,2.283595561981201,2.2126011848449707,0.07099437713623047,0.7535293042659759,False,0.14995076423806103,False
candidate_002151,D0-D2,D0,D2,000,100,4217,17,3,258,259,262,0.42854030737532584,0.47598741001451006,0.8018222392049313,0.7597972260789279,2.160839319229126,2.064797878265381,0.09604144096374512,0.7535293042659759,False,0.14939728455537168,False
candidate_002152,D0-D2,D0,D2,000,100,4217,17,3,2163,2164,2167,0.4388757016356097,0.47598741001451006,0.8207303561307108,0.7597972260789279,2.160839319229126,2.064797878265381,0.09604144096374512,0.7535293042659759,False,0.14931905855207978,False
candidate_002153,D0-D2,D0,D2,000,100,4217,17,10,772,773,783,0.4545771362329006,0.49936698246710554,0.9712040638815628,0.9109722042901004,2.160839319229126,2.064797878265381,0.09604144096374512,0.7535293042659759,False,0.1492712335197857,False
candidate_002154,D0-D2,D0,D2,000,100,4200,0,5,1004,1005,1010,0.4750867225928558,0.4828801581659705,0.9584177519372762,0.8000757674576986,2.2831742763519287,2.1908435821533203,0.0923306941986084,0.7535293042659759,False,0.1491887770752615,False
candidate_002155,D0-D2,D0,D2,000,100,4217,17,3,244,245,248,0.4291792940033827,0.47598741001451006,0.8015309832759168,0.7597972260789279,2.160839319229126,2.064797878265381,0.09604144096374512,0.7535293042659759,False,0.14912066670204027,False
candidate_002156,D0-D2,D0,D2,000,100,4217,17,10,673,674,684,0.44324800129875624,0.49936698246710554,0.9458426989579586,0.9109722042901004,2.160839319229126,2.064797878265381,0.09604144096374512,0.7535293042659759,False,0.14908891319331402,False
candidate_002157,D0-D2,D0,D2,000,100,4217,17,5,2340,2341,2346,0.47647277308185204,0.4828801581659705,0.9220251480064382,0.8000757674576986,2.160839319229126,2.064797878265381,0.09604144096374512,0.7535293042659759,False,0.14885774718925882,False
candidate_002158,D0-D2,D0,D2,000,100,4213,13,5,37,38,43,0.3202910530978308,0.4828801581659705,0.8309248840714221,0.8000757674576986,2.2448813915252686,2.17341947555542,0.07146191596984863,0.7535293042659759,False,0.14849085601051848,False
candidate_002159,D0-D2,D0,D2,000,100,4217,17,3,2164,2165,2168,0.4378882572571645,0.47598741001451006,0.8123249600386079,0.7597972260789279,2.160839319229126,2.064797878265381,0.09604144096374512,0.7535293042659759,False,0.14812309633558476,False
candidate_002160,D0-D2,D0,D2,000,100,4213,13,10,2825,2826,2836,0.42203214898782654,0.49936698246710554,1.2017126074805171,0.9109722042901004,2.2448813915252686,2.17341947555542,0.07146191596984863,0.7535293042659759,False,0.14802814256557909,False
candidate_002161,D0-D2,D0,D2,000,100,4217,17,10,35,36,46,0.496542478911549,0.49936698246710554,1.0459592407176637,0.9109722042901004,2.160839319229126,2.064797878265381,0.09604144096374512,0.7535293042659759,False,0.1471741621501558,False
candidate_002162,D0-D2,D0,D2,000,100,4213,13,3,1016,1017,1020,0.349927278194154,0.47598741001451006,0.8665605418617481,0.7597972260789279,2.2448813915252686,2.17341947555542,0.07146191596984863,0.7535293042659759,False,0.14712733982474538,False
candidate_002163,D0-D2,D0,D2,000,100,4218,18,5,2478,2479,2484,0.3461912700919264,0.4828801581659705,0.8956857987622416,0.8000757674576986,2.283595561981201,2.2126011848449707,0.07099437713623047,0.7535293042659759,False,0.1471199697187506,False
candidate_002164,D0-D2,D0,D2,000,100,4200,0,5,134,135,140,0.47312307588497615,0.4828801581659705,0.9411033447258108,0.8000757674576986,2.2831742763519287,2.1908435821533203,0.0923306941986084,0.7535293042659759,False,0.1471015958675033,False
candidate_002165,D0-D2,D0,D2,000,100,4218,18,5,1278,1279,1284,0.4075161968776494,0.4828801581659705,1.0541854286287535,0.8000757674576986,2.283595561981201,2.2126011848449707,0.07099437713623047,0.7535293042659759,False,0.1470971250689859,False
candidate_002166,D0-D2,D0,D2,000,100,4217,17,10,2166,2167,2177,0.48341263751851554,0.49936698246710554,1.0177012876807272,0.9109722042901004,2.160839319229126,2.064797878265381,0.09604144096374512,0.7535293042659759,False,0.14708742443912373,False
candidate_002167,D0-D2,D0,D2,000,100,4218,18,5,798,799,804,0.355403907559335,0.4828801581659705,0.9166579267393974,0.8000757674576986,2.283595561981201,2.2126011848449707,0.07099437713623047,0.7535293042659759,False,0.1466618471069549,False
candidate_002168,D0-D2,D0,D2,000,100,4200,0,3,55,56,59,0.4743068337098792,0.47598741001451006,0.9050507904583329,0.7597972260789279,2.2831742763519287,2.1908435821533203,0.0923306941986084,0.7535293042659759,False,0.14647290214908018,False
candidate_002169,D0-D2,D0,D2,000,100,4200,0,10,33,34,44,0.4417279151904725,0.49936698246710554,0.9614663156707803,0.9109722042901004,2.2831742763519287,2.1908435821533203,0.0923306941986084,0.7535293042659759,False,0.14619747790466242,False
candidate_002170,D0-D2,D0,D2,000,100,4218,18,5,799,800,805,0.3737421257806927,0.4828801581659705,0.9608346645911637,0.8000757674576986,2.283595561981201,2.2126011848449707,0.07099437713623047,0.7535293042659759,False,0.14618696910442044,False
candidate_002171,D0-D2,D0,D2,000,100,4217,17,10,2339,2340,2350,0.4402227234077472,0.49936698246710554,0.9210998799322287,0.9109722042901004,2.160839319229126,2.064797878265381,0.09604144096374512,0.7535293042659759,False,0.14618657410951524,False
candidate_002172,D0-D2,D0,D2,000,100,4217,17,3,2341,2342,2345,0.4499535622935783,0.47598741001451006,0.8235363443643571,0.7597972260789279,2.160839319229126,2.064797878265381,0.09604144096374512,0.7535293042659759,False,0.14614075905916313,False
candidate_002173,D0-D2,D0,D2,000,100,4218,18,3,2548,2549,2552,0.39799586996324926,0.47598741001451006,0.9847932844468401,0.7597972260789279,2.283595561981201,2.2126011848449707,0.07099437713623047,0.7535293042659759,False,0.14604546703549282,False
candidate_002174,D0-D2,D0,D2,000,100,4217,17,5,770,771,776,0.457172397935195,0.4828801581659705,0.8677173056785489,0.8000757674576986,2.160839319229126,2.064797878265381,0.09604144096374512,0.7535293042659759,False,0.14600409003298348,False
candidate_002175,D0-D2,D0,D2,000,100,4218,18,5,2480,2481,2486,0.39463061131223925,0.4828801581659705,1.012859172431321,0.8000757674576986,2.283595561981201,2.2126011848449707,0.07099437713623047,0.7535293042659759,False,0.14594537797086168,False
candidate_002176,D0-D2,D0,D2,000,100,4213,13,5,38,39,44,0.32344302920019236,0.4828801581659705,0.8245594154015926,0.8000757674576986,2.2448813915252686,2.17341947555542,0.07146191596984863,0.7535293042659759,False,0.14591734282190258,False
candidate_002177,D0-D2,D0,D2,000,100,4218,18,3,798,799,802,0.35657894118105393,0.47598741001451006,0.8802964188351162,0.7597972260789279,2.283595561981201,2.2126011848449707,0.07099437713623047,0.7535293042659759,False,0.14571183012555775,False
candidate_002178,D0-D2,D0,D2,000,100,4204,4,3,2006,2007,2010,0.2936319030197627,0.47598741001451006,0.9127262646592209,0.7597972260789279,2.2835373878479004,2.2271876335144043,0.056349754333496094,0.7535293042659759,False,0.1456219863791297,False
candidate_002179,D0-D2,D0,D2,000,100,4218,18,5,1279,1280,1285,0.42679002417339446,0.4828801581659705,1.0921065275808641,0.8000757674576986,2.283595561981201,2.2126011848449707,0.07099437713623047,0.7535293042659759,False,0.1455066338046723,False
candidate_002180,D0-D2,D0,D2,000,100,4218,18,3,1279,1280,1283,0.4380806339902768,0.47598741001451006,1.0791674996940315,0.7597972260789279,2.283595561981201,2.2126011848449707,0.07099437713623047,0.7535293042659759,False,0.14539730994272232,False
candidate_002181,D0-D2,D0,D2,000,100,4217,17,5,259,260,265,0.46217346347449906,0.4828801581659705,0.8705735266921661,0.8000757674576986,2.160839319229126,2.064797878265381,0.09604144096374512,0.7535293042659759,False,0.1448996094933391,False
candidate_002182,D0-D2,D0,D2,000,100,4217,17,5,2341,2342,2347,0.4715001641163662,0.4828801581659705,0.8875251264055273,0.8000757674576986,2.160839319229126,2.064797878265381,0.09604144096374512,0.7535293042659759,False,0.14479900359852874,False
candidate_002183,D0-D2,D0,D2,000,100,4217,17,10,33,34,44,0.47139599617828204,0.49936698246710554,0.9764728294784187,0.9109722042901004,2.160839319229126,2.064797878265381,0.09604144096374512,0.7535293042659759,False,0.1447263112259142,False
candidate_002184,D0-D2,D0,D2,000,100,4217,17,5,258,259,264,0.447754267814414,0.4828801581659705,0.8419686469984232,0.8000757674576986,2.160839319229126,2.064797878265381,0.09604144096374512,0.7535293042659759,False,0.14465150287127132,False
candidate_002185,D0-D2,D0,D2,000,100,4217,17,5,277,278,283,0.4300013871351402,0.4828801581659705,0.8078366639926199,0.8000757674576986,2.160839319229126,2.064797878265381,0.09604144096374512,0.7535293042659759,False,0.1445175092426495,False
candidate_002186,D0-D1,D0,D1,000,010,4208,8,3,439,440,443,0.28861121018776104,0.47598741001451006,0.8244041841948321,0.7597972260789279,2.309361219406128,2.2485151290893555,0.06084609031677246,0.7535293042659759,False,0.14449648571977275,False
candidate_002187,D0-D2,D0,D2,000,100,4217,17,3,975,976,979,0.467414507299727,0.47598741001451006,0.8449356864112822,0.7597972260789279,2.160839319229126,2.064797878265381,0.09604144096374512,0.7535293042659759,False,0.144337024666423,False
candidate_002188,D0-D2,D0,D2,000,100,4213,13,10,2826,2827,2837,0.44014928950583154,0.49936698246710554,1.2214662580873983,0.9109722042901004,2.2448813915252686,2.17341947555542,0.07146191596984863,0.7535293042659759,False,0.14426822113504587,False
candidate_002189,D0-D2,D0,D2,000,100,4200,0,5,1003,1004,1009,0.43812869995068987,0.4828801581659705,0.8546397483319124,0.8000757674576986,2.2831742763519287,2.1908435821533203,0.0923306941986084,0.7535293042659759,False,0.14425656365572073,False
candidate_002190,D0-D2,D0,D2,000,100,4213,13,5,39,40,45,0.35326755840165625,0.4828801581659705,0.8883365136801885,0.8000757674576986,2.2448813915252686,2.17341947555542,0.07146191596984863,0.7535293042659759,False,0.14393171818647862,False
candidate_002191,D0-D2,D0,D2,000,100,4217,17,5,238,239,244,0.42995753319524377,0.4828801581659705,0.8039138124016665,0.8000757674576986,2.160839319229126,2.064797878265381,0.09604144096374512,0.7535293042659759,False,0.1438304014256521,False
candidate_002192,D0-D2,D0,D2,000,100,4214,14,5,1280,1281,1286,0.25345656782557385,0.4828801581659705,1.1953002479848045,0.8000757674576986,2.262521982192993,2.2244794368743896,0.038042545318603516,0.7535293042659759,False,0.14369813241401755,False
candidate_002193,D0-D2,D0,D2,000,100,4213,13,5,2053,2054,2059,0.3204886264735058,0.4828801581659705,0.8032281642607839,0.8000757674576986,2.2448813915252686,2.17341947555542,0.07146191596984863,0.7535293042659759,False,0.14345280985406658,False
candidate_002194,D0-D2,D0,D2,000,100,4213,13,3,2082,2083,2086,0.33090337313009177,0.47598741001451006,0.7983986900510899,0.7597972260789279,2.2448813915252686,2.17341947555542,0.07146191596984863,0.7535293042659759,False,0.14334775408648925,False
candidate_002195,D0-D2,D0,D2,000,100,4217,17,10,34,35,45,0.4873254773529666,0.49936698246710554,0.9989726472051363,0.9109722042901004,2.160839319229126,2.064797878265381,0.09604144096374512,0.7535293042659759,False,0.14322132892400444,False
candidate_002196,D0-D2,D0,D2,000,100,4213,13,5,2085,2086,2091,0.42781828219795964,0.4828801581659705,1.0684137915749166,0.8000757674576986,2.2448813915252686,2.17341947555542,0.07146191596984863,0.7535293042659759,False,0.14294300210178035,False
candidate_002197,D0-D2,D0,D2,000,100,4218,18,5,1277,1278,1283,0.3715917662781021,0.4828801581659705,0.9338541649558284,0.8000757674576986,2.283595561981201,2.2126011848449707,0.07099437713623047,0.7535293042659759,False,0.14290421156221397,False
candidate_002198,D0-D2,D0,D2,000,100,4217,17,5,2165,2166,2171,0.45418702640078096,0.4828801581659705,0.8415986856506512,0.8000757674576986,2.160839319229126,2.064797878265381,0.09604144096374512,0.7535293042659759,False,0.14254010961354918,False
candidate_002199,D0-D2,D0,D2,000,100,4218,18,10,2544,2545,2555,0.3507774925163748,0.49936698246710554,0.9675365800369933,0.9109722042901004,2.283595561981201,2.2126011848449707,0.07099437713623047,0.7535293042659759,False,0.14245384608675887,False
candidate_002200,D0-D2,D0,D2,000,100,4217,17,5,243,244,249,0.44631218936225336,0.4828801581659705,0.8261984274565946,0.8000757674576986,2.160839319229126,2.064797878265381,0.09604144096374512,0.7535293042659759,False,0.14240078402746317,False
candidate_002201,D0-D2,D0,D2,000,100,4213,13,10,2086,2087,2097,0.43789212933400445,0.49936698246710554,1.1994423099536204,0.9109722042901004,2.2448813915252686,2.17341947555542,0.07146191596984863,0.7535293042659759,False,0.14239719440246854,False
candidate_002202,D0-D2,D0,D2,000,100,4213,13,3,2084,2085,2088,0.3863240463395839,0.47598741001451006,0.9255712812814808,0.7597972260789279,2.2448813915252686,2.17341947555542,0.07146191596984863,0.7535293042659759,False,0.14234112734920015,False
candidate_002203,D0-D2,D0,D2,000,100,4214,14,10,1279,1280,1290,0.2435461303221308,0.49936698246710554,1.252172108575428,0.9109722042901004,2.262521982192993,2.2244794368743896,0.038042545318603516,0.7535293042659759,False,0.142287553007499,False
candidate_002204,D0-D2,D0,D2,000,100,4213,13,10,1026,1027,1037,0.4532992143076914,0.49936698246710554,1.2406503867640315,0.9109722042901004,2.2448813915252686,2.17341947555542,0.07146191596984863,0.7535293042659759,False,0.14228321062567975,False
candidate_002205,D0-D2,D0,D2,000,100,4213,13,10,2824,2825,2835,0.421007265859531,0.49936698246710554,1.1517707021966008,0.9109722042901004,2.2448813915252686,2.17341947555542,0.07146191596984863,0.7535293042659759,False,0.14222162731098464,False
candidate_002206,D0-D2,D0,D2,000,100,4213,13,3,2823,2824,2827,0.34053199040706944,0.47598741001451006,0.8142201839403547,0.7597972260789279,2.2448813915252686,2.17341947555542,0.07146191596984863,0.7535293042659759,False,0.14205489998383453,False
candidate_002207,D0-D2,D0,D2,000,100,4217,17,5,283,284,289,0.4723395459980482,0.4828801581659705,0.8709306962168281,0.8000757674576986,2.160839319229126,2.064797878265381,0.09604144096374512,0.7535293042659759,False,0.14183912857205896,False
candidate_002208,D0-D2,D0,D2,000,100,4217,17,5,240,241,246,0.46226707168022196,0.4828801581659705,0.8522039024635495,0.8000757674576986,2.160839319229126,2.064797878265381,0.09604144096374512,0.7535293042659759,False,0.14181341795020772,False
candidate_002209,D0-D2,D0,D2,000,100,4204,4,5,2005,2006,2011,0.27507323266640243,0.4828801581659705,0.8640875194885141,0.8000757674576986,2.2835373878479004,2.2271876335144043,0.056349754333496094,0.7535293042659759,False,0.14177822186066177,False
candidate_002210,D0-D2,D0,D2,000,100,4217,17,3,977,978,981,0.4495997627675015,0.47598741001451006,0.7977932535373224,0.7597972260789279,2.160839319229126,2.064797878265381,0.09604144096374512,0.7535293042659759,False,0.14168392161199594,False
candidate_002211,D0-D2,D0,D2,000,100,4217,17,5,282,283,288,0.4501782597683769,0.4828801581659705,0.8289279657766322,0.8000757674576986,2.160839319229126,2.064797878265381,0.09604144096374512,0.7535293042659759,False,0.14164427908253419,False
candidate_002212,D0-D2,D0,D2,000,100,4217,17,10,771,772,782,0.4572118765209612,0.49936698246710554,0.9259784630975328,0.9109722042901004,2.160839319229126,2.064797878265381,0.09604144096374512,0.7535293042659759,False,0.1415000527198294,False
candidate_002213,D0-D2,D0,D2,000,100,4213,13,3,1026,1027,1030,0.4541278231250646,0.47598741001451006,1.080174681362106,0.7597972260789279,2.2448813915252686,2.17341947555542,0.07146191596984863,0.7535293042659759,False,0.14131496467009716,False
candidate_002214,D0-D2,D0,D2,000,100,4218,18,3,1016,1017,1020,0.45717135765826783,0.47598741001451006,1.092972160485837,0.7597972260789279,2.283595561981201,2.2126011848449707,0.07099437713623047,0.7535293042659759,False,0.1411080061680526,False
candidate_002215,D0-D2,D0,D2,000,100,4214,14,10,1280,1281,1291,0.252237920043985,0.49936698246710554,1.2842602405135755,0.9109722042901004,2.262521982192993,2.2244794368743896,0.038042545318603516,0.7535293042659759,False,0.14090512161441468,False
candidate_002216,D0-D2,D0,D2,000,100,4218,18,3,797,798,801,0.3297658118515893,0.47598741001451006,0.7870795772594966,0.7597972260789279,2.283595561981201,2.2126011848449707,0.07099437713623047,0.7535293042659759,False,0.14087521244651757,False
candidate_002217,D0-D2,D0,D2,000,100,4215,15,5,2055,2056,2061,0.3475993412809979,0.4828801581659705,0.9446366795639677,0.8000757674576986,2.30489182472229,2.240429162979126,0.06446266174316406,0.7535293042659759,False,0.1403143831647247,False
candidate_002218,D0-D2,D0,D2,000,100,4217,17,5,242,243,248,0.4625781525332588,0.4828801581659705,0.8425831584016864,0.8000757674576986,2.160839319229126,2.064797878265381,0.09604144096374512,0.7535293042659759,False,0.14011815865175528,False
candidate_002219,D0-D2,D0,D2,000,100,4213,13,10,1025,1026,1036,0.44040456128450095,0.49936698246710554,1.1869460367479236,0.9109722042901004,2.2448813915252686,2.17341947555542,0.07146191596984863,0.7535293042659759,False,0.14010975506998735,False
candidate_002220,D0-D2,D0,D2,000,100,4217,17,10,675,676,686,0.4980298911846278,0.49936698246710554,0.9973860011822598,0.9109722042901004,2.160839319229126,2.064797878265381,0.09604144096374512,0.7535293042659759,False,0.1399204128788952,False
candidate_002221,D0-D2,D0,D2,000,100,4217,17,10,2165,2166,2176,0.47959942389304044,0.49936698246710554,0.9599648460751983,0.9109722042901004,2.160839319229126,2.064797878265381,0.09604144096374512,0.7535293042659759,False,0.1398459507086718,False
candidate_002222,D0-D2,D0,D2,000,100,4217,17,10,674,675,685,0.4719010434358172,0.49936698246710554,0.942627916983919,0.9109722042901004,2.160839319229126,2.064797878265381,0.09604144096374512,0.7535293042659759,False,0.1395605200532152,False
candidate_002223,D0-D2,D0,D2,000,100,4213,13,3,2053,2054,2057,0.3341595522996623,0.47598741001451006,0.784764652545557,0.7597972260789279,2.2448813915252686,2.17341947555542,0.07146191596984863,0.7535293042659759,False,0.13952686118380225,False
candidate_002224,D0-D2,D0,D2,000,100,4217,17,5,2164,2165,2170,0.4605081259946793,0.4828801581659705,0.8339924892611332,0.8000757674576986,2.160839319229126,2.064797878265381,0.09604144096374512,0.7535293042659759,False,0.1393129876478167,False
candidate_002225,D0-D2,D0,D2,000,100,4217,17,10,2046,2047,2057,0.4687515518324917,0.49936698246710554,0.9345288393156598,0.9109722042901004,2.160839319229126,2.064797878265381,0.09604144096374512,0.7535293042659759,False,0.13929104886613428,False
candidate_002226,D0-D2,D0,D2,000,100,4217,17,5,239,240,245,0.4441248129234196,0.4828801581659705,0.8041624148087776,0.8000757674576986,2.160839319229126,2.064797878265381,0.09604144096374512,0.7535293042659759,False,0.13928536866884625,False
candidate_002227,D0-D2,D0,D2,000,100,4218,18,5,800,801,806,0.40846844902719565,0.4828801581659705,1.0000174752251507,0.8000757674576986,2.283595561981201,2.2126011848449707,0.07099437713623047,0.7535293042659759,False,0.13921342663651398,False
candidate_002228,D0-D2,D0,D2,000,100,4218,18,3,2478,2479,2482,0.3440839228316667,0.47598741001451006,0.8110285828418164,0.7597972260789279,2.283595561981201,2.2126011848449707,0.07099437713623047,0.7535293042659759,False,0.13912121062024807,False
candidate_002229,D0-D2,D0,D2,000,100,4200,0,10,34,35,45,0.47293557390452096,0.49936698246710554,0.9784934780551418,0.9109722042901004,2.2831742763519287,2.1908435821533203,0.0923306941986084,0.7535293042659759,False,0.1389685753069834,False
candidate_002230,D0-D2,D0,D2,000,100,4204,4,5,2006,2007,2012,0.2827036655477639,0.4828801581659705,0.8698306698236467,0.8000757674576986,2.2835373878479004,2.2271876335144043,0.056349754333496094,0.7535293042659759,False,0.1388683902328078,False
candidate_002231,D0-D2,D0,D2,000,100,4213,13,10,1024,1025,1035,0.43627661295159037,0.49936698246710554,1.1647763372477937,0.9109722042901004,2.2448813915252686,2.17341947555542,0.07146191596984863,0.7535293042659759,False,0.1387937193363818,False
candidate_002232,D0-D2,D0,D2,000,100,4218,18,3,2697,2698,2701,0.4308167065369413,0.47598741001451006,1.0127939150621097,0.7597972260789279,2.283595561981201,2.2126011848449707,0.07099437713623047,0.7535293042659759,False,0.1387554709938378,False
candidate_002233,D0-D2,D0,D2,000,100,4218,18,3,2480,2481,2484,0.4285946777012213,0.47598741001451006,1.0036515559250556,0.7597972260789279,2.283595561981201,2.2126011848449707,0.07099437713623047,0.7535293042659759,False,0.13821582088431467,False
candidate_002234,D0-D2,D0,D2,000,100,4217,17,3,245,246,249,0.4633015336585168,0.47598741001451006,0.801074060865065,0.7597972260789279,2.160839319229126,2.064797878265381,0.09604144096374512,0.7535293042659759,False,0.1380591561236712,False
candidate_002235,D0-D2,D0,D2,000,100,4215,15,10,943,944,954,0.4286833765861173,0.49936698246710554,1.2612808049527122,0.9109722042901004,2.30489182472229,2.240429162979126,0.06446266174316406,0.7535293042659759,False,0.13797421418300146,False
candidate_002236,D0-D2,D0,D2,000,100,4215,15,5,2054,2055,2060,0.34155090047383674,0.4828801581659705,0.9125376555956899,0.8000757674576986,2.30489182472229,2.240429162979126,0.06446266174316406,0.7535293042659759,False,0.13794681927497093,False
candidate_002237,D0-D2,D0,D2,000,100,4213,13,10,1027,1028,1038,0.47687999798510045,0.49936698246710554,1.2638913445672089,0.9109722042901004,2.2448813915252686,2.17341947555542,0.07146191596984863,0.7535293042659759,False,0.13778116108769928,False
candidate_002238,D0-D2,D0,D2,000,100,4217,17,5,284,285,290,0.4814024088001146,0.4828801581659705,0.8606457611923775,0.8000757674576986,2.160839319229126,2.064797878265381,0.09604144096374512,0.7535293042659759,False,0.1375254072398358,False
candidate_002239,D0-D2,D0,D2,000,100,4213,13,5,1026,1027,1032,0.47279692034377924,0.4828801581659705,1.1351379119895582,0.8000757674576986,2.2448813915252686,2.17341947555542,0.07146191596984863,0.7535293042659759,False,0.13742215123377852,False
candidate_002240,D0-D2,D0,D2,000,100,4218,18,10,2140,2141,2151,0.47990946420852365,0.49936698246710554,1.272550142580618,0.9109722042901004,2.283595561981201,2.2126011848449707,0.07099437713623047,0.7535293042659759,False,0.13694749547539267,False
candidate_002241,D0-D2,D0,D2,000,100,4217,17,3,241,242,245,0.47291426283591476,0.47598741001451006,0.8088480795886239,0.7597972260789279,2.160839319229126,2.064797878265381,0.09604144096374512,0.7535293042659759,False,0.13656544663449685,False
candidate_002242,D0-D2,D0,D2,000,100,4213,13,3,2501,2502,2505,0.43366668183058726,0.47598741001451006,0.9957597774575416,0.7597972260789279,2.2448813915252686,2.17341947555542,0.07146191596984863,0.7535293042659759,False,0.1364177222731587,False
candidate_002243,D0-D2,D0,D2,000,100,4217,17,3,2165,2166,2169,0.4576972854679973,0.47598741001451006,0.7802483311846812,0.7597972260789279,2.160839319229126,2.064797878265381,0.09604144096374512,0.7535293042659759,False,0.13611650668037917,False
candidate_002244,D0-D2,D0,D2,000,100,4217,17,10,2164,2165,2175,0.4779952972172006,0.49936698246710554,0.9308001838087414,0.9109722042901004,2.160839319229126,2.064797878265381,0.09604144096374512,0.7535293042659759,False,0.13605235248716135,False
candidate_002245,D0-D2,D0,D2,000,100,4213,13,3,38,39,42,0.33972844230605254,0.47598741001451006,0.7764184960254358,0.7597972260789279,2.2448813915252686,2.17341947555542,0.07146191596984863,0.7535293042659759,False,0.13578013507788808,False
candidate_002246,D0-D2,D0,D2,000,100,4215,15,5,2056,2057,2062,0.37298890735355295,0.4828801581659705,0.977457491198983,0.8000757674576986,2.30489182472229,2.240429162979126,0.06446266174316406,0.7535293042659759,False,0.13530638606410011,False
candidate_002247,D0-D2,D0,D2,000,100,4217,17,10,2047,2048,2058,0.4952550830823537,0.49936698246710554,0.9589201731351942,0.9109722042901004,2.160839319229126,2.064797878265381,0.09604144096374512,0.7535293042659759,False,0.1352778625179937,False
candidate_002248,D0-D2,D0,D2,000,100,4204,4,3,2005,2006,2009,0.28123041357811107,0.47598741001451006,0.8114051781604269,0.7597972260789279,2.2835373878479004,2.2271876335144043,0.056349754333496094,0.7535293042659759,False,0.13516527489173746,False
candidate_002249,D0-D2,D0,D2,000,100,4218,18,5,1276,1277,1282,0.33911104380524054,0.4828801581659705,0.805847624008908,0.8000757674576986,2.283595561981201,2.2126011848449707,0.07099437713623047,0.7535293042659759,False,0.1351272836393181,False
candidate_002250,D0-D1,D0,D1,000,010,4208,8,5,439,440,445,0.29084981650461733,0.4828801581659705,0.8058548803201045,0.8000757674576986,2.309361219406128,2.2485151290893555,0.06084609031677246,0.7535293042659759,False,0.13502955025163743,False
candidate_002251,D0-D2,D0,D2,000,100,4200,0,3,133,134,137,0.46519724271595164,0.47598741001451006,0.8180888908391877,0.7597972260789279,2.2831742763519287,2.1908435821533203,0.0923306941986084,0.7535293042659759,False,0.1349917040876426,False
candidate_002252,D0-D2,D0,D2,000,100,4202,2,3,95,96,99,0.3644357116750553,0.47598741001451006,0.8871036638132603,0.7597972260789279,2.312088966369629,2.2454304695129395,0.06665849685668945,0.7535293042659759,False,0.13489833116098526,False
candidate_002253,D0-D2,D0,D2,000,100,4217,17,5,2163,2164,2169,0.4742975205006194,0.4828801581659705,0.8305367324156561,0.8000757674576986,2.160839319229126,2.064797878265381,0.09604144096374512,0.7535293042659759,False,0.1347022205783907,False
candidate_002254,D0-D2,D0,D2,000,100,4213,13,5,2501,2502,2507,0.4306985728095524,0.4828801581659705,1.0132335618462494,0.8000757674576986,2.2448813915252686,2.17341947555542,0.07146191596984863,0.7535293042659759,False,0.1346538847041019,False
candidate_002255,D0-D2,D0,D2,000,100,4204,4,3,2007,2008,2011,0.32809224832118955,0.47598741001451006,0.9424137374267874,0.7597972260789279,2.2835373878479004,2.2271876335144043,0.056349754333496094,0.7535293042659759,False,0.13456598078408424,False
candidate_002256,D0-D2,D0,D2,000,100,4214,14,3,1278,1279,1282,0.1956506380150643,0.47598741001451006,0.832160450222685,0.7597972260789279,2.262521982192993,2.2244794368743896,0.038042545318603516,0.7535293042659759,False,0.13452189766717398,False
candidate_002257,D0-D2,D0,D2,000,100,4217,17,10,985,986,996,0.4990214860556927,0.49936698246710554,0.9601356644730149,0.9109722042901004,2.160839319229126,2.064797878265381,0.09604144096374512,0.7535293042659759,False,0.13442702141694743,False
candidate_002258,D0-D2,D0,D2,000,100,4217,17,5,976,977,982,0.4751344927066354,0.4828801581659705,0.8300953339753732,0.8000757674576986,2.160839319229126,2.064797878265381,0.09604144096374512,0.7535293042659759,False,0.13439347319402004,False
candidate_002259,D0-D2,D0,D2,000,100,4215,15,3,2055,2056,2059,0.3610632045124752,0.47598741001451006,0.9046059188964867,0.7597972260789279,2.30489182472229,2.240429162979126,0.06446266174316406,0.7535293042659759,False,0.1342709440578112,False
candidate_002260,D0-D2,D0,D2,000,100,4218,18,3,2479,2480,2483,0.3768827352914544,0.47598741001451006,0.8553953280537795,0.7597972260789279,2.283595561981201,2.2126011848449707,0.07099437713623047,0.7535293042659759,False,0.13396217793173948,False
candidate_002261,D0-D2,D0,D2,000,100,4213,13,10,2823,2824,2834,0.43165549956143084,0.49936698246710554,1.1121652325965088,0.9109722042901004,2.2448813915252686,2.17341947555542,0.07146191596984863,0.7535293042659759,False,0.13394337678513127,False
candidate_002262,D0-D2,D0,D2,000,100,4217,17,10,2163,2164,2174,0.47900027981431464,0.49936698246710554,0.9162529531217743,0.9109722042901004,2.160839319229126,2.064797878265381,0.09604144096374512,0.7535293042659759,False,0.13364503814801906,False
candidate_002263,D0-D2,D0,D2,000,100,4213,13,3,39,40,43,0.39380508602083575,0.47598741001451006,0.8846816981538042,0.7597972260789279,2.2448813915252686,2.17341947555542,0.07146191596984863,0.7535293042659759,False,0.13346825844559945,False
candidate_002264,D0-D2,D0,D2,000,100,4217,17,5,977,978,983,0.4636741814171794,0.4828801581659705,0.8029765930457381,0.8000757674576986,2.160839319229126,2.064797878265381,0.09604144096374512,0.7535293042659759,False,0.13321610647074217,False
candidate_002265,D0-D2,D0,D2,000,100,4214,14,5,1277,1278,1283,0.21418854829485082,0.4828801581659705,0.9340708568897206,0.8000757674576986,2.262521982192993,2.2244794368743896,0.038042545318603516,0.7535293042659759,False,0.1328804954504064,False
candidate_002266,D0-D2,D0,D2,000,100,4200,0,10,134,135,145,0.4846601674517653,0.49936698246710554,0.9566875426555916,0.9109722042901004,2.2831742763519287,2.1908435821533203,0.0923306941986084,0.7535293042659759,False,0.13258471010102085,False
candidate_002267,D0-D2,D0,D2,000,100,4204,4,5,2007,2008,2013,0.3075298394402847,0.4828801581659705,0.9024145826668911,0.8000757674576986,2.2835373878479004,2.2271876335144043,0.056349754333496094,0.7535293042659759,False,0.1324399375793112,False
candidate_002268,D0-D2,D0,D2,000,100,4213,13,3,2500,2501,2504,0.40511043203828323,0.47598741001451006,0.9020442740264774,0.7597972260789279,2.2448813915252686,2.17341947555542,0.07146191596984863,0.7535293042659759,False,0.132289903203336,False
candidate_002269,D0-D2,D0,D2,000,100,4217,17,3,2340,2341,2344,0.4674518437085436,0.47598741001451006,0.7744310326410884,0.7597972260789279,2.160839319229126,2.064797878265381,0.09604144096374512,0.7535293042659759,False,0.13228242671908752,False
candidate_002270,D0-D2,D0,D2,000,100,4218,18,10,2550,2551,2561,0.44404677352412614,0.49936698246710554,1.135349566988044,0.9109722042901004,2.283595561981201,2.2126011848449707,0.07099437713623047,0.7535293042659759,False,0.13205029773995278,False
candidate_002271,D0-D2,D0,D2,000,100,4217,17,5,978,979,984,0.4683067071010161,0.4828801581659705,0.8029061240587317,0.8000757674576986,2.160839319229126,2.064797878265381,0.09604144096374512,0.7535293042659759,False,0.13188674722204696,False
candidate_002272,D0-D2,D0,D2,000,100,4213,13,10,1023,1024,1034,0.42467079459080764,0.49936698246710554,1.0772717021513367,0.9109722042901004,2.2448813915252686,2.17341947555542,0.07146191596984863,0.7535293042659759,False,0.13187487612137855,False
candidate_002273,D0-D2,D0,D2,000,100,4217,17,10,984,985,995,0.4913763676887634,0.49936698246710554,0.9274048146573978,0.9109722042901004,2.160839319229126,2.064797878265381,0.09604144096374512,0.7535293042659759,False,0.13186462364650092,False
candidate_002274,D0-D2,D0,D2,000,100,4201,1,10,552,553,563,0.3138103380220823,0.49936698246710554,1.2893830609771815,0.9109722042901004,2.2451279163360596,2.2010998725891113,0.04402804374694824,0.7535293042659759,False,0.13160083798420216,False
candidate_002275,D0-D2,D0,D2,000,100,4218,18,5,797,798,803,0.36566612624998557,0.4828801581659705,0.8461443436048566,0.8000757674576986,2.283595561981201,2.2126011848449707,0.07099437713623047,0.7535293042659759,False,0.13158057351518848,False
candidate_002276,D0-D2,D0,D2,000,100,4213,13,5,2054,2055,2060,0.3504582756080189,0.4828801581659705,0.8039900739268132,0.8000757674576986,2.2448813915252686,2.17341947555542,0.07146191596984863,0.7535293042659759,False,0.13130979409486193,False
candidate_002277,D0-D2,D0,D2,000,100,4217,17,5,2339,2340,2345,0.470405213456894,0.4828801581659705,0.8017989183890435,0.8000757674576986,2.160839319229126,2.064797878265381,0.09604144096374512,0.7535293042659759,False,0.1311173322200619,False
candidate_002278,D0-D2,D0,D2,000,100,4213,13,3,994,995,998,0.3640416265722084,0.47598741001451006,0.8012729955825804,0.7597972260789279,2.2448813915252686,2.17341947555542,0.07146191596984863,0.7535293042659759,False,0.13076807534042423,False
candidate_002279,D0-D2,D0,D2,000,100,4215,15,10,106,107,117,0.34242866340297856,0.49936698246710554,0.9547680618591379,0.9109722042901004,2.30489182472229,2.240429162979126,0.06446266174316406,0.7535293042659759,False,0.13075266757019557,False
candidate_002280,D0-D2,D0,D2,000,100,4215,15,3,2056,2057,2060,0.40534922195597667,0.47598741001451006,0.9885109610225038,0.7597972260789279,2.30489182472229,2.240429162979126,0.06446266174316406,0.7535293042659759,False,0.13069470573702624,False
candidate_002281,D0-D2,D0,D2,000,100,4218,18,10,2134,2135,2145,0.41058454410888884,0.49936698246710554,1.0384231978349543,0.9109722042901004,2.283595561981201,2.2126011848449707,0.07099437713623047,0.7535293042659759,False,0.1306201834764189,False
candidate_002282,D0-D2,D0,D2,000,100,4218,18,5,2477,2478,2483,0.3546933144170822,0.4828801581659705,0.8139517309901405,0.8000757674576986,2.283595561981201,2.2126011848449707,0.07099437713623047,0.7535293042659759,False,0.1304901405712774,False
candidate_002283,D0-D2,D0,D2,000,100,4215,15,10,2055,2056,2066,0.34997684036237614,0.49936698246710554,0.9706108848215688,0.9109722042901004,2.30489182472229,2.240429162979126,0.06446266174316406,0.7535293042659759,False,0.13005547425755073,False
candidate_002284,D0-D2,D0,D2,000,100,4213,13,10,2827,2828,2838,0.495647763497158,0.49936698246710554,1.2399002650950643,0.9109722042901004,2.2448813915252686,2.17341947555542,0.07146191596984863,0.7535293042659759,False,0.13004774006048936,False
candidate_002285,D0-D2,D0,D2,000,100,4200,0,10,133,134,144,0.47335899882850774,0.49936698246710554,0.915755069576014,0.9109722042901004,2.2831742763519287,2.1908435821533203,0.0923306941986084,0.7535293042659759,False,0.12994193998506937,False
candidate_002286,D0-D2,D0,D2,000,100,4204,4,3,1551,1552,1555,0.27580478772989,0.47598741001451006,0.764061642401335,0.7597972260789279,2.2835373878479004,2.2271876335144043,0.056349754333496094,0.7535293042659759,False,0.12978253098480802,False
candidate_002287,D0-D2,D0,D2,000,100,4213,13,5,2502,2503,2508,0.45007180185641377,0.4828801581659705,1.0199657282144121,0.8000757674576986,2.2448813915252686,2.17341947555542,0.07146191596984863,0.7535293042659759,False,0.12971390333097024,False
candidate_002288,D0-D2,D0,D2,000,100,4215,15,10,107,108,118,0.3592647346939935,0.49936698246710554,0.9923727276679712,0.9109722042901004,2.30489182472229,2.240429162979126,0.06446266174316406,0.7535293042659759,False,0.12953377344434397,False
candidate_002289,D0-D2,D0,D2,000,100,4201,1,10,551,552,562,0.3036014228444412,0.49936698246710554,1.2263364848905274,0.9109722042901004,2.2451279163360596,2.2010998725891113,0.04402804374694824,0.7535293042659759,False,0.1293748286409587,False
candidate_002290,D0-D2,D0,D2,000,100,4215,15,5,2057,2058,2063,0.4148431082090253,0.4828801581659705,1.0385971428285223,0.8000757674576986,2.30489182472229,2.240429162979126,0.06446266174316406,0.7535293042659759,False,0.12926459065391574,False
candidate_002291,D0-D2,D0,D2,000,100,4214,14,10,1278,1279,1289,0.2568673976170202,0.49936698246710554,1.1973751201045426,0.9109722042901004,2.262521982192993,2.2244794368743896,0.038042545318603516,0.7535293042659759,False,0.12900464924874566,False
candidate_002292,D0-D2,D0,D2,000,100,4215,15,10,2056,2057,2067,0.3608714708249822,0.49936698246710554,0.9924623361375491,0.9109722042901004,2.30489182472229,2.240429162979126,0.06446266174316406,0.7535293042659759,False,0.12896868460355232,False
candidate_002293,D0-D2,D0,D2,000,100,4214,14,3,1280,1281,1284,0.28526275309460736,0.47598741001451006,1.163060985401261,0.7597972260789279,2.262521982192993,2.2244794368743896,0.038042545318603516,0.7535293042659759,False,0.1289509662158659,False
candidate_002294,D0-D2,D0,D2,000,100,4202,2,5,95,96,101,0.35734514729936095,0.4828801581659705,0.8621531152527075,0.8000757674576986,2.312088966369629,2.2454304695129395,0.06665849685668945,0.7535293042659759,False,0.12881312795010508,False
candidate_002295,D0-D2,D0,D2,000,100,4218,18,3,800,801,804,0.4536691148230342,0.47598741001451006,0.9874782872142681,0.7597972260789279,2.283595561981201,2.2126011848449707,0.07099437713623047,0.7535293042659759,False,0.12847242147730115,False
candidate_002296,D0-D2,D0,D2,000,100,4215,15,5,105,106,111,0.3505650971638302,0.4828801581659705,0.8712122135266036,0.8000757674576986,2.30489182472229,2.240429162979126,0.06446266174316406,0.7535293042659759,False,0.12831328143140355,False
candidate_002297,D0-D2,D0,D2,000,100,4218,18,3,691,692,695,0.37528664788452454,0.47598741001451006,0.8158148053146135,0.7597972260789279,2.283595561981201,2.2126011848449707,0.07099437713623047,0.7535293042659759,False,0.1283069077136978,False
candidate_002298,D0-D2,D0,D2,000,100,4213,13,3,2822,2823,2826,0.3571529914168095,0.47598741001451006,0.7696612590828116,0.7597972260789279,2.2448813915252686,2.17341947555542,0.07146191596984863,0.7535293042659759,False,0.12803172780559788,False
candidate_002299,D0-D2,D0,D2,000,100,4215,15,5,106,107,112,0.36166805204694297,0.4828801581659705,0.895164398480394,0.8000757674576986,2.30489182472229,2.240429162979126,0.06446266174316406,0.7535293042659759,False,0.12779356504609826,False
candidate_002300,D0-D2,D0,D2,000,100,4218,18,3,799,800,803,0.40169564666820257,0.47598741001451006,0.8694774134461948,0.7597972260789279,2.283595561981201,2.2126011848449707,0.07099437713623047,0.7535293042659759,False,0.12775642442078297,False
candidate_002301,D0-D2,D0,D2,000,100,4218,18,3,2696,2697,2700,0.42845327943778844,0.47598741001451006,0.9255166838434529,0.7597972260789279,2.283595561981201,2.2126011848449707,0.07099437713623047,0.7535293042659759,False,0.12749769975638686,False
candidate_002302,D0-D2,D0,D2,000,100,4213,13,5,2500,2501,2506,0.4267113987592912,0.4828801581659705,0.9471763973785194,0.8000757674576986,2.2448813915252686,2.17341947555542,0.07146191596984863,0.7535293042659759,False,0.12705137692432766,False
candidate_002303,D0-D2,D0,D2,000,100,4201,1,3,272,273,276,0.316021376098882,0.47598741001451006,1.0961902283203142,0.7597972260789279,2.2451279163360596,2.2010998725891113,0.04402804374694824,0.7535293042659759,False,0.12696864107236444,False
candidate_002304,D0-D1,D0,D1,000,010,4208,8,3,336,337,340,0.33421512454960517,0.47598741001451006,0.836750646589801,0.7597972260789279,2.309361219406128,2.2485151290893555,0.06084609031677246,0.7535293042659759,False,0.12664855831575078,False
candidate_002305,D0-D2,D0,D2,000,100,4218,18,5,2697,2698,2703,0.45080257756509506,0.4828801581659705,1.003650888445609,0.8000757674576986,2.283595561981201,2.2126011848449707,0.07099437713623047,0.7535293042659759,False,0.12659843391250722,False
candidate_002306,D0-D2,D0,D2,000,100,4213,13,3,995,996,999,0.41274004558370264,0.47598741001451006,0.8782798419835499,0.7597972260789279,2.2448813915252686,2.17341947555542,0.07146191596984863,0.7535293042659759,False,0.1264237239456063,False
candidate_002307,D0-D2,D0,D2,000,100,4201,1,5,272,273,278,0.3053095541379011,0.4828801581659705,1.0937582249146363,0.8000757674576986,2.2451279163360596,2.2010998725891113,0.04402804374694824,0.7535293042659759,False,0.12633346950118188,False
candidate_002308,D0-D2,D0,D2,000,100,4201,1,5,550,551,556,0.28629892158910525,0.4828801581659705,1.0237682129503378,0.8000757674576986,2.2451279163360596,2.2010998725891113,0.04402804374694824,0.7535293042659759,False,0.12610125688171703,False
candidate_002309,D0-D2,D0,D2,000,100,4218,18,5,2698,2699,2704,0.4603290810160525,0.4828801581659705,1.020192226786105,0.8000757674576986,2.283595561981201,2.2126011848449707,0.07099437713623047,0.7535293042659759,False,0.1260217913224466,False
candidate_002310,D0-D1,D0,D1,000,010,4208,8,5,337,338,343,0.35400438295507114,0.4828801581659705,0.9152787427831119,0.8000757674576986,2.309361219406128,2.2485151290893555,0.06084609031677246,0.7535293042659759,False,0.1260043423124012,False
candidate_002311,D0-D2,D0,D2,000,100,4215,15,10,2057,2058,2068,0.38132670170822186,0.49936698246710554,1.024342935663525,0.9109722042901004,2.30489182472229,2.240429162979126,0.06446266174316406,0.7535293042659759,False,0.12597110687044288,False
candidate_002312,D0-D2,D0,D2,000,100,4213,13,5,2822,2823,2828,0.4009261718848468,0.4828801581659705,0.8804049879483298,0.8000757674576986,2.2448813915252686,2.17341947555542,0.07146191596984863,0.7535293042659759,False,0.12569003297472148,False
candidate_002313,D0-D2,D0,D2,000,100,4213,13,5,1025,1026,1031,0.4560252816054812,0.4828801581659705,1.0009414669147085,0.8000757674576986,2.2448813915252686,2.17341947555542,0.07146191596984863,0.7535293042659759,False,0.12563264822404968,False
candidate_002314,D0-D2,D0,D2,000,100,4213,13,3,41,42,45,0.43675346324407327,0.47598741001451006,0.9230649950958016,0.7597972260789279,2.2448813915252686,2.17341947555542,0.07146191596984863,0.7535293042659759,False,0.12556488286918216,False
candidate_002315,D0-D1,D0,D1,000,010,4208,8,5,336,337,342,0.33770247921053675,0.4828801581659705,0.8690054195067253,0.8000757674576986,2.309361219406128,2.2485151290893555,0.06084609031677246,0.7535293042659759,False,0.12540908836158393,False
candidate_002316,D0-D2,D0,D2,000,100,4213,13,10,1022,1023,1033,0.4098996063329014,0.49936698246710554,0.9876251514140425,0.9109722042901004,2.2448813915252686,2.17341947555542,0.07146191596984863,0.7535293042659759,False,0.12525753122979366,False
candidate_002317,D0-D2,D0,D2,000,100,4204,4,5,1080,1081,1086,0.32659205868152236,0.4828801581659705,0.9042085239191306,0.8000757674576986,2.2835373878479004,2.2271876335144043,0.056349754333496094,0.7535293042659759,False,0.12495772236041758,False
candidate_002318,D0-D2,D0,D2,000,100,4202,2,3,330,331,334,0.39198454757506956,0.47598741001451006,0.8831106191608937,0.7597972260789279,2.312088966369629,2.2454304695129395,0.06665849685668945,0.7535293042659759,False,0.12485308900867517,False
candidate_002319,D0-D2,D0,D2,000,100,4218,18,5,2481,2482,2487,0.4320893393598706,0.4828801581659705,0.9442892223441173,0.8000757674576986,2.283595561981201,2.2126011848449707,0.07099437713623047,0.7535293042659759,False,0.1242692084197464,False
candidate_002320,D0-D2,D0,D2,000,100,4215,15,3,2057,2058,2061,0.4538654026828734,0.47598741001451006,1.048559608709531,0.7597972260789279,2.30489182472229,2.240429162979126,0.06446266174316406,0.7535293042659759,False,0.12381461042532416,False
candidate_002321,D0-D2,D0,D2,000,100,4215,15,10,108,109,119,0.39024204415103303,0.49936698246710554,1.0294040484744273,0.9109722042901004,2.30489182472229,2.240429162979126,0.06446266174316406,0.7535293042659759,False,0.12370139571178553,False
candidate_002322,D0-D2,D0,D2,000,100,4201,1,5,273,274,279,0.3389542155587974,0.4828801581659705,1.1878978924919354,0.8000757674576986,2.2451279163360596,2.2010998725891113,0.04402804374694824,0.7535293042659759,False,0.1235877878628333,False
candidate_002323,D0-D2,D0,D2,000,100,4202,2,5,96,97,102,0.3791470612384236,0.4828801581659705,0.8769353915143334,0.8000757674576986,2.312088966369629,2.2454304695129395,0.06665849685668945,0.7535293042659759,False,0.12348764742692266,False
candidate_002324,D0-D2,D0,D2,000,100,4213,13,10,1021,1022,1032,0.39750118013062297,0.49936698246710554,0.942219406807075,0.9109722042901004,2.2448813915252686,2.17341947555542,0.07146191596984863,0.7535293042659759,False,0.12322613593240671,False
candidate_002325,D0-D2,D0,D2,000,100,4202,2,5,94,95,100,0.3505972249218516,0.4828801581659705,0.8077027721387783,0.8000757674576986,2.312088966369629,2.2454304695129395,0.06665849685668945,0.7535293042659759,False,0.12300045345618249,False
candidate_002326,D0-D2,D0,D2,000,100,4213,13,3,2054,2055,2058,0.3830771588976682,0.47598741001451006,0.7915717379403344,0.7597972260789279,2.2448813915252686,2.17341947555542,0.07146191596984863,0.7535293042659759,False,0.12276548774050082,False
candidate_002327,D0-D1,D0,D1,000,010,4208,8,3,441,442,445,0.3553045962538408,0.47598741001451006,0.8599471362294393,0.7597972260789279,2.309361219406128,2.2485151290893555,0.06084609031677246,0.7535293042659759,False,0.12243376992551377,False
candidate_002328,D0-D2,D0,D2,000,100,4204,4,5,1079,1080,1085,0.3180983271283254,0.4828801581659705,0.8621602098934449,0.8000757674576986,2.2835373878479004,2.2271876335144043,0.056349754333496094,0.7535293042659759,False,0.12232823639816261,False
candidate_002329,D0-D2,D0,D2,000,100,4202,2,10,34,35,45,0.36642188923935415,0.49936698246710554,0.9225209339163789,0.9109722042901004,2.312088966369629,2.2454304695129395,0.06665849685668945,0.7535293042659759,False,0.12208572544483963,False
candidate_002330,D0-D2,D0,D2,000,100,4213,13,5,1024,1025,1030,0.46695692369937,0.4828801581659705,0.9950911670024392,0.8000757674576986,2.2448813915252686,2.17341947555542,0.07146191596984863,0.7535293042659759,False,0.1219744321944009,False
candidate_002331,D0-D1,D0,D1,000,010,4208,8,5,441,442,447,0.3241678308498303,0.4828801581659705,0.8108790592093992,0.8000757674576986,2.309361219406128,2.2485151290893555,0.06084609031677246,0.7535293042659759,False,0.12190652310483181,False
candidate_002332,D0-D2,D0,D2,000,100,4218,18,3,1278,1279,1282,0.4531088486457243,0.47598741001451006,0.9356839979499367,0.7597972260789279,2.283595561981201,2.2126011848449707,0.07099437713623047,0.7535293042659759,False,0.12188442915274207,False
candidate_002333,D0-D2,D0,D2,000,100,4215,15,5,107,108,113,0.39100367990409846,0.4828801581659705,0.9202231605782341,0.8000757674576986,2.30489182472229,2.240429162979126,0.06446266174316406,0.7535293042659759,False,0.12151465161350763,False
candidate_002334,D0-D2,D0,D2,000,100,4215,15,3,2025,2026,2029,0.34424055404012666,0.47598741001451006,0.7790107989491047,0.7597972260789279,2.30489182472229,2.240429162979126,0.06446266174316406,0.7535293042659759,False,0.12127947148724164,False
candidate_002335,D0-D2,D0,D2,000,100,4215,15,5,910,911,916,0.4306369481293618,0.4828801581659705,1.010256718382365,0.8000757674576986,2.30489182472229,2.240429162979126,0.06446266174316406,0.7535293042659759,False,0.1211258365465305,False
candidate_002336,D0-D2,D0,D2,000,100,4202,2,3,331,332,335,0.4143354175026772,0.47598741001451006,0.9038162089805979,0.7597972260789279,2.312088966369629,2.2454304695129395,0.06665849685668945,0.7535293042659759,False,0.12088744505602717,False
candidate_002337,D0-D2,D0,D2,000,100,4202,2,10,100,101,111,0.4138143362476451,0.49936698246710554,1.0315197429593908,0.9109722042901004,2.312088966369629,2.2454304695129395,0.06665849685668945,0.7535293042659759,False,0.12087655666671818,False
candidate_002338,D0-D2,D0,D2,000,100,4213,13,10,2822,2823,2833,0.44727877683585415,0.49936698246710554,1.0392885892654042,0.9109722042901004,2.2448813915252686,2.17341947555542,0.07146191596984863,0.7535293042659759,False,0.12079447621228682,False
candidate_002339,D0-D2,D0,D2,000,100,4214,14,10,1281,1282,1292,0.2977962198655898,0.49936698246710554,1.2970147908936291,0.9109722042901004,2.262521982192993,2.2244794368743896,0.038042545318603516,0.7535293042659759,False,0.12053408247985518,False
candidate_002340,D0-D2,D0,D2,000,100,4218,18,10,802,803,813,0.4235179084897126,0.49936698246710554,0.9873582644941291,0.9109722042901004,2.283595561981201,2.2126011848449707,0.07099437713623047,0.7535293042659759,False,0.12040415977421048,False
candidate_002341,D0-D2,D0,D2,000,100,4218,18,10,694,695,705,0.4056456692327543,0.49936698246710554,0.9437069644692144,0.9109722042901004,2.283595561981201,2.2126011848449707,0.07099437713623047,0.7535293042659759,False,0.12015139605871603,False
candidate_002342,D0-D2,D0,D2,000,100,4201,1,10,553,554,564,0.347746777938801,0.49936698246710554,1.303261467972494,0.9109722042901004,2.2451279163360596,2.2010998725891113,0.04402804374694824,0.7535293042659759,False,0.120036239506146,False
candidate_002343,D0-D2,D0,D2,000,100,4213,13,5,40,41,46,0.3831489714863018,0.4828801581659705,0.8034942040051796,0.8000757674576986,2.2448813915252686,2.17341947555542,0.07146191596984863,0.7535293042659759,False,0.12003221968434535,False
candidate_002344,D0-D2,D0,D2,000,100,4213,13,10,2500,2501,2511,0.42806585025211685,0.49936698246710554,0.9879836753264934,0.9109722042901004,2.2448813915252686,2.17341947555542,0.07146191596984863,0.7535293042659759,False,0.11998539723635802,False
candidate_002345,D0-D2,D0,D2,000,100,4202,2,10,97,98,108,0.3884609744792453,0.49936698246710554,0.9577651825223111,0.9109722042901004,2.312088966369629,2.2454304695129395,0.06665849685668945,0.7535293042659759,False,0.1195588468550773,False
candidate_002346,D0-D2,D0,D2,000,100,4215,15,3,2027,2028,2031,0.36391701863275555,0.47598741001451006,0.8114701352624509,0.7597972260789279,2.30489182472229,2.240429162979126,0.06446266174316406,0.7535293042659759,False,0.1195022341787502,False
candidate_002347,D0-D2,D0,D2,000,100,4202,2,10,99,100,110,0.4061381667074296,0.49936698246710554,1.0002887639926499,0.9109722042901004,2.312088966369629,2.2454304695129395,0.06665849685668945,0.7535293042659759,False,0.11943226101195596,False
candidate_002348,D0-D2,D0,D2,000,100,4202,2,10,102,103,113,0.4566426668536474,0.49936698246710554,1.1232520688782497,0.9109722042901004,2.312088966369629,2.2454304695129395,0.06665849685668945,0.7535293042659759,False,0.11928087249113672,False
candidate_002349,D0-D2,D0,D2,000,100,4215,15,3,909,910,913,0.3967729479488764,0.47598741001451006,0.8829485999419509,0.7597972260789279,2.30489182472229,2.240429162979126,0.06446266174316406,0.7535293042659759,False,0.11926121176857744,False
candidate_002350,D0-D1,D0,D1,000,010,4208,8,10,336,337,347,0.3431395710627703,0.49936698246710554,0.9223141337734916,0.9109722042901004,2.309361219406128,2.2485151290893555,0.06084609031677246,0.7535293042659759,False,0.11897488378158809,False
candidate_002351,D0-D2,D0,D2,000,100,4202,2,10,101,102,112,0.43482152540722974,0.49936698246710554,1.066271206686832,0.9109722042901004,2.312088966369629,2.2454304695129395,0.06665849685668945,0.7535293042659759,False,0.11891228219221892,False
candidate_002352,D0-D2,D0,D2,000,100,4204,4,3,1080,1081,1084,0.3487505894627843,0.47598741001451006,0.8850125680870014,0.7597972260789279,2.2835373878479004,2.2271876335144043,0.056349754333496094,0.7535293042659759,False,0.11888419747586713,False
candidate_002353,D0-D2,D0,D2,000,100,4218,18,3,2698,2699,2702,0.47523419861903954,0.47598741001451006,0.9565582395365624,0.7597972260789279,2.283595561981201,2.2126011848449707,0.07099437713623047,0.7535293042659759,False,0.11880242353419211,False
candidate_002354,D0-D2,D0,D2,000,100,4218,18,3,991,992,995,0.4272059174577293,0.47598741001451006,0.8591096873725028,0.7597972260789279,2.283595561981201,2.2126011848449707,0.07099437713623047,0.7535293042659759,False,0.11869513681417403,False
candidate_002355,D0-D2,D0,D2,000,100,4215,15,3,107,108,111,0.41540683421519314,0.47598741001451006,0.9184675675497487,0.7597972260789279,2.30489182472229,2.240429162979126,0.06446266174316406,0.7535293042659759,False,0.11849391204273588,False
candidate_002356,D0-D2,D0,D2,000,100,4201,1,5,549,550,555,0.2712660709957094,0.4828801581659705,0.9114844868249524,0.8000757674576986,2.2451279163360596,2.2010998725891113,0.04402804374694824,0.7535293042659759,False,0.11849261687465491,False
candidate_002357,D0-D2,D0,D2,000,100,4218,18,5,2696,2697,2702,0.4591593917914946,0.4828801581659705,0.9560586020750246,0.8000757674576986,2.283595561981201,2.2126011848449707,0.07099437713623047,0.7535293042659759,False,0.11840037881538865,False
candidate_002358,D0-D2,D0,D2,000,100,4218,18,10,803,804,814,0.43800749217258655,0.49936698246710554,1.0032262198001891,0.9109722042901004,2.283595561981201,2.2126011848449707,0.07099437713623047,0.7535293042659759,False,0.1182921267095404,False
candidate_002359,D0-D2,D0,D2,000,100,4218,18,5,801,802,807,0.44066586235683336,0.4828801581659705,0.915904909628259,0.8000757674576986,2.283595561981201,2.2126011848449707,0.07099437713623047,0.7535293042659759,False,0.1181879037240779,False
candidate_002360,D0-D2,D0,D2,000,100,4204,4,10,2008,2009,2019,0.31902026634989866,0.49936698246710554,0.9191360365930045,0.9109722042901004,2.2835373878479004,2.2271876335144043,0.056349754333496094,0.7535293042659759,False,0.11810494974721246,False
candidate_002361,D0-D2,D0,D2,000,100,4218,18,10,801,802,812,0.4279314190906147,0.49936698246710554,0.9785777902129644,0.9109722042901004,2.283595561981201,2.2126011848449707,0.07099437713623047,0.7535293042659759,False,0.1181026617760067,False
candidate_002362,D0-D2,D0,D2,000,100,4202,2,10,104,105,115,0.49280392902339143,0.49936698246710554,1.1986111728202486,0.9109722042901004,2.312088966369629,2.2454304695129395,0.06665849685668945,0.7535293042659759,False,0.11794355873066732,False
candidate_002363,D0-D2,D0,D2,000,100,4215,15,5,909,910,915,0.4091788372345579,0.4828801581659705,0.9341688182287728,0.8000757674576986,2.30489182472229,2.240429162979126,0.06446266174316406,0.7535293042659759,False,0.11787685337396647,False
candidate_002364,D0-D2,D0,D2,000,100,4201,1,5,271,272,277,0.2926257923951787,0.4828801581659705,0.977515311505027,0.8000757674576986,2.2451279163360596,2.2010998725891113,0.04402804374694824,0.7535293042659759,False,0.11780085770207341,False
candidate_002365,D0-D2,D0,D2,000,100,4215,15,3,106,107,110,0.37250649075506476,0.47598741001451006,0.8184987684407897,0.7597972260789279,2.30489182472229,2.240429162979126,0.06446266174316406,0.7535293042659759,False,0.11775789545811188,False
candidate_002366,D0-D1,D0,D1,000,010,4208,8,3,335,336,339,0.3278933451663499,0.47598741001451006,0.7623669860545553,0.7597972260789279,2.309361219406128,2.2485151290893555,0.06084609031677246,0.7535293042659759,False,0.11761474518995196,False
candidate_002367,D0-D2,D0,D2,000,100,4202,2,10,98,99,109,0.3964215752520923,0.49936698246710554,0.9607800642775676,0.9109722042901004,2.312088966369629,2.2454304695129395,0.06665849685668945,0.7535293042659759,False,0.1175267611600359,False
candidate_002368,D0-D2,D0,D2,000,100,4215,15,10,718,719,729,0.4893800410949391,0.49936698246710554,1.2263418747454842,0.9109722042901004,2.30489182472229,2.240429162979126,0.06446266174316406,0.7535293042659759,False,0.11751358907382028,False
candidate_002369,D0-D2,D0,D2,000,100,4202,2,10,35,36,46,0.38756690909978253,0.49936698246710554,0.9391155929655437,0.9109722042901004,2.312088966369629,2.2454304695129395,0.06665849685668945,0.7535293042659759,False,0.11750123462754775,False
candidate_002370,D0-D1,D0,D1,000,010,4208,8,5,338,339,344,0.3888224883865818,0.4828801581659705,0.9372021378551344,0.8000757674576986,2.309361219406128,2.2485151290893555,0.06084609031677246,0.7535293042659759,False,0.11746883730249906,False
candidate_002371,D0-D2,D0,D2,000,100,4202,2,10,36,37,47,0.41202358506479286,0.49936698246710554,0.998050432715013,0.9109722042901004,2.312088966369629,2.2454304695129395,0.06665849685668945,0.7535293042659759,False,0.11746283497916023,False
candidate_002372,D0-D2,D0,D2,000,100,4201,1,3,551,552,555,0.30713546301427125,0.47598741001451006,0.9851342922582098,0.7597972260789279,2.2451279163360596,2.2010998725891113,0.04402804374694824,0.7535293042659759,False,0.11740659078158847,False
candidate_002373,D0-D2,D0,D2,000,100,4201,1,5,551,552,557,0.29796200620562224,0.4828801581659705,0.9920005487045404,0.8000757674576986,2.2451279163360596,2.2010998725891113,0.04402804374694824,0.7535293042659759,False,0.1174055180240314,False
candidate_002374,D0-D2,D0,D2,000,100,4204,4,3,1081,1082,1085,0.3849713998266863,0.47598741001451006,0.9626153807293532,0.7597972260789279,2.2835373878479004,2.2271876335144043,0.056349754333496094,0.7535293042659759,False,0.11714236099298764,False
candidate_002375,D0-D2,D0,D2,000,100,4215,15,5,108,109,114,0.4400782604849048,0.4828801581659705,0.9981365991966493,0.8000757674576986,2.30489182472229,2.240429162979126,0.06446266174316406,0.7535293042659759,False,0.1171052583011776,False
candidate_002376,D0-D2,D0,D2,000,100,4213,13,10,2501,2502,2512,0.43801537662952483,0.49936698246710554,0.9839891878260929,0.9109722042901004,2.2448813915252686,2.17341947555542,0.07146191596984863,0.7535293042659759,False,0.11678583686033622,False
candidate_002377,D0-D2,D0,D2,000,100,4202,2,3,100,101,104,0.4594214205235489,0.47598741001451006,0.9674714652774846,0.7597972260789279,2.312088966369629,2.2454304695129395,0.06665849685668945,0.7535293042659759,False,0.11670247220512586,False
candidate_002378,D0-D2,D0,D2,000,100,4201,1,3,550,551,554,0.30659499757634556,0.47598741001451006,0.9755197765884428,0.7597972260789279,2.2451279163360596,2.2010998725891113,0.04402804374694824,0.7535293042659759,False,0.11646569389808731,False
candidate_002379,D0-D2,D0,D2,000,100,4215,15,10,2058,2059,2069,0.41216326624420485,0.49936698246710554,1.0234544246543948,0.9109722042901004,2.30489182472229,2.240429162979126,0.06446266174316406,0.7535293042659759,False,0.11644531247827822,False
candidate_002380,D0-D2,D0,D2,000,100,4202,2,5,97,98,103,0.40967824357011345,0.4828801581659705,0.8927064853087141,0.8000757674576986,2.312088966369629,2.2454304695129395,0.06665849685668945,0.7535293042659759,False,0.11634009183033087,False
candidate_002381,D0-D2,D0,D2,000,100,4213,13,3,1018,1019,1022,0.4152455341066246,0.47598741001451006,0.813066461027196,0.7597972260789279,2.2448813915252686,2.17341947555542,0.07146191596984863,0.7535293042659759,False,0.11633043388846176,False
candidate_002382,D0-D2,D0,D2,000,100,4213,13,5,2055,2056,2061,0.39639279634317914,0.4828801581659705,0.8047327470643978,0.8000757674576986,2.2448813915252686,2.17341947555542,0.07146191596984863,0.7535293042659759,False,0.11620068122523118,False
candidate_002383,D0-D2,D0,D2,000,100,4204,4,10,925,926,936,0.3225322443389817,0.49936698246710554,0.9126797525061392,0.9109722042901004,2.2835373878479004,2.2271876335144043,0.056349754333496094,0.7535293042659759,False,0.11599836181478047,False
candidate_002384,D0-D2,D0,D2,000,100,4215,15,3,2029,2030,2033,0.3882789576311866,0.47598741001451006,0.839722700153682,0.7597972260789279,2.30489182472229,2.240429162979126,0.06446266174316406,0.7535293042659759,False,0.11590385693736949,False
candidate_002385,D0-D2,D0,D2,000,100,4201,1,10,273,274,284,0.34116753445530745,0.49936698246710554,1.2339905453281799,0.9109722042901004,2.2451279163360596,2.2010998725891113,0.04402804374694824,0.7535293042659759,False,0.1158478761393728,False
candidate_002386,D0-D2,D0,D2,000,100,4202,2,10,103,104,114,0.4788663721794101,0.49936698246710554,1.1433656451868104,0.9109722042901004,2.312088966369629,2.2454304695129395,0.06665849685668945,0.7535293042659759,False,0.11578195174667766,False
candidate_002387,D0-D2,D0,D2,000,100,4213,13,3,40,41,44,0.4265757146174685,0.47598741001451006,0.83121484762511,0.7597972260789279,2.2448813915252686,2.17341947555542,0.07146191596984863,0.7535293042659759,False,0.11576824157091617,False
candidate_002388,D0-D2,D0,D2,000,100,4202,2,5,330,331,336,0.39287232133559546,0.4828801581659705,0.851636525481973,0.8000757674576986,2.312088966369629,2.2454304695129395,0.06665849685668945,0.7535293042659759,False,0.1157354647056318,False
candidate_002389,D0-D2,D0,D2,000,100,4201,1,10,272,273,283,0.3323773806159412,0.49936698246710554,1.20027540371881,0.9109722042901004,2.2451279163360596,2.2010998725891113,0.04402804374694824,0.7535293042659759,False,0.11566271608616387,False
candidate_002390,D0-D2,D0,D2,000,100,4213,13,10,1191,1192,1202,0.4520495559021477,0.49936698246710554,1.0053713987545236,0.9109722042901004,2.2448813915252686,2.17341947555542,0.07146191596984863,0.7535293042659759,False,0.11561912722158933,False
candidate_002391,D0-D2,D0,D2,000,100,4213,13,5,1191,1192,1197,0.47584273803502997,0.4828801581659705,0.9605916743571569,0.8000757674576986,2.2448813915252686,2.17341947555542,0.07146191596984863,0.7535293042659759,False,0.11554685401230241,False
candidate_002392,D0-D1,D0,D1,000,010,4208,8,3,337,338,341,0.3663145918926808,0.47598741001451006,0.8359321126716824,0.7597972260789279,2.309361219406128,2.2485151290893555,0.06084609031677246,0.7535293042659759,False,0.11543754541875262,False
candidate_002393,D0-D2,D0,D2,000,100,4201,1,10,550,551,561,0.32292889349940046,0.49936698246710554,1.163761234528189,0.9109722042901004,2.2451279163360596,2.2010998725891113,0.04402804374694824,0.7535293042659759,False,0.11542527634090505,False
candidate_002394,D0-D2,D0,D2,000,100,4215,15,10,717,718,728,0.4638479806290752,0.49936698246710554,1.1416375969654624,0.9109722042901004,2.30489182472229,2.240429162979126,0.06446266174316406,0.7535293042659759,False,0.11541848734721005,False
candidate_002395,D0-D2,D0,D2,000,100,4204,4,3,2373,2374,2377,0.38299145890453146,0.47598741001451006,0.9430658594178141,0.7597972260789279,2.2835373878479004,2.2271876335144043,0.056349754333496094,0.7535293042659759,False,0.1153566343778078,False
candidate_002396,D0-D2,D0,D2,000,100,4202,2,3,36,37,40,0.44073596231967255,0.47598741001451006,0.9171490398725007,0.7597972260789279,2.312088966369629,2.2454304695129395,0.06665849685668945,0.7535293042659759,False,0.1153226354795788,False
candidate_002397,D0-D2,D0,D2,000,100,4218,18,10,695,696,706,0.4419624717382604,0.49936698246710554,0.9868588720491988,0.9109722042901004,2.283595561981201,2.2126011848449707,0.07099437713623047,0.7535293042659759,False,0.11532093661852588,False
candidate_002398,D0-D2,D0,D2,000,100,4213,13,3,2499,2500,2503,0.41603714008149245,0.47598741001451006,0.8071605764730696,0.7597972260789279,2.2448813915252686,2.17341947555542,0.07146191596984863,0.7535293042659759,False,0.11526570504285256,False
candidate_002399,D0-D1,D0,D1,000,010,4208,8,3,639,640,643,0.4087152684517723,0.47598741001451006,0.9306295042018212,0.7597972260789279,2.309361219406128,2.2485151290893555,0.06084609031677246,0.7535293042659759,False,0.11518243312575341,False
candidate_002400,D0-D2,D0,D2,000,100,4213,13,3,1025,1026,1029,0.4473558534367371,0.47598741001451006,0.8670441690215096,0.7597972260789279,2.2448813915252686,2.17341947555542,0.07146191596984863,0.7535293042659759,False,0.1151490526124469,False
candidate_002401,D0-D2,D0,D2,000,100,4213,13,3,56,57,60,0.4679870252318417,0.47598741001451006,0.9045014522011414,0.7597972260789279,2.2448813915252686,2.17341947555542,0.07146191596984863,0.7535293042659759,False,0.11482798063714077,False
candidate_002402,D0-D2,D0,D2,000,100,4218,18,5,2482,2483,2488,0.4728602113129839,0.4828801581659705,0.9542964493534469,0.8000757674576986,2.283595561981201,2.2126011848449707,0.07099437713623047,0.7535293042659759,False,0.11475789844404118,False
candidate_002403,D0-D2,D0,D2,000,100,4204,4,5,2373,2374,2379,0.3773077088043378,0.4828801581659705,0.9577344148272589,0.8000757674576986,2.2835373878479004,2.2271876335144043,0.056349754333496094,0.7535293042659759,False,0.11456436155788668,False
candidate_002404,D0-D2,D0,D2,000,100,4213,13,3,2018,2019,2022,0.4004607300144021,0.47598741001451006,0.7721281346018125,0.7597972260789279,2.2448813915252686,2.17341947555542,0.07146191596984863,0.7535293042659759,False,0.11455174630289255,False
candidate_002405,D0-D2,D0,D2,000,100,4215,15,10,109,110,120,0.4322044800928876,0.49936698246710554,1.0556345752263847,0.9109722042901004,2.30489182472229,2.240429162979126,0.06446266174316406,0.7535293042659759,False,0.11453734916003408,False
candidate_002406,D0-D2,D0,D2,000,100,4218,18,10,804,805,815,0.4694053955935835,0.49936698246710554,1.0398208615105622,0.9109722042901004,2.283595561981201,2.2126011848449707,0.07099437713623047,0.7535293042659759,False,0.11440604012629607,False
candidate_002407,D0-D2,D0,D2,000,100,4204,4,5,1081,1082,1087,0.3534712508832691,0.4828801581659705,0.8957987086946806,0.8000757674576986,2.2835373878479004,2.2271876335144043,0.056349754333496094,0.7535293042659759,False,0.11438167694422847,False
candidate_002408,D0-D1,D0,D1,000,010,4208,8,10,337,338,348,0.35797813193850075,0.49936698246710554,0.9250102206033829,0.9109722042901004,2.309361219406128,2.2485151290893555,0.06084609031677246,0.7535293042659759,False,0.11437662130880227,False
candidate_002409,D0-D2,D0,D2,000,100,4204,4,3,2980,2981,2984,0.33091215076567315,0.47598741001451006,0.8065593598796115,0.7597972260789279,2.2835373878479004,2.2271876335144043,0.056349754333496094,0.7535293042659759,False,0.11418610623777864,False
candidate_002410,D0-D2,D0,D2,000,100,4205,5,10,1658,1659,1669,0.13600277207734332,0.49936698246710554,1.0050632323919388,0.9109722042901004,2.2415318489074707,2.2202963829040527,0.02123546600341797,0.7535293042659759,False,0.11416210624445382,False
candidate_002411,D0-D2,D0,D2,000,100,4215,15,3,2028,2029,2032,0.3742324418676359,0.47598741001451006,0.7954171591726377,0.7597972260789279,2.30489182472229,2.240429162979126,0.06446266174316406,0.7535293042659759,False,0.11390934954007066,False
candidate_002412,D0-D2,D0,D2,000,100,4201,1,5,552,553,558,0.3441292016378754,0.4828801581659705,1.1114090826572776,0.8000757674576986,2.2451279163360596,2.2010998725891113,0.04402804374694824,0.7535293042659759,False,0.11389112979257875,False
candidate_002413,D0-D2,D0,D2,000,100,4204,4,5,924,925,930,0.32123983940460465,0.4828801581659705,0.809775473171094,0.8000757674576986,2.2835373878479004,2.2271876335144043,0.056349754333496094,0.7535293042659759,False,0.11377198688846873,False
candidate_002414,D0-D2,D0,D2,000,100,4214,14,10,1277,1278,1288,0.27471519898764835,0.49936698246710554,1.1293145838403775,0.9109722042901004,2.262521982192993,2.2244794368743896,0.038042545318603516,0.7535293042659759,False,0.11376701593435475,False
candidate_002415,D0-D2,D0,D2,000,100,4202,2,3,329,330,333,0.393703146612066,0.47598741001451006,0.8082002158761846,0.7597972260789279,2.312088966369629,2.2454304695129395,0.06665849685668945,0.7535293042659759,False,0.11376356891642596,False
candidate_002416,D0-D2,D0,D2,000,100,4202,2,5,331,332,337,0.40681049223840776,0.4828801581659705,0.8659006713285381,0.8000757674576986,2.312088966369629,2.2454304695129395,0.06665849685668945,0.7535293042659759,False,0.113642176845206,False
candidate_002417,D0-D2,D0,D2,000,100,4201,1,5,270,271,276,0.3046718655886609,0.4828801581659705,0.9810016464324383,0.8000757674576986,2.2451279163360596,2.2010998725891113,0.04402804374694824,0.7535293042659759,False,0.11354679255340795,False
candidate_002418,D0-D2,D0,D2,000,100,4215,15,10,715,716,726,0.4175234930490723,0.49936698246710554,1.0105917644850186,0.9109722042901004,2.30489182472229,2.240429162979126,0.06446266174316406,0.7535293042659759,False,0.11350568742788691,False
candidate_002419,D0-D2,D0,D2,000,100,4202,2,5,329,330,335,0.39481354063340535,0.4828801581659705,0.8379813896553471,0.8000757674576986,2.312088966369629,2.2454304695129395,0.06665849685668945,0.7535293042659759,False,0.11331983879707916,False
candidate_002420,D0-D2,D0,D2,000,100,4213,13,5,2499,2500,2505,0.441185605319816,0.4828801581659705,0.873435712175033,0.8000757674576986,2.2448813915252686,2.17341947555542,0.07146191596984863,0.7535293042659759,False,0.11331629435330848,False
candidate_002421,D0-D2,D0,D2,000,100,4215,15,3,910,911,914,0.46040555075821155,0.47598741001451006,0.9729069127896267,0.7597972260789279,2.30489182472229,2.240429162979126,0.06446266174316406,0.7535293042659759,False,0.11324957684323028,False
candidate_002422,D0-D2,D0,D2,000,100,4213,13,5,995,996,1001,0.41939867600699055,0.4828801581659705,0.8298126706299311,0.8000757674576986,2.2448813915252686,2.17341947555542,0.07146191596984863,0.7535293042659759,False,0.11324936090651795,False
candidate_002423,D0-D2,D0,D2,000,100,4202,2,5,37,38,43,0.4713843103566625,0.4828801581659705,0.9994482186698506,0.8000757674576986,2.312088966369629,2.2454304695129395,0.06665849685668945,0.7535293042659759,False,0.11320061551263928,False
candidate_002424,D0-D2,D0,D2,000,100,4213,13,5,41,42,47,0.4107230148408349,0.4828801581659705,0.81202969726317,0.8000757674576986,2.2448813915252686,2.17341947555542,0.07146191596984863,0.7535293042659759,False,0.11316330590606054,False
candidate_002425,D0-D2,D0,D2,000,100,4218,18,3,992,993,996,0.42155625845249417,0.47598741001451006,0.8076671370008591,0.7597972260789279,2.283595561981201,2.2126011848449707,0.07099437713623047,0.7535293042659759,False,0.11308329124185332,False
candidate_002426,D0-D2,D0,D2,000,100,4218,18,5,802,803,808,0.4743660208492285,0.4828801581659705,0.9427396515044981,0.8000757674576986,2.283595561981201,2.2126011848449707,0.07099437713623047,0.7535293042659759,False,0.11300827652723669,False
candidate_002427,D0-D2,D0,D2,000,100,4202,2,5,36,37,42,0.4616326886824333,0.4828801581659705,0.976121434226844,0.8000757674576986,2.312088966369629,2.2454304695129395,0.06665849685668945,0.7535293042659759,False,0.11289401236718398,False
candidate_002428,D0-D2,D0,D2,000,100,4202,2,3,97,98,101,0.44867372211224976,0.47598741001451006,0.9137901689816134,0.7597972260789279,2.312088966369629,2.2454304695129395,0.06665849685668945,0.7535293042659759,False,0.11286751896502578,False
candidate_002429,D0-D2,D0,D2,000,100,4204,4,5,2980,2981,2986,0.3364349156994686,0.4828801581659705,0.8412340807560943,0.8000757674576986,2.2835373878479004,2.2271876335144043,0.056349754333496094,0.7535293042659759,False,0.11285373105462712,False
candidate_002430,D0-D2,D0,D2,000,100,4201,1,3,273,274,277,0.3689387206530703,0.47598741001451006,1.1364753403359045,0.7597972260789279,2.2451279163360596,2.2010998725891113,0.04402804374694824,0.7535293042659759,False,0.11275421458834821,False
candidate_002431,D0-D2,D0,D2,000,100,4215,15,10,716,717,727,0.437389853797551,0.49936698246710554,1.0501073072624076,0.9109722042901004,2.30489182472229,2.240429162979126,0.06446266174316406,0.7535293042659759,False,0.11258687421985467,False
candidate_002432,D0-D2,D0,D2,000,100,4215,15,5,2029,2030,2035,0.37333576914821154,0.4828801581659705,0.8136656518351989,0.8000757674576986,2.30489182472229,2.240429162979126,0.06446266174316406,0.7535293042659759,False,0.11252854741964712,False
candidate_002433,D0-D1,D0,D1,000,010,4208,8,3,623,624,627,0.3931831218954495,0.47598741001451006,0.8741818250140176,0.7597972260789279,2.309361219406128,2.2485151290893555,0.06084609031677246,0.7535293042659759,False,0.11247013063036693,False
candidate_002434,D0-D2,D0,D2,000,100,4215,15,5,911,912,917,0.47380505838707854,0.4828801581659705,1.0319934083587445,0.8000757674576986,2.30489182472229,2.240429162979126,0.06446266174316406,0.7535293042659759,False,0.11245883019045949,False
candidate_002435,D0-D2,D0,D2,000,100,4204,4,3,2372,2373,2376,0.3515818260579959,0.47598741001451006,0.8431432394478955,0.7597972260789279,2.2835373878479004,2.2271876335144043,0.056349754333496094,0.7535293042659759,False,0.11234780381455155,False
candidate_002436,D0-D2,D0,D2,000,100,4204,4,3,2978,2979,2982,0.3281503453973892,0.47598741001451006,0.7861538131779651,0.7597972260789279,2.2835373878479004,2.2271876335144043,0.056349754333496094,0.7535293042659759,False,0.11223396402417347,False
candidate_002437,D0-D2,D0,D2,000,100,4205,5,10,1657,1658,1668,0.13106856476160847,0.49936698246710554,0.9518902940056999,0.9109722042901004,2.2415318489074707,2.2202963829040527,0.02123546600341797,0.7535293042659759,False,0.1121927264594858,False
candidate_002438,D0-D2,D0,D2,000,100,4213,13,10,1192,1193,1203,0.48885451198212176,0.49936698246710554,1.0536907900485952,0.9109722042901004,2.2448813915252686,2.17341947555542,0.07146191596984863,0.7535293042659759,False,0.11205281299843606,False
candidate_002439,D0-D2,D0,D2,000,100,4213,13,10,2503,2504,2514,0.4729408323282208,0.49936698246710554,1.019357800195174,0.9109722042901004,2.2448813915252686,2.17341947555542,0.07146191596984863,0.7535293042659759,False,0.11204927393352064,False
candidate_002440,D0-D2,D0,D2,000,100,4202,2,5,98,99,104,0.4349175233775271,0.4828801581659705,0.912544174056851,0.8000757674576986,2.312088966369629,2.2454304695129395,0.06665849685668945,0.7535293042659759,False,0.11202387824403609,False
candidate_002441,D0-D2,D0,D2,000,100,4202,2,3,96,97,100,0.4040281327533957,0.47598741001451006,0.8164124108853207,0.7597972260789279,2.312088966369629,2.2454304695129395,0.06665849685668945,0.7535293042659759,False,0.11198274872524779,False
candidate_002442,D0-D2,D0,D2,000,100,4201,1,3,552,553,556,0.370453932368202,0.47598741001451006,1.1326065127150595,0.7597972260789279,2.2451279163360596,2.2010998725891113,0.04402804374694824,0.7535293042659759,False,0.1119107613460619,False
candidate_002443,D0-D2,D0,D2,000,100,4213,13,10,2499,2500,2510,0.4290283465189085,0.49936698246710554,0.9224798202231245,0.9109722042901004,2.2448813915252686,2.17341947555542,0.07146191596984863,0.7535293042659759,False,0.11177896768119532,False
candidate_002444,D0-D1,D0,D1,000,010,4208,8,5,339,340,345,0.42574394216134454,0.4828801581659705,0.9754803373178319,0.8000757674576986,2.309361219406128,2.2485151290893555,0.06084609031677246,0.7535293042659759,False,0.11166339231405777,False
candidate_002445,D0-D2,D0,D2,000,100,4213,13,10,1190,1191,1201,0.43281998533787697,0.49936698246710554,0.9291804208700525,0.9109722042901004,2.2448813915252686,2.17341947555542,0.07146191596984863,0.7535293042659759,False,0.11160456307781406,False
candidate_002446,D0-D2,D0,D2,000,100,4218,18,10,696,697,707,0.4689854579945426,0.49936698246710554,1.0123127865501043,0.9109722042901004,2.283595561981201,2.2126011848449707,0.07099437713623047,0.7535293042659759,False,0.11147920187951062,False
candidate_002447,D0-D2,D0,D2,000,100,4202,2,3,37,38,41,0.4709206822134495,0.47598741001451006,0.9471810828508866,0.7597972260789279,2.312088966369629,2.2454304695129395,0.06665849685668945,0.7535293042659759,False,0.11146496473026676,False
candidate_002448,D0-D2,D0,D2,000,100,4218,18,10,2133,2134,2144,0.4419110662596499,0.49936698246710554,0.953677445948115,0.9109722042901004,2.283595561981201,2.2126011848449707,0.07099437713623047,0.7535293042659759,False,0.11145643289195196,False
candidate_002449,D0-D2,D0,D2,000,100,4215,15,3,908,909,912,0.38272250239932226,0.47598741001451006,0.7953664946546558,0.7597972260789279,2.30489182472229,2.240429162979126,0.06446266174316406,0.7535293042659759,False,0.11137536599773684,False
candidate_002450,D0-D2,D0,D2,000,100,4218,18,10,800,801,811,0.45017419292699373,0.49936698246710554,0.9700569297937041,0.9109722042901004,2.283595561981201,2.2126011848449707,0.07099437713623047,0.7535293042659759,False,0.11128974126905754,False
candidate_002451,D0-D2,D0,D2,000,100,4204,4,5,2981,2982,2987,0.349146607848069,0.4828801581659705,0.8598401393711014,0.8000757674576986,2.2835373878479004,2.2271876335144043,0.056349754333496094,0.7535293042659759,False,0.11115013955672674,False
candidate_002452,D0-D2,D0,D2,000,100,4213,13,10,2821,2822,2832,0.459938702744207,0.49936698246710554,0.981995912727253,0.9109722042901004,2.2448813915252686,2.17341947555542,0.07146191596984863,0.7535293042659759,False,0.11099385405969078,False
candidate_002453,D0-D2,D0,D2,000,100,4202,2,3,311,312,315,0.4049660111236769,0.47598741001451006,0.8108623641598867,0.7597972260789279,2.312088966369629,2.2454304695129395,0.06665849685668945,0.7535293042659759,False,0.1109638970361878,False
candidate_002454,D0-D2,D0,D2,000,100,4218,18,3,2695,2696,2699,0.4589424467398702,0.47598741001451006,0.8612541764329643,0.7597972260789279,2.283595561981201,2.2126011848449707,0.07099437713623047,0.7535293042659759,False,0.11076299314568733,False
candidate_002455,D0-D2,D0,D2,000,100,4202,2,3,56,57,60,0.3891050053441466,0.47598741001451006,0.7772800917894463,0.7597972260789279,2.312088966369629,2.2454304695129395,0.06665849685668945,0.7535293042659759,False,0.11070413902321315,False
candidate_002456,D0-D2,D0,D2,000,100,4213,13,5,994,995,1000,0.4206863577643697,0.4828801581659705,0.8123327930414908,0.8000757674576986,2.2448813915252686,2.17341947555542,0.07146191596984863,0.7535293042659759,False,0.11052443665286751,False
candidate_002457,D0-D2,D0,D2,000,100,4213,13,10,2502,2503,2513,0.45226349778118385,0.49936698246710554,0.9607840176959493,0.9109722042901004,2.2448813915252686,2.17341947555542,0.07146191596984863,0.7535293042659759,False,0.11043924790816707,False
candidate_002458,D0-D2,D0,D2,000,100,4204,4,3,41,42,45,0.34246867393256825,0.47598741001451006,0.8072846714465797,0.7597972260789279,2.2835373878479004,2.2271876335144043,0.056349754333496094,0.7535293042659759,False,0.11043214216996403,False
candidate_002459,D0-D2,D0,D2,000,100,4204,4,3,2881,2882,2885,0.36373838268714326,0.47598741001451006,0.856974490004265,0.7597972260789279,2.2835373878479004,2.2271876335144043,0.056349754333496094,0.7535293042659759,False,0.11037441262272751,False
candidate_002460,D0-D2,D0,D2,000,100,4215,15,3,678,679,682,0.4054691948320393,0.47598741001451006,0.8323674627088423,0.7597972260789279,2.30489182472229,2.240429162979126,0.06446266174316406,0.7535293042659759,False,0.11001783143847454,False
candidate_002461,D0-D2,D0,D2,000,100,4213,13,3,57,58,61,0.4674935662003792,0.47598741001451006,0.865659784760983,0.7597972260789279,2.2448813915252686,2.17341947555542,0.07146191596984863,0.7535293042659759,False,0.11001296647607187,False
candidate_002462,D0-D2,D0,D2,000,100,4204,4,5,2374,2375,2380,0.40169779075879775,0.4828801581659705,0.978699801076172,0.8000757674576986,2.2835373878479004,2.2271876335144043,0.056349754333496094,0.7535293042659759,False,0.10996391184291544,False
candidate_002463,D0-D1,D0,D1,000,010,4208,8,10,338,339,349,0.3763661441840878,0.49936698246710554,0.9349938726832522,0.9109722042901004,2.309361219406128,2.2485151290893555,0.06084609031677246,0.7535293042659759,False,0.10996271253609358,False
candidate_002464,D0-D2,D0,D2,000,100,4204,4,3,1552,1553,1556,0.32810470015135185,0.47598741001451006,0.7692012017452028,0.7597972260789279,2.2835373878479004,2.2271876335144043,0.056349754333496094,0.7535293042659759,False,0.10982902922682414,False
candidate_002465,D0-D2,D0,D2,000,100,4218,18,5,2695,2696,2701,0.4784039507029189,0.4828801581659705,0.9234415753200873,0.8000757674576986,2.283595561981201,2.2126011848449707,0.07099437713623047,0.7535293042659759,False,0.10976066169703626,False
candidate_002466,D0-D2,D0,D2,000,100,4218,18,10,697,698,708,0.49323973537928584,0.49936698246710554,1.048136554966925,0.9109722042901004,2.283595561981201,2.2126011848449707,0.07099437713623047,0.7535293042659759,False,0.10974843010217428,False
candidate_002467,D0-D2,D0,D2,000,100,4204,4,5,2372,2373,2378,0.37417935268371444,0.4828801581659705,0.9076925107857094,0.8000757674576986,2.2835373878479004,2.2271876335144043,0.056349754333496094,0.7535293042659759,False,0.10948611788287821,False
candidate_002468,D0-D2,D0,D2,000,100,4204,4,10,144,145,155,0.35169143285608406,0.49936698246710554,0.9391881379817071,0.9109722042901004,2.2835373878479004,2.2271876335144043,0.056349754333496094,0.7535293042659759,False,0.10947057223564804,False
candidate_002469,D0-D2,D0,D2,000,100,4213,13,5,2056,2057,2062,0.43883355515242684,0.4828801581659705,0.838632938961193,0.8000757674576986,2.2448813915252686,2.17341947555542,0.07146191596984863,0.7535293042659759,False,0.1093842619940942,False
candidate_002470,D0-D2,D0,D2,000,100,4213,13,10,2504,2505,2515,0.48778942983658097,0.49936698246710554,1.025072305603695,0.9109722042901004,2.2448813915252686,2.17341947555542,0.07146191596984863,0.7535293042659759,False,0.10924745353891957,False
candidate_002471,D0-D2,D0,D2,000,100,4204,4,3,924,925,928,0.3423576019779733,0.47598741001451006,0.7977291254631311,0.7597972260789279,2.2835373878479004,2.2271876335144043,0.056349754333496094,0.7535293042659759,False,0.10916039927325372,False
candidate_002472,D0-D2,D0,D2,000,100,4214,14,5,1281,1282,1287,0.35281611725604844,0.4828801581659705,1.2618286020261154,0.8000757674576986,2.262521982192993,2.2244794368743896,0.038042545318603516,0.7535293042659759,False,0.10897568684709341,False
candidate_002473,D0-D2,D0,D2,000,100,4204,4,3,1082,1083,1086,0.41821480685812684,0.47598741001451006,0.9723399067324479,0.7597972260789279,2.2835373878479004,2.2271876335144043,0.056349754333496094,0.7535293042659759,False,0.1089201794293997,False
candidate_002474,D0-D2,D0,D2,000,100,4202,2,3,649,650,653,0.4036547043141111,0.47598741001451006,0.7929630845120436,0.7597972260789279,2.312088966369629,2.2454304695129395,0.06665849685668945,0.7535293042659759,False,0.10886695682449529,False
candidate_002475,D0-D2,D0,D2,000,100,4202,2,5,99,100,105,0.45494835617907264,0.4828801581659705,0.9249462461028415,0.8000757674576986,2.312088966369629,2.2454304695129395,0.06665849685668945,0.7535293042659759,False,0.10854704555042985,False
candidate_002476,D0-D1,D0,D1,000,010,4208,8,3,39,40,43,0.38463811428376227,0.47598741001451006,0.8230071738178615,0.7597972260789279,2.309361219406128,2.2485151290893555,0.06084609031677246,0.7535293042659759,False,0.10823845819231508,False
candidate_002477,D0-D2,D0,D2,000,100,4218,18,3,990,991,994,0.4555384297317947,0.47598741001451006,0.8345491007839478,0.7597972260789279,2.283595561981201,2.2126011848449707,0.07099437713623047,0.7535293042659759,False,0.108130557464943,False
candidate_002478,D0-D2,D0,D2,000,100,4204,4,3,2883,2884,2887,0.3936740058109967,0.47598741001451006,0.9070511739540298,0.7597972260789279,2.2835373878479004,2.2271876335144043,0.056349754333496094,0.7535293042659759,False,0.10794056648417348,False
candidate_002479,D0-D2,D0,D2,000,100,4201,1,10,271,272,282,0.33180052661178616,0.49936698246710554,1.1178299921452632,0.9109722042901004,2.2451279163360596,2.2010998725891113,0.04402804374694824,0.7535293042659759,False,0.10790526305668609,False
candidate_002480,D0-D2,D0,D2,000,100,4201,1,10,270,271,281,0.3348601926193536,0.49936698246710554,1.1250801768533243,0.9109722042901004,2.2451279163360596,2.2010998725891113,0.04402804374694824,0.7535293042659759,False,0.10761278995497067,False
candidate_002481,D0-D2,D0,D2,000,100,4202,2,5,651,652,657,0.4349934465660052,0.4828801581659705,0.8739644531268175,0.8000757674576986,2.312088966369629,2.2454304695129395,0.06665849685668945,0.7535293042659759,False,0.10726910770820841,False
candidate_002482,D0-D1,D0,D1,000,010,4208,8,5,639,640,645,0.42127085839850387,0.4828801581659705,0.9258722203256292,0.8000757674576986,2.309361219406128,2.2485151290893555,0.06084609031677246,0.7535293042659759,False,0.10711009661843274,False
candidate_002483,D0-D2,D0,D2,000,100,4204,4,5,2883,2884,2889,0.38435204403290285,0.4828801581659705,0.9108905483228583,0.8000757674576986,2.2835373878479004,2.2271876335144043,0.056349754333496094,0.7535293042659759,False,0.1069638742707065,False
candidate_002484,D0-D2,D0,D2,000,100,4215,15,10,2059,2060,2070,0.4516022701872669,0.49936698246710554,1.028505795390649,0.9109722042901004,2.30489182472229,2.240429162979126,0.06446266174316406,0.7535293042659759,False,0.10680053112376067,False
candidate_002485,D0-D2,D0,D2,000,100,4215,15,10,714,715,725,0.41907130222925426,0.49936698246710554,0.9542470200627291,0.9109722042901004,2.30489182472229,2.240429162979126,0.06446266174316406,0.7535293042659759,False,0.10678141621863362,False
candidate_002486,D0-D2,D0,D2,000,100,4204,4,5,2979,2980,2985,0.34144893130211174,0.4828801581659705,0.8073087913278845,0.8000757674576986,2.2835373878479004,2.2271876335144043,0.056349754333496094,0.7535293042659759,False,0.10671219379169027,False
candidate_002487,D0-D2,D0,D2,000,100,4201,1,3,271,272,275,0.29184832162042595,0.47598741001451006,0.8501218814565664,0.7597972260789279,2.2451279163360596,2.2010998725891113,0.04402804374694824,0.7535293042659759,False,0.10662302495710121,False
candidate_002488,D0-D2,D0,D2,000,100,4213,13,5,1023,1024,1029,0.46257812161260864,0.4828801581659705,0.8612774264834442,0.8000757674576986,2.2448813915252686,2.17341947555542,0.07146191596984863,0.7535293042659759,False,0.10657141437698285,False
candidate_002489,D0-D1,D0,D1,000,010,4208,8,3,37,38,41,0.3694929414455116,0.47598741001451006,0.7777250933490265,0.7597972260789279,2.309361219406128,2.2485151290893555,0.06084609031677246,0.7535293042659759,False,0.10647563988638842,False
candidate_002490,D0-D2,D0,D2,000,100,4204,4,5,925,926,931,0.37713332711559266,0.4828801581659705,0.8890460537971844,0.8000757674576986,2.2835373878479004,2.2271876335144043,0.056349754333496094,0.7535293042659759,False,0.1063970214596765,False
candidate_002491,D0-D2,D0,D2,000,100,4204,4,5,2882,2883,2888,0.3866277840307764,0.4828801581659705,0.9107364409050389,0.8000757674576986,2.2835373878479004,2.2271876335144043,0.056349754333496094,0.7535293042659759,False,0.10631628141194455,False
candidate_002492,D0-D2,D0,D2,000,100,4215,15,3,2030,2031,2034,0.38656278480256995,0.47598741001451006,0.7659164809514957,0.7597972260789279,2.30489182472229,2.240429162979126,0.06446266174316406,0.7535293042659759,False,0.1061859906668073,False
candidate_002493,D0-D2,D0,D2,000,100,4202,2,10,37,38,48,0.4437118605059928,0.49936698246710554,0.97059404202631,0.9109722042901004,2.312088966369629,2.2454304695129395,0.06665849685668945,0.7535293042659759,False,0.10607343945496443,False
candidate_002494,D0-D2,D0,D2,000,100,4204,4,3,2882,2883,2886,0.3805403029929171,0.47598741001451006,0.8569831194756494,0.7597972260789279,2.2835373878479004,2.2271876335144043,0.056349754333496094,0.7535293042659759,False,0.10550213550006604,False
candidate_002495,D0-D1,D0,D1,000,010,4208,8,3,38,39,42,0.37055146527139754,0.47598741001451006,0.7727370596941052,0.7597972260789279,2.309361219406128,2.2485151290893555,0.06084609031677246,0.7535293042659759,False,0.10549053611687352,False
candidate_002496,D0-D2,D0,D2,000,100,4202,2,5,100,101,106,0.4634534016163395,0.4828801581659705,0.9155499565040602,0.8000757674576986,2.312088966369629,2.2454304695129395,0.06665849685668945,0.7535293042659759,False,0.10547258387539467,False
candidate_002497,D0-D2,D0,D2,000,100,4202,2,5,332,333,338,0.42646667765713225,0.4828801581659705,0.8420036703081326,0.8000757674576986,2.312088966369629,2.2454304695129395,0.06665849685668945,0.7535293042659759,False,0.10541259264695586,False
candidate_002498,D0-D2,D0,D2,000,100,4213,13,3,2809,2810,2813,0.4343276341487963,0.47598741001451006,0.7692538986091038,0.7597972260789279,2.2448813915252686,2.17341947555542,0.07146191596984863,0.7535293042659759,False,0.10522635216860439,False
candidate_002499,D0-D2,D0,D2,000,100,4204,4,3,140,141,144,0.3509552728221742,0.47598741001451006,0.7882873415882039,0.7597972260789279,2.2835373878479004,2.2271876335144043,0.056349754333496094,0.7535293042659759,False,0.1052258453813199,False
candidate_002500,D0-D2,D0,D2,000,100,4204,4,10,2888,2889,2899,0.4621922544823319,0.49936698246710554,1.186366512952806,0.9109722042901004,2.2835373878479004,2.2271876335144043,0.056349754333496094,0.7535293042659759,False,0.10522108965274415,False
candidate_002501,D0-D1,D0,D1,000,010,4208,8,5,640,641,646,0.4309787998169748,0.4828801581659705,0.930137594155366,0.8000757674576986,2.309361219406128,2.2485151290893555,0.06084609031677246,0.7535293042659759,False,0.10517973335315321,False
candidate_002502,D0-D2,D0,D2,000,100,4213,13,5,996,997,1002,0.4491757428790135,0.4828801581659705,0.8242391279754939,0.8000757674576986,2.2448813915252686,2.17341947555542,0.07146191596984863,0.7535293042659759,False,0.10503152848976477,False
candidate_002503,D0-D2,D0,D2,000,100,4205,5,10,1659,1660,1670,0.1583397986097993,0.49936698246710554,1.07652714741766,0.9109722042901004,2.2415318489074707,2.2202963829040527,0.02123546600341797,0.7535293042659759,False,0.10502948727449223,False
candidate_002504,D0-D2,D0,D2,000,100,4201,1,10,274,275,285,0.37547448419718704,0.49936698246710554,1.2309613423393935,0.9109722042901004,2.2451279163360596,2.2010998725891113,0.04402804374694824,0.7535293042659759,False,0.1050045035435343,False
candidate_002505,D0-D1,D0,D1,000,010,4208,8,3,443,444,447,0.39109840239265453,0.47598741001451006,0.8117616602592252,0.7597972260789279,2.309361219406128,2.2485151290893555,0.06084609031677246,0.7535293042659759,False,0.10499600794245639,False
candidate_002506,D0-D2,D0,D2,000,100,4204,4,5,1553,1554,1559,0.36360456198547275,0.4828801581659705,0.8446227820637205,0.8000757674576986,2.2835373878479004,2.2271876335144043,0.056349754333496094,0.7535293042659759,False,0.10484158842019112,False
candidate_002507,D0-D2,D0,D2,000,100,4202,2,5,650,651,656,0.4185661325920178,0.4828801581659705,0.821742749811533,0.8000757674576986,2.312088966369629,2.2454304695129395,0.06665849685668945,0.7535293042659759,False,0.10481788900431928,False
candidate_002508,D0-D2,D0,D2,000,100,4215,15,3,689,690,693,0.4381115060266952,0.47598741001451006,0.8561850661497221,0.7597972260789279,2.30489182472229,2.240429162979126,0.06446266174316406,0.7535293042659759,False,0.10473427700340937,False
candidate_002509,D0-D2,D0,D2,000,100,4202,2,3,99,100,103,0.47245440031550034,0.47598741001451006,0.8920343450502152,0.7597972260789279,2.312088966369629,2.2454304695129395,0.06665849685668945,0.7535293042659759,False,0.10463447735248566,False
candidate_002510,D0-D2,D0,D2,000,100,4213,13,5,1190,1191,1196,0.4687712367568945,0.4828801581659705,0.8568982130136698,0.8000757674576986,2.2448813915252686,2.17341947555542,0.07146191596984863,0.7535293042659759,False,0.10462874936273375,False
candidate_002511,D0-D2,D0,D2,000,100,4215,15,10,110,111,121,0.47969524263397956,0.49936698246710554,1.0700054346858094,0.9109722042901004,2.30489182472229,2.240429162979126,0.06446266174316406,0.7535293042659759,False,0.10460281156371133,False
candidate_002512,D0-D2,D0,D2,000,100,4213,13,5,57,58,63,0.47894511895413444,0.4828801581659705,0.8748466811064517,0.8000757674576986,2.2448813915252686,2.17341947555542,0.07146191596984863,0.7535293042659759,False,0.10455118271231123,False
candidate_002513,D0-D1,D0,D1,000,010,4208,8,3,624,625,628,0.384217568006924,0.47598741001451006,0.7937488083556541,0.7597972260789279,2.309361219406128,2.2485151290893555,0.06084609031677246,0.7535293042659759,False,0.10450478134830817,False
candidate_002514,D0-D1,D0,D1,000,010,4208,8,3,339,340,343,0.475888556272142,0.47598741001451006,0.9820371432817633,0.7597972260789279,2.309361219406128,2.2485151290893555,0.06084609031677246,0.7535293042659759,False,0.10438856949631374,False
candidate_002515,D0-D2,D0,D2,000,100,4204,4,10,2889,2890,2900,0.48901913846961753,0.49936698246710554,1.2436066498414964,0.9109722042901004,2.2835373878479004,2.2271876335144043,0.056349754333496094,0.7535293042659759,False,0.10424704615550304,False
candidate_002516,D0-D2,D0,D2,000,100,4204,4,3,2981,2982,2985,0.37770398643645636,0.47598741001451006,0.8401553089851393,0.7597972260789279,2.2835373878479004,2.2271876335144043,0.056349754333496094,0.7535293042659759,False,0.10420718160536246,False
candidate_002517,D0-D2,D0,D2,000,100,4204,4,5,1082,1083,1088,0.38917617540668714,0.4828801581659705,0.8983098984015534,0.8000757674576986,2.2835373878479004,2.2271876335144043,0.056349754333496094,0.7535293042659759,False,0.10417897101680156,False
candidate_002518,D0-D2,D0,D2,000,100,4215,15,5,717,718,723,0.47873238447560257,0.4828801581659705,0.9659357311002825,0.8000757674576986,2.30489182472229,2.240429162979126,0.06446266174316406,0.7535293042659759,False,0.10417697816217386,False
candidate_002519,D0-D2,D0,D2,000,100,4202,2,3,651,652,655,0.4434660960434251,0.47598741001451006,0.8334152186450152,0.7597972260789279,2.312088966369629,2.2454304695129395,0.06665849685668945,0.7535293042659759,False,0.10414876770678816,False
candidate_002520,D0-D2,D0,D2,000,100,4213,13,3,42,43,46,0.4404872846774578,0.47598741001451006,0.7719782264561152,0.7597972260789279,2.2448813915252686,2.17341947555542,0.07146191596984863,0.7535293042659759,False,0.10412234641164435,False
candidate_002521,D0-D2,D0,D2,000,100,4204,4,10,2887,2888,2898,0.4452765852793717,0.49936698246710554,1.1308636063869353,0.9109722042901004,2.2835373878479004,2.2271876335144043,0.056349754333496094,0.7535293042659759,False,0.10410868187398506,False
candidate_002522,D0-D2,D0,D2,000,100,4215,15,5,2058,2059,2064,0.47775132479650156,0.4828801581659705,0.9623771899795249,0.8000757674576986,2.30489182472229,2.240429162979126,0.06446266174316406,0.7535293042659759,False,0.104006325249082,False
candidate_002523,D0-D2,D0,D2,000,100,4204,4,10,2009,2010,2020,0.3675065859923334,0.49936698246710554,0.9305728110823951,0.9109722042901004,2.2835373878479004,2.2271876335144043,0.056349754333496094,0.7535293042659759,False,0.10379867546296002,False
candidate_002524,D0-D2,D0,D2,000,100,4202,2,5,653,654,659,0.47385274499932056,0.4828801581659705,0.9200191439427859,0.8000757674576986,2.312088966369629,2.2454304695129395,0.06665849685668945,0.7535293042659759,False,0.10366140164587068,False
candidate_002525,D0-D2,D0,D2,000,100,4215,15,5,908,909,914,0.4382944525740322,0.4828801581659705,0.8799430529171305,0.8000757674576986,2.30489182472229,2.240429162979126,0.06446266174316406,0.7535293042659759,False,0.1036585010118524,False
candidate_002526,D0-D2,D0,D2,000,100,4213,13,3,2055,2056,2059,0.44307913672793936,0.47598741001451006,0.772295113232597,0.7597972260789279,2.2448813915252686,2.17341947555542,0.07146191596984863,0.7535293042659759,False,0.10355575931359066,False
candidate_002527,D0-D2,D0,D2,000,100,4201,1,5,65,66,71,0.3311245386048533,0.4828801581659705,0.9721554979364938,0.8000757674576986,2.2451279163360596,2.2010998725891113,0.04402804374694824,0.7535293042659759,False,0.10353372913702012,False
candidate_002528,D0-D1,D0,D1,000,010,4208,8,5,641,642,647,0.4475739528647302,0.4828801581659705,0.9505818889699219,0.8000757674576986,2.309361219406128,2.2485151290893555,0.06084609031677246,0.7535293042659759,False,0.10350599539667332,False
candidate_002529,D0-D2,D0,D2,000,100,4202,2,3,98,99,102,0.4683721608053294,0.47598741001451006,0.8743727423487849,0.7597972260789279,2.312088966369629,2.2454304695129395,0.06665849685668945,0.7535293042659759,False,0.10345671126552938,False
candidate_002530,D0-D2,D0,D2,000,100,4202,2,5,312,313,318,0.41881750466148393,0.4828801581659705,0.810588259879919,0.8000757674576986,2.312088966369629,2.2454304695129395,0.06665849685668945,0.7535293042659759,False,0.10333301417561054,False
candidate_002531,D0-D2,D0,D2,000,100,4204,4,5,2982,2983,2988,0.38165657779828066,0.4828801581659705,0.8730326158384928,0.8000757674576986,2.2835373878479004,2.2271876335144043,0.056349754333496094,0.7535293042659759,False,0.10324234046987554,False
candidate_002532,D0-D2,D0,D2,000,100,4204,4,10,926,927,937,0.3726753638380212,0.49936698246710554,0.9385347739810057,0.9109722042901004,2.2835373878479004,2.2271876335144043,0.056349754333496094,0.7535293042659759,False,0.10323483380035499,False
candidate_002533,D0-D2,D0,D2,000,100,4218,18,10,799,800,810,0.4709341064843648,0.49936698246710554,0.941299733958337,0.9109722042901004,2.283595561981201,2.2126011848449707,0.07099437713623047,0.7535293042659759,False,0.10323008770835108,False
candidate_002534,D0-D1,D0,D1,000,010,4208,8,3,442,443,446,0.37624685657977347,0.47598741001451006,0.7676388098707325,0.7597972260789279,2.309361219406128,2.2485151290893555,0.06084609031677246,0.7535293042659759,False,0.10320823154596967,False
candidate_002535,D0-D2,D0,D2,000,100,4202,2,5,311,312,317,0.41692084572621163,0.4828801581659705,0.805294523063162,0.8000757674576986,2.312088966369629,2.2454304695129395,0.06665849685668945,0.7535293042659759,False,0.10312518689165089,False
candidate_002536,D0-D2,D0,D2,000,100,4202,2,5,313,314,319,0.43622620786575833,0.4828801581659705,0.8415906741800391,0.8000757674576986,2.312088966369629,2.2454304695129395,0.06665849685668945,0.7535293042659759,False,0.1030036877849591,False
candidate_002537,D0-D1,D0,D1,000,010,4208,8,10,339,340,350,0.3924113949627754,0.49936698246710554,0.9130447005200754,0.9109722042901004,2.309361219406128,2.2485151290893555,0.06084609031677246,0.7535293042659759,False,0.10299061686735068,False
candidate_002538,D0-D1,D0,D1,000,010,4208,8,3,338,339,342,0.4278587750060239,0.47598741001451006,0.8697958127351839,0.7597972260789279,2.309361219406128,2.2485151290893555,0.06084609031677246,0.7535293042659759,False,0.10283647048528169,False
candidate_002539,D0-D2,D0,D2,000,100,4201,1,5,66,67,72,0.36349902752929564,0.4828801581659705,1.0589841930188122,0.8000757674576986,2.2451279163360596,2.2010998725891113,0.04402804374694824,0.7535293042659759,False,0.10273625033140235,False
candidate_002540,D0-D1,D0,D1,000,010,4208,8,5,39,40,45,0.38271634684810313,0.4828801581659705,0.806540709937403,0.8000757674576986,2.309361219406128,2.2485151290893555,0.06084609031677246,0.7535293042659759,False,0.10270463785635847,False
candidate_002541,D0-D2,D0,D2,000,100,4204,4,3,115,116,119,0.36640220614153385,0.47598741001451006,0.8026767353878913,0.7597972260789279,2.2835373878479004,2.2271876335144043,0.056349754333496094,0.7535293042659759,False,0.10262950596850792,False
candidate_002542,D0-D2,D0,D2,000,100,4204,4,10,145,146,156,0.3750731313008946,0.49936698246710554,0.9386998479663154,0.9109722042901004,2.2835373878479004,2.2271876335144043,0.056349754333496094,0.7535293042659759,False,0.10259291552835946,False
candidate_002543,D0-D1,D0,D1,000,010,4208,8,5,340,341,346,0.45929470150770363,0.4828801581659705,0.9666307756468271,0.8000757674576986,2.309361219406128,2.2485151290893555,0.06084609031677246,0.7535293042659759,False,0.10256754430295269,False
candidate_002544,D0-D2,D0,D2,000,100,4201,1,5,274,275,280,0.421506602010029,0.4828801581659705,1.225788749810126,0.8000757674576986,2.2451279163360596,2.2010998725891113,0.04402804374694824,0.7535293042659759,False,0.10255308663856016,False
candidate_002545,D0-D2,D0,D2,000,100,4201,1,3,270,271,274,0.2877983372492361,0.47598741001451006,0.8058664262294534,0.7597972260789279,2.2451279163360596,2.2010998725891113,0.04402804374694824,0.7535293042659759,False,0.1024947893354762,False
candidate_002546,D0-D2,D0,D2,000,100,4204,4,10,2886,2887,2897,0.43735540516144067,0.49936698246710554,1.0917752051263603,0.9109722042901004,2.2835373878479004,2.2271876335144043,0.056349754333496094,0.7535293042659759,False,0.10233054977164609,False
candidate_002547,D0-D2,D0,D2,000,100,4202,2,3,35,36,39,0.4534960170353994,0.47598741001451006,0.837289197228681,0.7597972260789279,2.312088966369629,2.2454304695129395,0.06665849685668945,0.7535293042659759,False,0.10231873038251697,False
candidate_002548,D0-D2,D0,D2,000,100,4202,2,5,314,315,320,0.4548554415670208,0.4828801581659705,0.8693507640164776,0.8000757674576986,2.312088966369629,2.2454304695129395,0.06665849685668945,0.7535293042659759,False,0.10204347947614194,False
candidate_002549,D0-D2,D0,D2,000,100,4204,4,5,2375,2376,2381,0.438732026119707,0.4828801581659705,0.9912760535143434,0.8000757674576986,2.2835373878479004,2.2271876335144043,0.056349754333496094,0.7535293042659759,False,0.10197539620569217,False
candidate_002550,D0-D2,D0,D2,000,100,4202,2,5,333,334,339,0.4564769916557395,0.4828801581659705,0.8714821918236686,0.8000757674576986,2.312088966369629,2.2454304695129395,0.06665849685668945,0.7535293042659759,False,0.10193028490994253,False
candidate_002551,D0-D1,D0,D1,000,010,4208,8,3,410,411,414,0.38745371464066813,0.47598741001451006,0.7801945668561434,0.7597972260789279,2.309361219406128,2.2485151290893555,0.06084609031677246,0.7535293042659759,False,0.10186227839889886,False
candidate_002552,D0-D2,D0,D2,000,100,4204,4,3,2884,2885,2888,0.43527506729550636,0.47598741001451006,0.9447244733737918,0.7597972260789279,2.2835373878479004,2.2271876335144043,0.056349754333496094,0.7535293042659759,False,0.10167894169441709,False
candidate_002553,D0-D2,D0,D2,000,100,4213,13,3,1190,1191,1194,0.45024338819443704,0.47598741001451006,0.7704143230940369,0.7597972260789279,2.2448813915252686,2.17341947555542,0.07146191596984863,0.7535293042659759,False,0.10165980584144375,False
candidate_002554,D0-D2,D0,D2,000,100,4213,13,10,2820,2821,2831,0.4686239107494624,0.49936698246710554,0.9136536838229775,0.9109722042901004,2.2448813915252686,2.17341947555542,0.07146191596984863,0.7535293042659759,False,0.10135527893443823,False
candidate_002555,D0-D2,D0,D2,000,100,4204,4,3,2371,2372,2375,0.3600869933715492,0.47598741001451006,0.778852441009725,0.7597972260789279,2.2835373878479004,2.2271876335144043,0.056349754333496094,0.7535293042659759,False,0.10132984851056555,False
candidate_002556,D0-D2,D0,D2,000,100,4202,2,5,35,36,41,0.46396587757373214,0.4828801581659705,0.8787191941493726,0.8000757674576986,2.312088966369629,2.2454304695129395,0.06665849685668945,0.7535293042659759,False,0.10111781689401683,False
candidate_002557,D0-D2,D0,D2,000,100,4202,2,3,58,59,62,0.4231839617844441,0.47598741001451006,0.7696452940186546,0.7597972260789279,2.312088966369629,2.2454304695129395,0.06665849685668945,0.7535293042659759,False,0.10078932807129039,False
candidate_002558,D0-D2,D0,D2,000,100,4215,15,10,2060,2061,2071,0.4960349286309595,0.49936698246710554,1.0654416371051956,0.9109722042901004,2.30489182472229,2.240429162979126,0.06446266174316406,0.7535293042659759,False,0.10072567626194251,False
candidate_002559,D0-D1,D0,D1,000,010,4208,8,3,640,641,644,0.44672369374762205,0.47598741001451006,0.8893297646541447,0.7597972260789279,2.309361219406128,2.2485151290893555,0.06084609031677246,0.7535293042659759,False,0.10070571877818942,False
candidate_002560,D0-D2,D0,D2,000,100,4204,4,3,2374,2375,2378,0.43377745738533163,0.47598741001451006,0.9322748179805116,0.7597972260789279,2.2835373878479004,2.2271876335144043,0.056349754333496094,0.7535293042659759,False,0.1006854272530006,False
candidate_002561,D0-D2,D0,D2,000,100,4201,1,3,1071,1072,1075,0.37483914941157126,0.47598741001451006,1.029731756997941,0.7597972260789279,2.2451279163360596,2.2010998725891113,0.04402804374694824,0.7535293042659759,False,0.10055557826315503,False
candidate_002562,D0-D2,D0,D2,000,100,4201,1,5,67,68,73,0.4153596027876791,0.4828801581659705,1.1838386568902495,0.8000757674576986,2.2451279163360596,2.2010998725891113,0.04402804374694824,0.7535293042659759,False,0.10050918426846947,False
candidate_002563,D0-D2,D0,D2,000,100,4201,1,3,1070,1071,1074,0.3523651536830995,0.47598741001451006,0.9665252170653057,0.7597972260789279,2.2451279163360596,2.2010998725891113,0.04402804374694824,0.7535293042659759,False,0.10040312749609069,False
candidate_002564,D0-D2,D0,D2,000,100,4213,13,3,2815,2816,2819,0.4681469856848976,0.47598741001451006,0.7903537343516613,0.7597972260789279,2.2448813915252686,2.17341947555542,0.07146191596984863,0.7535293042659759,False,0.10030245195991143,False
candidate_002565,D0-D2,D0,D2,000,100,4204,4,10,146,147,157,0.40409347070154866,0.49936698246710554,0.9834586579931612,0.9109722042901004,2.2835373878479004,2.2271876335144043,0.056349754333496094,0.7535293042659759,False,0.09976560796212497,False
candidate_002566,D0-D2,D0,D2,000,100,4213,13,3,2000,2001,2004,0.4634896675770305,0.47598741001451006,0.776290710619273,0.7597972260789279,2.2448813915252686,2.17341947555542,0.07146191596984863,0.7535293042659759,False,0.09950768066502702,False
candidate_002567,D0-D2,D0,D2,000,100,4204,4,10,2885,2886,2896,0.43430177690818816,0.49936698246710554,1.0536234120947854,0.9109722042901004,2.2835373878479004,2.2271876335144043,0.056349754333496094,0.7535293042659759,False,0.09944899180747668,False
candidate_002568,D0-D2,D0,D2,000,100,4214,14,10,1276,1277,1287,0.2890591477297901,0.49936698246710554,1.0384666460452274,0.9109722042901004,2.262521982192993,2.2244794368743896,0.038042545318603516,0.7535293042659759,False,0.09942370720780547,False
candidate_002569,D0-D2,D0,D2,000,100,4201,1,10,554,555,565,0.42104350222819387,0.49936698246710554,1.306910032910028,0.9109722042901004,2.2451279163360596,2.2010998725891113,0.04402804374694824,0.7535293042659759,False,0.09941746004889752,False
candidate_002570,D0-D1,D0,D1,000,010,4208,8,5,638,639,644,0.41863200304093123,0.4828801581659705,0.8524161862005707,0.8000757674576986,2.309361219406128,2.2485151290893555,0.06084609031677246,0.7535293042659759,False,0.09923389476255827,False
candidate_002571,D0-D2,D0,D2,000,100,4201,1,10,269,270,280,0.3383033875860509,0.49936698246710554,1.0470081071751445,0.9109722042901004,2.2451279163360596,2.2010998725891113,0.04402804374694824,0.7535293042659759,False,0.09912601307164391,False
candidate_002572,D0-D2,D0,D2,000,100,4202,2,10,653,654,664,0.4516240870915381,0.49936698246710554,0.922616553556724,0.9109722042901004,2.312088966369629,2.2454304695129395,0.06665849685668945,0.7535293042659759,False,0.09906362444499084,False
candidate_002573,D0-D2,D0,D2,000,100,4204,4,3,925,926,929,0.4304439579593884,0.47598741001451006,0.9095901051184893,0.7597972260789279,2.2835373878479004,2.2271876335144043,0.056349754333496094,0.7535293042659759,False,0.0989962522872939,False
candidate_002574,D0-D2,D0,D2,000,100,4204,4,5,2008,2009,2014,0.37381179136752035,0.4828801581659705,0.8195170513837424,0.8000757674576986,2.2835373878479004,2.2271876335144043,0.056349754333496094,0.7535293042659759,False,0.09894756745442759,False
candidate_002575,D0-D2,D0,D2,000,100,4215,15,5,690,691,696,0.4706306200229579,0.4828801581659705,0.9018903581844288,0.8000757674576986,2.30489182472229,2.240429162979126,0.06446266174316406,0.7535293042659759,False,0.09894409843341725,False
candidate_002576,D0-D2,D0,D2,000,100,4215,15,3,716,717,720,0.4502963415330871,0.47598741001451006,0.8297786589255143,0.7597972260789279,2.30489182472229,2.240429162979126,0.06446266174316406,0.7535293042659759,False,0.09875741012410716,False
candidate_002577,D0-D2,D0,D2,000,100,4202,2,10,654,655,665,0.4545385165573011,0.49936698246710554,0.9255372380828558,0.9109722042901004,2.312088966369629,2.2454304695129395,0.06665849685668945,0.7535293042659759,False,0.09874003443876982,False
candidate_002578,D0-D2,D0,D2,000,100,4204,4,5,145,146,151,0.4309623110848213,0.4828801581659705,0.942148294747996,0.8000757674576986,2.2835373878479004,2.2271876335144043,0.056349754333496094,0.7535293042659759,False,0.09866885740699763,False
candidate_002579,D0-D2,D0,D2,000,100,4201,1,3,66,67,70,0.3918708619347588,0.47598741001451006,1.055917658257549,0.7597972260789279,2.2451279163360596,2.2010998725891113,0.04402804374694824,0.7535293042659759,False,0.09863114741653484,False
candidate_002580,D0-D2,D0,D2,000,100,4201,1,5,1072,1073,1078,0.42002103991942213,0.4828801581659705,1.174553100943637,0.8000757674576986,2.2451279163360596,2.2010998725891113,0.04402804374694824,0.7535293042659759,False,0.09861411837501197,False
candidate_002581,D0-D2,D0,D2,000,100,4202,2,3,332,333,336,0.44900133985040924,0.47598741001451006,0.7984853995759644,0.7597972260789279,2.312088966369629,2.2454304695129395,0.06665849685668945,0.7535293042659759,False,0.09855359573444618,False
candidate_002582,D0-D2,D0,D2,000,100,4215,15,3,688,689,692,0.45254577195658474,0.47598741001451006,0.831935761859837,0.7597972260789279,2.30489182472229,2.240429162979126,0.06446266174316406,0.7535293042659759,False,0.09852198002503852,False
candidate_002583,D0-D2,D0,D2,000,100,4204,4,10,2010,2011,2021,0.40880341729541514,0.49936698246710554,0.9802398057799888,0.9109722042901004,2.2835373878479004,2.2271876335144043,0.056349754333496094,0.7535293042659759,False,0.09829340856362022,False
candidate_002584,D0-D2,D0,D2,000,100,4201,1,5,64,65,70,0.3218886824425119,0.4828801581659705,0.8971783512635582,0.8000757674576986,2.2451279163360596,2.2010998725891113,0.04402804374694824,0.7535293042659759,False,0.09829027832706173,False
candidate_002585,D0-D1,D0,D1,000,010,4208,8,5,341,342,347,0.4828528997516994,0.4828801581659705,0.9727056613306168,0.8000757674576986,2.309361219406128,2.2485151290893555,0.06084609031677246,0.7535293042659759,False,0.09817646138173237,False
candidate_002586,D0-D2,D0,D2,000,100,4202,2,3,312,313,316,0.4309614972788219,0.47598741001451006,0.7616602622713489,0.7597972260789279,2.312088966369629,2.2454304695129395,0.06665849685668945,0.7535293042659759,False,0.09794357641997549,False
candidate_002587,D0-D2,D0,D2,000,100,4201,1,5,553,554,559,0.410218694917414,0.4828801581659705,1.1393272940808679,0.8000757674576986,2.2451279163360596,2.2010998725891113,0.04402804374694824,0.7535293042659759,False,0.09794235435979051,False
candidate_002588,D0-D2,D0,D2,000,100,4202,2,3,313,314,317,0.46808610031279274,0.47598741001451006,0.8272187269912997,0.7597972260789279,2.312088966369629,2.2454304695129395,0.06665849685668945,0.7535293042659759,False,0.09793721371359816,False
candidate_002589,D0-D2,D0,D2,000,100,4202,2,10,38,39,49,0.4742979280470162,0.49936698246710554,0.9578213359934894,0.9109722042901004,2.312088966369629,2.2454304695129395,0.06665849685668945,0.7535293042659759,False,0.09792720230116242,False
candidate_002590,D0-D2,D0,D2,000,100,4215,15,5,689,690,695,0.4719035187309112,0.4828801581659705,0.8932499994240136,0.8000757674576986,2.30489182472229,2.240429162979126,0.06446266174316406,0.7535293042659759,False,0.09773185460003048,False
candidate_002591,D0-D2,D0,D2,000,100,4215,15,5,716,717,722,0.46065769875202295,0.4828801581659705,0.8713538655478403,0.8000757674576986,2.30489182472229,2.240429162979126,0.06446266174316406,0.7535293042659759,False,0.09766356196235065,False
candidate_002592,D0-D2,D0,D2,000,100,4204,4,3,2982,2983,2986,0.42917465160412843,0.47598741001451006,0.8941545292393773,0.7597972260789279,2.2835373878479004,2.2271876335144043,0.056349754333496094,0.7535293042659759,False,0.09760412222420138,False
candidate_002593,D0-D2,D0,D2,000,100,4204,4,3,1553,1554,1557,0.4169948667913874,0.47598741001451006,0.8680505769646941,0.7597972260789279,2.2835373878479004,2.2271876335144043,0.056349754333496094,0.7535293042659759,False,0.09752230641277154,False
candidate_002594,D0-D2,D0,D2,000,100,4204,4,10,2983,2984,2994,0.3945115034324057,0.49936698246710554,0.9385292456422778,0.9109722042901004,2.2835373878479004,2.2271876335144043,0.056349754333496094,0.7535293042659759,False,0.09752023018598087,False
candidate_002595,D0-D2,D0,D2,000,100,4204,4,10,147,148,158,0.4345886413017605,0.49936698246710554,1.0333895262465085,0.9109722042901004,2.2835373878479004,2.2271876335144043,0.056349754333496094,0.7535293042659759,False,0.09747477985283642,False
candidate_002596,D0-D2,D0,D2,000,100,4215,15,5,691,692,697,0.4827899161425924,0.4828801581659705,0.9090620733433209,0.8000757674576986,2.30489182472229,2.240429162979126,0.06446266174316406,0.7535293042659759,False,0.09721911868891153,False
candidate_002597,D0-D2,D0,D2,000,100,4204,4,3,2008,2009,2012,0.41977858043354666,0.47598741001451006,0.8699717558812049,0.7597972260789279,2.2835373878479004,2.2271876335144043,0.056349754333496094,0.7535293042659759,False,0.09709000451346438,False
candidate_002598,D0-D2,D0,D2,000,100,4201,1,10,66,67,77,0.37986466669372715,0.49936698246710554,1.1514799606841115,0.9109722042901004,2.2451279163360596,2.2010998725891113,0.04402804374694824,0.7535293042659759,False,0.09708931252577474,False
candidate_002599,D0-D2,D0,D2,000,100,4204,4,5,2881,2882,2887,0.4041780768702414,0.4828801581659705,0.8690828855587384,0.8000757674576986,2.2835373878479004,2.2271876335144043,0.056349754333496094,0.7535293042659759,False,0.09704844222088368,False
candidate_002600,D0-D2,D0,D2,000,100,4201,1,5,1071,1072,1077,0.4026133846125368,0.4828801581659705,1.1074235334111906,0.8000757674576986,2.2451279163360596,2.2010998725891113,0.04402804374694824,0.7535293042659759,False,0.09699805505556408,False
candidate_002601,D0-D2,D0,D2,000,100,4201,1,10,67,68,78,0.39431948573318065,0.49936698246710554,1.1939498966231172,0.9109722042901004,2.2451279163360596,2.2010998725891113,0.04402804374694824,0.7535293042659759,False,0.09697991619115952,False
candidate_002602,D0-D2,D0,D2,000,100,4214,14,3,105,106,109,0.2532123666097942,0.47598741001451006,0.7750783266648705,0.7597972260789279,2.262521982192993,2.2244794368743896,0.038042545318603516,0.7535293042659759,False,0.09681170369234787,False
candidate_002603,D0-D2,D0,D2,000,100,4201,1,10,549,550,560,0.3531979423520032,0.49936698246710554,1.065933870426577,0.9109722042901004,2.2451279163360596,2.2010998725891113,0.04402804374694824,0.7535293042659759,False,0.09666205824292079,False
candidate_002604,D0-D2,D0,D2,000,100,4202,2,10,655,656,666,0.46625290113689555,0.49936698246710554,0.9283460549916813,0.9109722042901004,2.312088966369629,2.2454304695129395,0.06665849685668945,0.7535293042659759,False,0.09655136474083986,False
candidate_002605,D0-D2,D0,D2,000,100,4204,4,10,2011,2012,2022,0.4404284121774923,0.49936698246710554,1.0360429440008427,0.9109722042901004,2.2835373878479004,2.2271876335144043,0.056349754333496094,0.7535293042659759,False,0.09642929868910517,False
candidate_002606,D0-D2,D0,D2,000,100,4204,4,10,2984,2985,2995,0.3986235576847262,0.49936698246710554,0.9366709729674275,0.9109722042901004,2.2835373878479004,2.2271876335144043,0.056349754333496094,0.7535293042659759,False,0.0963231506560785,False
candidate_002607,D0-D2,D0,D2,000,100,4202,2,5,315,316,321,0.475931008524183,0.4828801581659705,0.856129806420128,0.8000757674576986,2.312088966369629,2.2454304695129395,0.06665849685668945,0.7535293042659759,False,0.09604156520589634,False
candidate_002608,D0-D2,D0,D2,000,100,4201,1,10,2347,2348,2358,0.3327745646032538,0.49936698246710554,0.9943309621402573,0.9109722042901004,2.2451279163360596,2.2010998725891113,0.04402804374694824,0.7535293042659759,False,0.09570282992748427,False
candidate_002609,D0-D2,D0,D2,000,100,4204,4,5,2884,2885,2890,0.4091716653823444,0.4828801581659705,0.866811144647606,0.8000757674576986,2.2835373878479004,2.2271876335144043,0.056349754333496094,0.7535293042659759,False,0.09561346537247545,False
candidate_002610,D0-D2,D0,D2,000,100,4202,2,5,652,653,658,0.45597182929391433,0.4828801581659705,0.8162679467452302,0.8000757674576986,2.312088966369629,2.2454304695129395,0.06665849685668945,0.7535293042659759,False,0.09557808927273102,False
candidate_002611,D0-D2,D0,D2,000,100,4204,4,5,2371,2372,2377,0.4039790123902893,0.4828801581659705,0.8544735464014274,0.8000757674576986,2.2835373878479004,2.2271876335144043,0.056349754333496094,0.7535293042659759,False,0.09546406932523846,False
candidate_002612,D0-D2,D0,D2,000,100,4204,4,10,2884,2885,2895,0.42832763212215247,0.49936698246710554,0.9963658292610135,0.9109722042901004,2.2835373878479004,2.2271876335144043,0.056349754333496094,0.7535293042659759,False,0.09535628238970889,False
candidate_002613,D0-D2,D0,D2,000,100,4204,4,10,2883,2884,2894,0.4208925683771184,0.49936698246710554,0.9785849943771132,0.9109722042901004,2.2835373878479004,2.2271876335144043,0.056349754333496094,0.7535293042659759,False,0.09530899126398927,False
candidate_002614,D0-D2,D0,D2,000,100,4215,15,3,690,691,694,0.4730393078055016,0.47598741001451006,0.8389025016469135,0.7597972260789279,2.30489182472229,2.240429162979126,0.06446266174316406,0.7535293042659759,False,0.09504299397790233,False
candidate_002615,D0-D2,D0,D2,000,100,4201,1,10,68,69,79,0.41074962099379553,0.49936698246710554,1.217509814776723,0.9109722042901004,2.2451279163360596,2.2010998725891113,0.04402804374694824,0.7535293042659759,False,0.0949378168109453,False
candidate_002616,D0-D2,D0,D2,000,100,4204,4,3,144,145,148,0.4208282820745957,0.47598741001451006,0.8522675144811782,0.7597972260789279,2.2835373878479004,2.2271876335144043,0.056349754333496094,0.7535293042659759,False,0.0948769376156501,False
candidate_002617,D0-D2,D0,D2,000,100,4202,2,10,656,657,667,0.48173821665502986,0.49936698246710554,0.9409833378147325,0.9109722042901004,2.312088966369629,2.2454304695129395,0.06665849685668945,0.7535293042659759,False,0.09471982794737432,False
candidate_002618,D0-D2,D0,D2,000,100,4201,1,10,919,920,930,0.41823430335065837,0.49936698246710554,1.236448049312402,0.9109722042901004,2.2451279163360596,2.2010998725891113,0.04402804374694824,0.7535293042659759,False,0.0946891382508694,False
candidate_002619,D0-D2,D0,D2,000,100,4201,1,10,920,921,931,0.4327073376562584,0.49936698246710554,1.2775621167673659,0.9109722042901004,2.2451279163360596,2.2010998725891113,0.04402804374694824,0.7535293042659759,False,0.0945652786057693,False
candidate_002620,D0-D1,D0,D1,000,010,4208,8,3,41,42,45,0.4259962577455858,0.47598741001451006,0.795849745868821,0.7597972260789279,2.309361219406128,2.2485151290893555,0.06084609031677246,0.7535293042659759,False,0.09450517514284307,False
candidate_002621,D0-D2,D0,D2,000,100,4204,4,5,2983,2984,2989,0.41203510369779434,0.4828801581659705,0.8625705406901442,0.8000757674576986,2.2835373878479004,2.2271876335144043,0.056349754333496094,0.7535293042659759,False,0.09448449105867442,False
candidate_002622,D0-D2,D0,D2,000,100,4201,1,10,65,66,76,0.3706381592186013,0.49936698246710554,1.0889376865807878,0.9109722042901004,2.2451279163360596,2.2010998725891113,0.04402804374694824,0.7535293042659759,False,0.09410156344560694,False
candidate_002623,D0-D2,D0,D2,000,100,4202,2,5,316,317,322,0.4811711371962537,0.4828801581659705,0.844266754208761,0.8000757674576986,2.312088966369629,2.2454304695129395,0.06665849685668945,0.7535293042659759,False,0.0936793206441342,False
candidate_002624,D0-D2,D0,D2,000,100,4204,4,10,2985,2986,2996,0.4165179308050096,0.49936698246710554,0.9514348910513101,0.9109722042901004,2.2835373878479004,2.2271876335144043,0.056349754333496094,0.7535293042659759,False,0.09363796143703976,False
candidate_002625,D0-D2,D0,D2,000,100,4201,1,10,2348,2349,2359,0.3484120905559739,0.49936698246710554,1.0183460782797789,0.9109722042901004,2.2451279163360596,2.2010998725891113,0.04402804374694824,0.7535293042659759,False,0.09361514595443442,False
candidate_002626,D0-D2,D0,D2,000,100,4201,1,10,918,919,929,0.4030684418211675,0.49936698246710554,1.1778870045679526,0.9109722042901004,2.2451279163360596,2.2010998725891113,0.04402804374694824,0.7535293042659759,False,0.09359847541947693,False
candidate_002627,D0-D2,D0,D2,000,100,4204,4,10,2012,2013,2023,0.46461807643063974,0.49936698246710554,1.0595552975806581,0.9109722042901004,2.2835373878479004,2.2271876335144043,0.056349754333496094,0.7535293042659759,False,0.09348331476897853,False
candidate_002628,D0-D2,D0,D2,000,100,4204,4,10,927,928,938,0.4252627175174833,0.49936698246710554,0.9692132365159187,0.9109722042901004,2.2835373878479004,2.2271876335144043,0.056349754333496094,0.7535293042659759,False,0.09342618287320996,False
candidate_002629,D0-D2,D0,D2,000,100,4204,4,10,148,149,159,0.46796868084974774,0.49936698246710554,1.0654522298826108,0.9109722042901004,2.2835373878479004,2.2271876335144043,0.056349754333496094,0.7535293042659759,False,0.09333053873191118,False
candidate_002630,D0-D2,D0,D2,000,100,4204,4,10,2882,2883,2893,0.4205680489228247,0.49936698246710554,0.9547681451241626,0.9109722042901004,2.2835373878479004,2.2271876335144043,0.056349754333496094,0.7535293042659759,False,0.09306110900279176,False
candidate_002631,D0-D2,D0,D2,000,100,4204,4,10,1555,1556,1566,0.40630020753871654,0.49936698246710554,0.9222523553977839,0.9109722042901004,2.2835373878479004,2.2271876335144043,0.056349754333496094,0.7535293042659759,False,0.09304848523824788,False
candidate_002632,D0-D2,D0,D2,000,100,4204,4,3,2983,2984,2987,0.4494330941831036,0.47598741001451006,0.8916184770682704,0.7597972260789279,2.2835373878479004,2.2271876335144043,0.056349754333496094,0.7535293042659759,False,0.09294021091372166,False
candidate_002633,D0-D2,D0,D2,000,100,4215,15,3,714,715,718,0.45384936374972523,0.47598741001451006,0.7847869719497187,0.7597972260789279,2.30489182472229,2.240429162979126,0.06446266174316406,0.7535293042659759,False,0.09267143831402859,False
candidate_002634,D0-D2,D0,D2,000,100,4215,15,5,714,715,720,0.46900061395817877,0.4828801581659705,0.8417680576962138,0.8000757674576986,2.30489182472229,2.240429162979126,0.06446266174316406,0.7535293042659759,False,0.09266918887787326,False
candidate_002635,D0-D1,D0,D1,000,010,4208,8,3,40,41,44,0.4158748331884317,0.47598741001451006,0.7612912548370341,0.7597972260789279,2.309361219406128,2.2485151290893555,0.06084609031677246,0.7535293042659759,False,0.09260160085284484,False
candidate_002636,D0-D2,D0,D2,000,100,4201,1,10,917,918,928,0.3801399633150104,0.49936698246710554,1.0987097415383411,0.9109722042901004,2.2451279163360596,2.2010998725891113,0.04402804374694824,0.7535293042659759,False,0.09257279740092755,False
candidate_002637,D0-D2,D0,D2,000,100,4204,4,10,2013,2014,2024,0.4867474036828696,0.49936698246710554,1.0973075675097823,0.9109722042901004,2.2835373878479004,2.2271876335144043,0.056349754333496094,0.7535293042659759,False,0.09241262555342396,False
candidate_002638,D0-D2,D0,D2,000,100,4215,15,5,715,716,721,0.45454254636363495,0.4828801581659705,0.8115507638855406,0.8000757674576986,2.30489182472229,2.240429162979126,0.06446266174316406,0.7535293042659759,False,0.0921844102396828,False
candidate_002639,D0-D2,D0,D2,000,100,4214,14,10,1282,1283,1293,0.39146063353372074,0.49936698246710554,1.2965780865609768,0.9109722042901004,2.262521982192993,2.2244794368743896,0.038042545318603516,0.7535293042659759,False,0.09166313380955773,False
candidate_002640,D0-D2,D0,D2,000,100,4204,4,5,146,147,152,0.45537956780081806,0.4828801581659705,0.9233260874679046,0.8000757674576986,2.2835373878479004,2.2271876335144043,0.056349754333496094,0.7535293042659759,False,0.09151276759387282,False
candidate_002641,D0-D2,D0,D2,000,100,4204,4,3,2885,2886,2889,0.46949956512259466,0.47598741001451006,0.9165375187621103,0.7597972260789279,2.2835373878479004,2.2271876335144043,0.056349754333496094,0.7535293042659759,False,0.09145441917998826,False
candidate_002642,D0-D2,D0,D2,000,100,4201,1,10,916,917,927,0.35689826830321286,0.49936698246710554,1.0181034097394992,0.9109722042901004,2.2451279163360596,2.2010998725891113,0.04402804374694824,0.7535293042659759,False,0.09136742642096013,False
candidate_002643,D0-D2,D0,D2,000,100,4201,1,10,2346,2347,2357,0.3289369722728681,0.49936698246710554,0.9352930810031871,0.9109722042901004,2.2451279163360596,2.2010998725891113,0.04402804374694824,0.7535293042659759,False,0.09107076232203518,False
candidate_002644,D0-D2,D0,D2,000,100,4204,4,5,117,118,123,0.4038908644014107,0.4828801581659705,0.8143530948570274,0.8000757674576986,2.2835373878479004,2.2271876335144043,0.056349754333496094,0.7535293042659759,False,0.09100156169181534,False
candidate_002645,D0-D2,D0,D2,000,100,4201,1,10,915,916,926,0.33985494952219214,0.49936698246710554,0.9652901716603496,0.9109722042901004,2.2451279163360596,2.2010998725891113,0.04402804374694824,0.7535293042659759,False,0.09097210125396284,False
candidate_002646,D0-D2,D0,D2,000,100,4201,1,10,921,922,932,0.45412533710747843,0.49936698246710554,1.2891893443132232,0.9109722042901004,2.2451279163360596,2.2010998725891113,0.04402804374694824,0.7535293042659759,False,0.09092533606639036,False
candidate_002647,D0-D2,D0,D2,000,100,4201,1,5,269,270,275,0.3229463748492099,0.4828801581659705,0.8305985154211903,0.8000757674576986,2.2451279163360596,2.2010998725891113,0.04402804374694824,0.7535293042659759,False,0.09069810707649663,False
candidate_002648,D0-D2,D0,D2,000,100,4204,4,5,1083,1084,1089,0.44238336963392866,0.4828801581659705,0.8870652197999266,0.8000757674576986,2.2835373878479004,2.2271876335144043,0.056349754333496094,0.7535293042659759,False,0.09050173050476407,False
candidate_002649,D0-D2,D0,D2,000,100,4204,4,5,2886,2887,2892,0.46818755112169425,0.4828801581659705,0.9381038734956978,0.8000757674576986,2.2835373878479004,2.2271876335144043,0.056349754333496094,0.7535293042659759,False,0.09043388566251044,False
candidate_002650,D0-D2,D0,D2,000,100,4211,11,5,137,138,143,0.32743502827643456,0.4828801581659705,0.8057584491887743,0.8000757674576986,2.2977540493011475,2.251917600631714,0.045836448669433594,0.7535293042659759,False,0.09034389072100152,False
candidate_002651,D0-D2,D0,D2,000,100,4205,5,5,1658,1659,1664,0.1585155812783741,0.4828801581659705,0.8415948926588785,0.8000757674576986,2.2415318489074707,2.2202963829040527,0.02123546600341797,0.7535293042659759,False,0.09030276050135724,False
candidate_002652,D0-D2,D0,D2,000,100,4201,1,10,2349,2350,2360,0.3698454043380453,0.49936698246710554,1.0427116168316175,0.9109722042901004,2.2451279163360596,2.2010998725891113,0.04402804374694824,0.7535293042659759,False,0.09030003661309675,False
candidate_002653,D0-D2,D0,D2,000,100,4201,1,3,65,66,69,0.3404906820320355,0.47598741001451006,0.8385619468807839,0.7597972260789279,2.2451279163360596,2.2010998725891113,0.04402804374694824,0.7535293042659759,False,0.0901481719076165,False
candidate_002654,D0-D2,D0,D2,000,100,4201,1,3,1405,1406,1409,0.3703897105354438,0.47598741001451006,0.9120068078203739,0.7597972260789279,2.2451279163360596,2.2010998725891113,0.04402804374694824,0.7535293042659759,False,0.09012933602975381,False
candidate_002655,D0-D2,D0,D2,000,100,4204,4,5,144,145,150,0.41328886714418533,0.4828801581659705,0.8246077832256219,0.8000757674576986,2.2835373878479004,2.2271876335144043,0.056349754333496094,0.7535293042659759,False,0.09005210044010352,False
candidate_002656,D0-D2,D0,D2,000,100,4201,1,10,268,269,279,0.34441386003058816,0.49936698246710554,0.966837832570346,0.9109722042901004,2.2451279163360596,2.2010998725891113,0.04402804374694824,0.7535293042659759,False,0.08991185480228951,False
candidate_002657,D0-D2,D0,D2,000,100,4201,1,3,67,68,71,0.4712134883038966,0.47598741001451006,1.1568946990045268,0.7597972260789279,2.2451279163360596,2.2010998725891113,0.04402804374694824,0.7535293042659759,False,0.08986759564588478,False
candidate_002658,D0-D2,D0,D2,000,100,4201,1,10,2350,2351,2361,0.39014059212513835,0.49936698246710554,1.0930843662151948,0.9109722042901004,2.2451279163360596,2.2010998725891113,0.04402804374694824,0.7535293042659759,False,0.08973802043536619,False
candidate_002659,D0-D2,D0,D2,000,100,4204,4,10,2986,2987,2997,0.44219873119199926,0.49936698246710554,0.9672580960279447,0.9109722042901004,2.2835373878479004,2.2271876335144043,0.056349754333496094,0.7535293042659759,False,0.08966675641864892,False
candidate_002660,D0-D2,D0,D2,000,100,4201,1,3,21,22,25,0.3210477043780494,0.47598741001451006,0.786164862649317,0.7597972260789279,2.2451279163360596,2.2010998725891113,0.04402804374694824,0.7535293042659759,False,0.08963364659479227,False
candidate_002661,D0-D1,D0,D1,000,010,4208,8,10,48,49,59,0.4876662133350187,0.49936698246710554,0.9833998850172938,0.9109722042901004,2.309361219406128,2.2485151290893555,0.06084609031677246,0.7535293042659759,False,0.08925955448476697,False
candidate_002662,D0-D2,D0,D2,000,100,4201,1,10,64,65,75,0.3671020279975646,0.49936698246710554,1.022926141094177,0.9109722042901004,2.2451279163360596,2.2010998725891113,0.04402804374694824,0.7535293042659759,False,0.08924860456352918,False
candidate_002663,D0-D2,D0,D2,000,100,4214,14,3,1281,1282,1285,0.42733889224920035,0.47598741001451006,1.2053553362218352,0.7597972260789279,2.262521982192993,2.2244794368743896,0.038042545318603516,0.7535293042659759,False,0.08920924364275407,False
candidate_002664,D0-D2,D0,D2,000,100,4201,1,3,1404,1405,1408,0.3608902051091855,0.47598741001451006,0.8795173340914992,0.7597972260789279,2.2451279163360596,2.2010998725891113,0.04402804374694824,0.7535293042659759,False,0.089206461556756,False
candidate_002665,D0-D2,D0,D2,000,100,4215,15,3,44,45,48,0.4604734123763011,0.47598741001451006,0.7660458901309352,0.7597972260789279,2.30489182472229,2.240429162979126,0.06446266174316406,0.7535293042659759,False,0.08915712948124106,False
candidate_002666,D0-D1,D0,D1,000,010,4208,8,5,642,643,648,0.46178231439352074,0.4828801581659705,0.8403248978320097,0.8000757674576986,2.309361219406128,2.2485151290893555,0.06084609031677246,0.7535293042659759,False,0.08868511024379046,False
candidate_002667,D0-D2,D0,D2,000,100,4211,11,10,1546,1547,1557,0.36273631926374844,0.49936698246710554,0.9644879106616085,0.9109722042901004,2.2977540493011475,2.251917600631714,0.045836448669433594,0.7535293042659759,False,0.08866072126259802,False
candidate_002668,D0-D1,D0,D1,000,010,4208,8,3,1768,1769,1772,0.47204614216875346,0.47598741001451006,0.8265984020264499,0.7597972260789279,2.309361219406128,2.2485151290893555,0.06084609031677246,0.7535293042659759,False,0.08858096395139992,False
candidate_002669,D0-D2,D0,D2,000,100,4214,14,10,1275,1276,1286,0.2965131975565555,0.49936698246710554,0.9480046225320792,0.9109722042901004,2.262521982192993,2.2244794368743896,0.038042545318603516,0.7535293042659759,False,0.08848110649446761,False
candidate_002670,D0-D2,D0,D2,000,100,4204,4,5,2984,2985,2990,0.4485689565664372,0.4828801581659705,0.8791031771686645,0.8000757674576986,2.2835373878479004,2.2271876335144043,0.056349754333496094,0.7535293042659759,False,0.08845263174672369,False
candidate_002671,D0-D2,D0,D2,000,100,4201,1,3,1072,1073,1076,0.4581623446494103,0.47598741001451006,1.1041788627885758,0.7597972260789279,2.2451279163360596,2.2010998725891113,0.04402804374694824,0.7535293042659759,False,0.08821593499137316,False
candidate_002672,D0-D2,D0,D2,000,100,4214,14,5,807,808,813,0.39074771505730527,0.4828801581659705,1.131175496651064,0.8000757674576986,2.262521982192993,2.2244794368743896,0.038042545318603516,0.7535293042659759,False,0.08820865613628777,False
candidate_002673,D0-D2,D0,D2,000,100,4201,1,5,1073,1074,1079,0.4799368215512077,0.4828801581659705,1.196785518874507,0.8000757674576986,2.2451279163360596,2.2010998725891113,0.04402804374694824,0.7535293042659759,False,0.08793661439794626,False
candidate_002674,D0-D2,D0,D2,000,100,4214,14,3,807,808,811,0.39287845590601533,0.47598741001451006,1.0907364021964616,0.7597972260789279,2.262521982192993,2.2244794368743896,0.038042545318603516,0.7535293042659759,False,0.08780692642948047,False
candidate_002675,D0-D1,D0,D1,000,010,4208,8,10,415,416,426,0.4727080650555785,0.49936698246710554,0.9314346554632297,0.9109722042901004,2.309361219406128,2.2485151290893555,0.06084609031677246,0.7535293042659759,False,0.08721809764096906,False
candidate_002676,D0-D2,D0,D2,000,100,4214,14,10,807,808,818,0.38154604918657253,0.49936698246710554,1.2016904076618085,0.9109722042901004,2.262521982192993,2.2244794368743896,0.038042545318603516,0.7535293042659759,False,0.08716251477773762,False
candidate_002677,D0-D2,D0,D2,000,100,4201,1,5,2348,2349,2354,0.36951493653762657,0.4828801581659705,0.9131947309788562,0.8000757674576986,2.2451279163360596,2.2010998725891113,0.04402804374694824,0.7535293042659759,False,0.08715029978058712,False
candidate_002678,D0-D2,D0,D2,000,100,4211,11,5,138,139,144,0.3579475766471493,0.4828801581659705,0.8496091151268017,0.8000757674576986,2.2977540493011475,2.251917600631714,0.045836448669433594,0.7535293042659759,False,0.08714024880802985,False
candidate_002679,D0-D2,D0,D2,000,100,4204,4,3,117,118,121,0.4406991694058598,0.47598741001451006,0.8194022327673522,0.7597972260789279,2.2835373878479004,2.2271876335144043,0.056349754333496094,0.7535293042659759,False,0.08710529454079464,False
candidate_002680,D0-D2,D0,D2,000,100,4201,1,5,2347,2348,2353,0.3495581401074544,0.4828801581659705,0.8618480631901756,0.8000757674576986,2.2451279163360596,2.2010998725891113,0.04402804374694824,0.7535293042659759,False,0.08694583377370235,False
candidate_002681,D0-D2,D0,D2,000,100,4211,11,3,140,141,144,0.3955280950779535,0.47598741001451006,0.9019797600963732,0.7597972260789279,2.2977540493011475,2.251917600631714,0.045836448669433594,0.7535293042659759,False,0.0869016519348171,False
candidate_002682,D0-D2,D0,D2,000,100,4214,14,10,808,809,819,0.4005296649968507,0.49936698246710554,1.2559206792983884,0.9109722042901004,2.262521982192993,2.2244794368743896,0.038042545318603516,0.7535293042659759,False,0.08677840075655815,False
candidate_002683,D0-D2,D0,D2,000,100,4201,1,10,69,70,80,0.4504646765397539,0.49936698246710554,1.218586818285196,0.9109722042901004,2.2451279163360596,2.2010998725891113,0.04402804374694824,0.7535293042659759,False,0.08664423582078587,False
candidate_002684,D0-D2,D0,D2,000,100,4204,4,10,928,929,939,0.4740516320942954,0.49936698246710554,1.0011283229474481,0.9109722042901004,2.2835373878479004,2.2271876335144043,0.056349754333496094,0.7535293042659759,False,0.08657065046277511,False
candidate_002685,D0-D2,D0,D2,000,100,4204,4,10,1556,1557,1567,0.45285685183473684,0.49936698246710554,0.9553561137102574,0.9109722042901004,2.2835373878479004,2.2271876335144043,0.056349754333496094,0.7535293042659759,False,0.08647905250436129,False
candidate_002686,D0-D2,D0,D2,000,100,4201,1,5,1070,1071,1076,0.433282479731941,0.4828801581659705,1.0611589692717762,0.8000757674576986,2.2451279163360596,2.2010998725891113,0.04402804374694824,0.7535293042659759,False,0.08636679577880639,False
candidate_002687,D0-D2,D0,D2,000,100,4204,4,3,145,146,149,0.44388810592072603,0.47598741001451006,0.815870244671337,0.7597972260789279,2.2835373878479004,2.2271876335144043,0.056349754333496094,0.7535293042659759,False,0.08610675619595314,False
candidate_002688,D0-D1,D0,D1,000,010,4208,8,10,47,48,58,0.4764706732631044,0.49936698246710554,0.9258243046087833,0.9109722042901004,2.309361219406128,2.2485151290893555,0.06084609031677246,0.7535293042659759,False,0.08600815509359039,False
candidate_002689,D0-D1,D0,D1,000,010,4208,8,3,597,598,601,0.46453485981847403,0.47598741001451006,0.7897414736970895,0.7597972260789279,2.309361219406128,2.2485151290893555,0.06084609031677246,0.7535293042659759,False,0.08599969858224923,False
candidate_002690,D0-D2,D0,D2,000,100,4205,5,10,1660,1661,1671,0.20070670312692718,0.49936698246710554,1.112602113183393,0.9109722042901004,2.2415318489074707,2.2202963829040527,0.02123546600341797,0.7535293042659759,False,0.08563560115611006,False
candidate_002691,D0-D2,D0,D2,000,100,4204,4,5,2880,2881,2886,0.4326546234397099,0.4828801581659705,0.8186230660849456,0.8000757674576986,2.2835373878479004,2.2271876335144043,0.056349754333496094,0.7535293042659759,False,0.08539702721578357,False
candidate_002692,D0-D2,D0,D2,000,100,4201,1,5,68,69,74,0.46608771582296976,0.4828801581659705,1.1271342934798942,0.8000757674576986,2.2451279163360596,2.2010998725891113,0.04402804374694824,0.7535293042659759,False,0.08527966647732987,False
candidate_002693,D0-D2,D0,D2,000,100,4214,14,5,1103,1104,1109,0.3808078775474405,0.4828801581659705,1.0653396187070738,0.8000757674576986,2.262521982192993,2.2244794368743896,0.038042545318603516,0.7535293042659759,False,0.08524321444787923,False
candidate_002694,D0-D2,D0,D2,000,100,4214,14,10,806,807,817,0.38095852219194404,0.49936698246710554,1.172807875308992,0.9109722042901004,2.262521982192993,2.2244794368743896,0.038042545318603516,0.7535293042659759,False,0.08519876479869891,False
candidate_002695,D0-D2,D0,D2,000,100,4214,14,5,806,807,812,0.3730609909724085,0.4828801581659705,1.0426812036329738,0.8000757674576986,2.262521982192993,2.2244794368743896,0.038042545318603516,0.7535293042659759,False,0.08516268961096146,False
candidate_002696,D0-D2,D0,D2,000,100,4204,4,10,2987,2988,2998,0.47475774565257006,0.49936698246710554,0.9834559938514816,0.9109722042901004,2.2835373878479004,2.2271876335144043,0.056349754333496094,0.7535293042659759,False,0.08491598491411068,False
candidate_002697,D0-D2,D0,D2,000,100,4201,1,10,2351,2352,2362,0.41939230345616246,0.49936698246710554,1.111776888343532,0.9109722042901004,2.2451279163360596,2.2010998725891113,0.04402804374694824,0.7535293042659759,False,0.08490653667371506,False
candidate_002698,D0-D2,D0,D2,000,100,4204,4,3,2984,2985,2988,0.4719503760610902,0.47598741001451006,0.8550330668036304,0.7597972260789279,2.2835373878479004,2.2271876335144043,0.056349754333496094,0.7535293042659759,False,0.08487430219558716,False
candidate_002699,D0-D2,D0,D2,000,100,4222,22,10,43,44,54,0.289695708183592,0.49936698246710554,0.9429090973288551,0.9109722042901004,2.2318451404571533,2.2676846981048584,0.03583955764770508,0.7535293042659759,False,0.08486037703472485,False
candidate_002700,D0-D2,D0,D2,000,100,4201,1,5,1405,1406,1411,0.3805882506070365,0.4828801581659705,0.9151131158276888,0.8000757674576986,2.2451279163360596,2.2010998725891113,0.04402804374694824,0.7535293042659759,False,0.08479239252832761,False
candidate_002701,D0-D2,D0,D2,000,100,4201,1,10,275,276,286,0.46359064341590084,0.49936698246710554,1.2271241858056479,0.9109722042901004,2.2451279163360596,2.2010998725891113,0.04402804374694824,0.7535293042659759,False,0.08478085552218213,False
candidate_002702,D0-D2,D0,D2,000,100,4201,1,5,2349,2350,2355,0.39964966223658144,0.4828801581659705,0.9604879963854971,0.8000757674576986,2.2451279163360596,2.2010998725891113,0.04402804374694824,0.7535293042659759,False,0.08475200435242589,False
candidate_002703,D0-D2,D0,D2,000,100,4204,4,5,2376,2377,2382,0.47217603656760265,0.4828801581659705,0.8852258911733658,0.8000757674576986,2.2835373878479004,2.2271876335144043,0.056349754333496094,0.7535293042659759,False,0.08461557100173737,False
candidate_002704,D0-D1,D0,D1,000,010,4208,8,3,1767,1768,1771,0.4712417070106153,0.47598741001451006,0.7869836648310455,0.7597972260789279,2.309361219406128,2.2485151290893555,0.06084609031677246,0.7535293042659759,False,0.08447968596300119,False
candidate_002705,D0-D2,D0,D2,000,100,4204,4,5,2885,2886,2891,0.43594270686348463,0.4828801581659705,0.8148088801768267,0.8000757674576986,2.2835373878479004,2.2271876335144043,0.056349754333496094,0.7535293042659759,False,0.08435803621425793,False
candidate_002706,D0-D2,D0,D2,000,100,4204,4,10,1557,1558,1568,0.4924411387183316,0.49936698246710554,1.011641383158488,0.9109722042901004,2.2835373878479004,2.2271876335144043,0.056349754333496094,0.7535293042659759,False,0.08421294173057489,False
candidate_002707,D0-D2,D0,D2,000,100,4204,4,10,2377,2378,2388,0.4457995341341383,0.49936698246710554,0.9144597946047701,0.9109722042901004,2.2835373878479004,2.2271876335144043,0.056349754333496094,0.7535293042659759,False,0.08408752779306708,False
candidate_002708,D0-D2,D0,D2,000,100,4204,4,3,118,119,122,0.4542374078058543,0.47598741001451006,0.813789638507605,0.7597972260789279,2.2835373878479004,2.2271876335144043,0.056349754333496094,0.7535293042659759,False,0.08393032440547199,False
candidate_002709,D0-D2,D0,D2,000,100,4214,14,5,1102,1103,1108,0.36909996399751854,0.4828801581659705,1.0160728169470221,0.8000757674576986,2.262521982192993,2.2244794368743896,0.038042545318603516,0.7535293042659759,False,0.0838800139046433,False
candidate_002710,D0-D2,D0,D2,000,100,4201,1,10,63,64,74,0.3704756233174525,0.49936698246710554,0.9690427288854583,0.9109722042901004,2.2451279163360596,2.2010998725891113,0.04402804374694824,0.7535293042659759,False,0.0837774680353253,False
candidate_002711,D0-D2,D0,D2,000,100,4214,14,5,808,809,814,0.43438793826198907,0.4828801581659705,1.1834343388925013,0.8000757674576986,2.262521982192993,2.2244794368743896,0.038042545318603516,0.7535293042659759,False,0.08301261080541075,False
candidate_002712,D0-D2,D0,D2,000,100,4201,1,3,2346,2347,2350,0.3356070014945353,0.47598741001451006,0.7607402952209373,0.7597972260789279,2.2451279163360596,2.2010998725891113,0.04402804374694824,0.7535293042659759,False,0.08297216323834537,False
candidate_002713,D0-D2,D0,D2,000,100,4211,11,10,1547,1548,1558,0.3961099365683318,0.49936698246710554,0.9833455391878538,0.9109722042901004,2.2977540493011475,2.251917600631714,0.045836448669433594,0.7535293042659759,False,0.08277819047005824,False
candidate_002714,D0-D2,D0,D2,000,100,4201,1,10,62,63,73,0.37076998908931685,0.49936698246710554,0.9570371368650655,0.9109722042901004,2.2451279163360596,2.2010998725891113,0.04402804374694824,0.7535293042659759,False,0.08267384898566561,False
candidate_002715,D0-D1,D0,D1,000,010,4208,8,10,416,417,427,0.4959975461376808,0.49936698246710554,0.9237381294301529,0.9109722042901004,2.309361219406128,2.2485151290893555,0.06084609031677246,0.7535293042659759,False,0.08243593572729432,False
candidate_002716,D0-D2,D0,D2,000,100,4214,14,5,1104,1105,1110,0.42003136114977074,0.4828801581659705,1.1334686073785702,0.8000757674576986,2.262521982192993,2.2244794368743896,0.038042545318603516,0.7535293042659759,False,0.08222529541842032,False
candidate_002717,D0-D2,D0,D2,000,100,4201,1,3,2347,2348,2351,0.34039005871456746,0.47598741001451006,0.7629043024292439,0.7597972260789279,2.2451279163360596,2.2010998725891113,0.04402804374694824,0.7535293042659759,False,0.08203897039779272,False
candidate_002718,D0-D2,D0,D2,000,100,4214,14,3,808,809,812,0.4540257217242888,0.47598741001451006,1.1769693006537418,0.7597972260789279,2.262521982192993,2.2244794368743896,0.038042545318603516,0.7535293042659759,False,0.08198829591395264,False
candidate_002719,D0-D2,D0,D2,000,100,4204,4,3,119,120,123,0.47030887816426875,0.47598741001451006,0.8225110455928546,0.7597972260789279,2.2835373878479004,2.2271876335144043,0.056349754333496094,0.7535293042659759,False,0.08193099032059245,False
candidate_002720,D0-D2,D0,D2,000,100,4201,1,3,1069,1070,1073,0.4051342991788901,0.47598741001451006,0.9036004863089923,0.7597972260789279,2.2451279163360596,2.2010998725891113,0.04402804374694824,0.7535293042659759,False,0.08164027298997883,False
candidate_002721,D0-D2,D0,D2,000,100,4214,14,5,804,805,810,0.35926146142014614,0.4828801581659705,0.9609648649465267,0.8000757674576986,2.262521982192993,2.2244794368743896,0.038042545318603516,0.7535293042659759,False,0.08150317753779775,False
candidate_002722,D0-D2,D0,D2,000,100,4201,1,5,2350,2351,2356,0.4323488802433541,0.4828801581659705,0.9976290672839966,0.8000757674576986,2.2451279163360596,2.2010998725891113,0.04402804374694824,0.7535293042659759,False,0.08137148511208436,False
candidate_002723,D0-D2,D0,D2,000,100,4214,14,3,1103,1104,1107,0.3920711689969828,0.47598741001451006,1.0067553996207759,0.7597972260789279,2.262521982192993,2.2244794368743896,0.038042545318603516,0.7535293042659759,False,0.08121312878022717,False
candidate_002724,D0-D2,D0,D2,000,100,4214,14,3,1102,1103,1106,0.37296281568102807,0.47598741001451006,0.9571058734393895,0.7597972260789279,2.262521982192993,2.2244794368743896,0.038042545318603516,0.7535293042659759,False,0.08116366108374667,False
candidate_002725,D0-D2,D0,D2,000,100,4211,11,10,1548,1549,1559,0.4199620970656901,0.49936698246710554,1.0211772172694948,0.9109722042901004,2.2977540493011475,2.251917600631714,0.045836448669433594,0.7535293042659759,False,0.08108052176960084,False
candidate_002726,D0-D2,D0,D2,000,100,4201,1,3,553,554,557,0.4663182085049028,0.47598741001451006,1.0322484478995195,0.7597972260789279,2.2451279163360596,2.2010998725891113,0.04402804374694824,0.7535293042659759,False,0.08102683395662998,False
candidate_002727,D0-D2,D0,D2,000,100,4214,14,3,806,807,810,0.3887610552311159,0.47598741001451006,0.9952231926009226,0.7597972260789279,2.262521982192993,2.2244794368743896,0.038042545318603516,0.7535293042659759,False,0.08096641649439795,False
candidate_002728,D0-D2,D0,D2,000,100,4201,1,10,548,549,559,0.38800516897879395,0.49936698246710554,0.9807466191287334,0.9109722042901004,2.2451279163360596,2.2010998725891113,0.04402804374694824,0.7535293042659759,False,0.08095864845890116,False
candidate_002729,D0-D2,D0,D2,000,100,4214,14,10,1104,1105,1115,0.4282028878477458,0.49936698246710554,1.251800928392223,0.9109722042901004,2.262521982192993,2.2244794368743896,0.038042545318603516,0.7535293042659759,False,0.08090396301059456,False
candidate_002730,D0-D2,D0,D2,000,100,4204,4,5,926,927,932,0.4552756659528047,0.4828801581659705,0.8140195779591759,0.8000757674576986,2.2835373878479004,2.2271876335144043,0.056349754333496094,0.7535293042659759,False,0.0806975846453094,False
candidate_002731,D0-D2,D0,D2,000,100,4214,14,10,804,805,815,0.3707468654707049,0.49936698246710554,1.0787864382572259,0.9109722042901004,2.262521982192993,2.2244794368743896,0.038042545318603516,0.7535293042659759,False,0.08052710913557183,False
candidate_002732,D0-D2,D0,D2,000,100,4214,14,10,805,806,816,0.3790977121416918,0.49936698246710554,1.1010505661042431,0.9109722042901004,2.262521982192993,2.2244794368743896,0.038042545318603516,0.7535293042659759,False,0.08037855961143324,False
candidate_002733,D0-D2,D0,D2,000,100,4211,11,10,15,16,26,0.3851925917421736,0.49936698246710554,0.9257601593171556,0.9109722042901004,2.2977540493011475,2.251917600631714,0.045836448669433594,0.7535293042659759,False,0.08013939772990356,False
candidate_002734,D0-D2,D0,D2,000,100,4204,4,3,120,121,124,0.4676975114173671,0.47598741001451006,0.7992924076062002,0.7597972260789279,2.2835373878479004,2.2271876335144043,0.056349754333496094,0.7535293042659759,False,0.08006270723212706,False
candidate_002735,D0-D2,D0,D2,000,100,4201,1,5,918,919,924,0.45805627535371735,0.4828801581659705,1.036918891679595,0.8000757674576986,2.2451279163360596,2.2010998725891113,0.04402804374694824,0.7535293042659759,False,0.07982950496083338,False
candidate_002736,D0-D2,D0,D2,000,100,4214,14,10,1103,1104,1114,0.42802897391264993,0.49936698246710554,1.2286676384572592,0.9109722042901004,2.262521982192993,2.2244794368743896,0.038042545318603516,0.7535293042659759,False,0.07944112209466477,False
candidate_002737,D0-D2,D0,D2,000,100,4201,1,3,1406,1407,1410,0.42591673755293474,0.47598741001451006,0.9227562631238616,0.7597972260789279,2.2451279163360596,2.2010998725891113,0.04402804374694824,0.7535293042659759,False,0.07930294203032162,False
candidate_002738,D0-D2,D0,D2,000,100,4201,1,3,912,913,916,0.3538222763775274,0.47598741001451006,0.7647551189455665,0.7597972260789279,2.2451279163360596,2.2010998725891113,0.04402804374694824,0.7535293042659759,False,0.07911598242044592,False
candidate_002739,D0-D2,D0,D2,000,100,4222,22,10,44,45,55,0.31665098911370604,0.49936698246710554,0.960656369571909,0.9109722042901004,2.2318451404571533,2.2676846981048584,0.03583955764770508,0.7535293042659759,False,0.07909780103584209,False
candidate_002740,D0-D2,D0,D2,000,100,4205,5,5,1659,1660,1665,0.20132984761692346,0.4828801581659705,0.9330522558165515,0.8000757674576986,2.2415318489074707,2.2202963829040527,0.02123546600341797,0.7535293042659759,False,0.07882567445217445,False
candidate_002741,D0-D2,D0,D2,000,100,4211,11,3,139,140,143,0.404423786951992,0.47598741001451006,0.8338733690063957,0.7597972260789279,2.2977540493011475,2.251917600631714,0.045836448669433594,0.7535293042659759,False,0.07857275663711219,False
candidate_002742,D0-D2,D0,D2,000,100,4214,14,3,61,62,65,0.36515366660638626,0.47598741001451006,0.9060785806959221,0.7597972260789279,2.262521982192993,2.2244794368743896,0.038042545318603516,0.7535293042659759,False,0.07847970833925423,False
candidate_002743,D0-D2,D0,D2,000,100,4211,11,3,138,139,142,0.40053142210579795,0.47598741001451006,0.8243835520628069,0.7597972260789279,2.2977540493011475,2.251917600631714,0.045836448669433594,0.7535293042659759,False,0.07843344722432777,False
candidate_002744,D0-D2,D0,D2,000,100,4201,1,5,917,918,923,0.4285085715161064,0.4828801581659705,0.9529667031320265,0.8000757674576986,2.2451279163360596,2.2010998725891113,0.04402804374694824,0.7535293042659759,False,0.07842521165338975,False
candidate_002745,D0-D2,D0,D2,000,100,4211,11,10,1549,1550,1560,0.440211822789678,0.49936698246710554,1.0333087531736218,0.9109722042901004,2.2977540493011475,2.251917600631714,0.045836448669433594,0.7535293042659759,False,0.07826974511648607,False
candidate_002746,D0-D2,D0,D2,000,100,4211,11,5,1119,1120,1125,0.4808945499561039,0.4828801581659705,1.024821476723871,0.8000757674576986,2.2977540493011475,2.251917600631714,0.045836448669433594,0.7535293042659759,False,0.0782379427018137,False
candidate_002747,D0-D2,D0,D2,000,100,4214,14,3,1100,1101,1104,0.3619241780987802,0.47598741001451006,0.8941025886945815,0.7597972260789279,2.262521982192993,2.2244794368743896,0.038042545318603516,0.7535293042659759,False,0.07813343859560243,False
candidate_002748,D0-D2,D0,D2,000,100,4201,1,10,2352,2353,2363,0.4567915495663495,0.49936698246710554,1.1130627987870105,0.9109722042901004,2.2451279163360596,2.2010998725891113,0.04402804374694824,0.7535293042659759,False,0.07804508316049397,False
candidate_002749,D0-D2,D0,D2,000,100,4214,14,3,802,803,806,0.33910939608601,0.47598741001451006,0.8347451220318753,0.7597972260789279,2.262521982192993,2.2244794368743896,0.038042545318603516,0.7535293042659759,False,0.07785405699231493,False
candidate_002750,D0-D2,D0,D2,000,100,4204,4,5,233,234,239,0.47824269441418676,0.4828801581659705,0.8238450165732212,0.8000757674576986,2.2835373878479004,2.2271876335144043,0.056349754333496094,0.7535293042659759,False,0.0777494451925365,False
candidate_002751,D0-D2,D0,D2,000,100,4214,14,5,805,806,811,0.3685502580559482,0.4828801581659705,0.939824309554022,0.8000757674576986,2.262521982192993,2.2244794368743896,0.038042545318603516,0.7535293042659759,False,0.07770118076670618,False
candidate_002752,D0-D2,D0,D2,000,100,4211,11,5,140,141,146,0.39534066645477345,0.4828801581659705,0.8324299195588345,0.8000757674576986,2.2977540493011475,2.251917600631714,0.045836448669433594,0.7535293042659759,False,0.07730280454173773,False
candidate_002753,D0-D2,D0,D2,000,100,4214,14,10,1105,1106,1116,0.4602862787377896,0.49936698246710554,1.2758134168361794,0.9109722042901004,2.262521982192993,2.2244794368743896,0.038042545318603516,0.7535293042659759,False,0.07670845835577433,False
candidate_002754,D0-D2,D0,D2,000,100,4201,1,5,1404,1405,1410,0.39825667998418146,0.4828801581659705,0.864687909698393,0.8000757674576986,2.2451279163360596,2.2010998725891113,0.04402804374694824,0.7535293042659759,False,0.07656562008237151,False
candidate_002755,D0-D2,D0,D2,000,100,4211,11,5,1118,1119,1124,0.47078633236375095,0.4828801581659705,0.9815536560062763,0.8000757674576986,2.2977540493011475,2.251917600631714,0.045836448669433594,0.7535293042659759,False,0.07654366587944218,False
candidate_002756,D0-D2,D0,D2,000,100,4221,21,10,46,47,57,0.36231753840418296,0.49936698246710554,1.2840541317168057,0.9109722042901004,2.1870429515838623,2.216704845428467,0.029661893844604492,0.7535293042659759,False,0.07647287247187784,False
candidate_002757,D0-D2,D0,D2,000,100,4214,14,10,803,804,814,0.3646910149381705,0.49936698246710554,1.0070853682294567,0.9109722042901004,2.262521982192993,2.2244794368743896,0.038042545318603516,0.7535293042659759,False,0.0764232215384924,False
candidate_002758,D0-D2,D0,D2,000,100,4214,14,10,809,810,820,0.4559905942740039,0.49936698246710554,1.25889906485509,0.9109722042901004,2.262521982192993,2.2244794368743896,0.038042545318603516,0.7535293042659759,False,0.07640453635522045,False
candidate_002759,D0-D2,D0,D2,000,100,4222,22,5,43,44,49,0.317656488858068,0.4828801581659705,0.8428793875932293,0.8000757674576986,2.2318451404571533,2.2676846981048584,0.03583955764770508,0.7535293042659759,False,0.07616903264750181,False
candidate_002760,D0-D2,D0,D2,000,100,4201,1,5,1406,1407,1412,0.4040721717249421,0.4828801581659705,0.8720801523593,0.8000757674576986,2.2451279163360596,2.2010998725891113,0.04402804374694824,0.7535293042659759,False,0.07610881273626492,False
candidate_002761,D0-D2,D0,D2,000,100,4201,1,5,919,920,925,0.47064047164085576,0.4828801581659705,1.0145763250360993,0.8000757674576986,2.2451279163360596,2.2010998725891113,0.04402804374694824,0.7535293042659759,False,0.0760208882639071,False
candidate_002762,D0-D2,D0,D2,000,100,4222,22,5,42,43,48,0.30603496199109065,0.4828801581659705,0.8037130853238357,0.8000757674576986,2.2318451404571533,2.2676846981048584,0.03583955764770508,0.7535293042659759,False,0.07538774157243933,False
candidate_002763,D0-D2,D0,D2,000,100,4201,1,3,2349,2350,2353,0.4427720410398915,0.47598741001451006,0.9116359720646626,0.7597972260789279,2.2451279163360596,2.2010998725891113,0.04402804374694824,0.7535293042659759,False,0.07536475108190495,False
candidate_002764,D0-D2,D0,D2,000,100,4214,14,3,1104,1105,1108,0.450700610744345,0.47598741001451006,1.0721398107931968,0.7597972260789279,2.262521982192993,2.2244794368743896,0.038042545318603516,0.7535293042659759,False,0.07523682469347046,False
candidate_002765,D0-D2,D0,D2,000,100,4222,22,3,43,44,47,0.3284438156586825,0.47598741001451006,0.8283534803926728,0.7597972260789279,2.2318451404571533,2.2676846981048584,0.03583955764770508,0.7535293042659759,False,0.07514755738971882,False
candidate_002766,D0-D2,D0,D2,000,100,4211,11,3,141,142,145,0.39893946672379244,0.47598741001451006,0.7829497738084583,0.7597972260789279,2.2977540493011475,2.251917600631714,0.045836448669433594,0.7535293042659759,False,0.0747886127579027,False
candidate_002767,D0-D2,D0,D2,000,100,4201,1,3,2348,2349,2352,0.3832878559115698,0.47598741001451006,0.781842329272467,0.7597972260789279,2.2451279163360596,2.2010998725891113,0.04402804374694824,0.7535293042659759,False,0.07466569728955652,False
candidate_002768,D0-D2,D0,D2,000,100,4211,11,10,1550,1551,1561,0.4679070125192024,0.49936698246710554,1.0470464649739766,0.9109722042901004,2.2977540493011475,2.251917600631714,0.045836448669433594,0.7535293042659759,False,0.07461599150967742,False
candidate_002769,D0-D2,D0,D2,000,100,4214,14,3,804,805,808,0.3653376844585852,0.47598741001451006,0.8612386492873674,0.7597972260789279,2.262521982192993,2.2244794368743896,0.038042545318603516,0.7535293042659759,False,0.07455833852775652,False
candidate_002770,D0-D2,D0,D2,000,100,4221,21,10,45,46,56,0.3573038741135633,0.49936698246710554,1.2311603896611143,0.9109722042901004,2.1870429515838623,2.216704845428467,0.029661893844604492,0.7535293042659759,False,0.07435160316681444,False
candidate_002771,D0-D2,D0,D2,000,100,4221,21,10,47,48,58,0.38615147775117237,0.49936698246710554,1.3279252640397556,0.9109722042901004,2.1870429515838623,2.216704845428467,0.029661893844604492,0.7535293042659759,False,0.07420434915755923,False
candidate_002772,D0-D2,D0,D2,000,100,4211,11,5,141,142,147,0.4032635140671813,0.4828801581659705,0.8139121060502237,0.8000757674576986,2.2977540493011475,2.251917600631714,0.045836448669433594,0.7535293042659759,False,0.07409819637257602,False
candidate_002773,D0-D2,D0,D2,000,100,4214,14,5,1101,1102,1107,0.3827066170636852,0.4828801581659705,0.9288979185175326,0.8000757674576986,2.262521982192993,2.2244794368743896,0.038042545318603516,0.7535293042659759,False,0.07395706745665298,False
candidate_002774,D0-D2,D0,D2,000,100,4214,14,10,1102,1103,1113,0.4442423927086833,0.49936698246710554,1.184546039231218,0.9109722042901004,2.262521982192993,2.2244794368743896,0.038042545318603516,0.7535293042659759,False,0.07379315240608002,False
candidate_002775,D0-D2,D0,D2,000,100,4211,11,10,17,18,28,0.43447775420889934,0.49936698246710554,0.9554485194820987,0.9109722042901004,2.2977540493011475,2.251917600631714,0.045836448669433594,0.7535293042659759,False,0.07332722677121793,False
candidate_002776,D0-D2,D0,D2,000,100,4211,11,3,274,275,278,0.460714799977065,0.47598741001451006,0.8853776172218607,0.7597972260789279,2.2977540493011475,2.251917600631714,0.045836448669433594,0.7535293042659759,False,0.07323268414850768,False
candidate_002777,D0-D2,D0,D2,000,100,4214,14,10,802,803,813,0.36609547994253894,0.49936698246710554,0.9661997331970738,0.9109722042901004,2.262521982192993,2.2244794368743896,0.038042545318603516,0.7535293042659759,False,0.07303931048442026,False
candidate_002778,D0-D2,D0,D2,000,100,4214,14,3,1101,1102,1105,0.36858069803905563,0.47598741001451006,0.8499443310655505,0.7597972260789279,2.262521982192993,2.2244794368743896,0.038042545318603516,0.7535293042659759,False,0.07293316753107415,False
candidate_002779,D0-D2,D0,D2,000,100,4201,1,5,916,917,922,0.39927891381982983,0.4828801581659705,0.8226436076126568,0.8000757674576986,2.2451279163360596,2.2010998725891113,0.04402804374694824,0.7535293042659759,False,0.07265622649526908,False
candidate_002780,D0-D2,D0,D2,000,100,4214,14,3,803,804,807,0.34355985746776163,0.47598741001451006,0.787289645697077,0.7597972260789279,2.262521982192993,2.2244794368743896,0.038042545318603516,0.7535293042659759,False,0.07247684972545677,False
candidate_002781,D0-D2,D0,D2,000,100,4211,11,5,1117,1118,1123,0.48248625203153755,0.4828801581659705,0.9504960310274827,0.8000757674576986,2.2977540493011475,2.251917600631714,0.045836448669433594,0.7535293042659759,False,0.07232433076123893,False
candidate_002782,D0-D2,D0,D2,000,100,4211,11,10,18,19,29,0.4601043546901989,0.49936698246710554,0.9939485505151957,0.9109722042901004,2.2977540493011475,2.251917600631714,0.045836448669433594,0.7535293042659759,False,0.07203326074004972,False
candidate_002783,D0-D2,D0,D2,000,100,4211,11,5,274,275,280,0.44765327128802684,0.4828801581659705,0.8775426799425675,0.8000757674576986,2.2977540493011475,2.251917600631714,0.045836448669433594,0.7535293042659759,False,0.07196901261659047,False
candidate_002784,D0-D2,D0,D2,000,100,4211,11,3,1117,1118,1121,0.4552762992209806,0.47598741001451006,0.8590016253492356,0.7597972260789279,2.2977540493011475,2.251917600631714,0.045836448669433594,0.7535293042659759,False,0.0718997732321492,False
candidate_002785,D0-D2,D0,D2,000,100,4205,5,10,2335,2336,2346,0.19708321783458332,0.49936698246710554,0.9151557239266348,0.9109722042901004,2.2415318489074707,2.2202963829040527,0.02123546600341797,0.7535293042659759,False,0.07173344747742387,False
candidate_002786,D0-D2,D0,D2,000,100,4222,22,10,45,46,56,0.3494139973587898,0.49936698246710554,0.9611949116619106,0.9109722042901004,2.2318451404571533,2.2676846981048584,0.03583955764770508,0.7535293042659759,False,0.07172133367723081,False
candidate_002787,D0-D2,D0,D2,000,100,4201,1,10,1071,1072,1082,0.4911972514225491,0.49936698246710554,1.098929386697751,0.9109722042901004,2.2451279163360596,2.2010998725891113,0.04402804374694824,0.7535293042659759,False,0.07165686438579828,False
candidate_002788,D0-D2,D0,D2,000,100,4205,5,10,1661,1662,1672,0.2500178073585496,0.49936698246710554,1.155094485202717,0.9109722042901004,2.2415318489074707,2.2202963829040527,0.02123546600341797,0.7535293042659759,False,0.07137118634362478,False
candidate_002789,D0-D2,D0,D2,000,100,4211,11,3,273,274,277,0.42688486473667925,0.47598741001451006,0.7973832842681499,0.7597972260789279,2.2977540493011475,2.251917600631714,0.045836448669433594,0.7535293042659759,False,0.07118114137682041,False
candidate_002790,D0-D2,D0,D2,000,100,4201,1,10,1072,1073,1083,0.49804607601868106,0.49936698246710554,1.1039402426674387,0.9109722042901004,2.2451279163360596,2.2010998725891113,0.04402804374694824,0.7535293042659759,False,0.07099372818647158,False
candidate_002791,D0-D2,D0,D2,000,100,4201,1,3,2772,2773,2776,0.466057719106113,0.47598741001451006,0.9019998252539541,0.7597972260789279,2.2451279163360596,2.2010998725891113,0.04402804374694824,0.7535293042659759,False,0.07084247946076866,False
candidate_002792,D0-D2,D0,D2,000,100,4214,14,5,1100,1101,1106,0.40046794680599346,0.4828801581659705,0.9302121734114703,0.8000757674576986,2.262521982192993,2.2244794368743896,0.038042545318603516,0.7535293042659759,False,0.07077696266913205,False
candidate_002793,D0-D2,D0,D2,000,100,4214,14,5,596,597,602,0.35259763171563796,0.4828801581659705,0.8180469475140694,0.8000757674576986,2.262521982192993,2.2244794368743896,0.038042545318603516,0.7535293042659759,False,0.07069301449903805,False
candidate_002794,D0-D2,D0,D2,000,100,4222,22,5,44,45,50,0.3473690737900724,0.4828801581659705,0.8553271314626621,0.8000757674576986,2.2318451404571533,2.2676846981048584,0.03583955764770508,0.7535293042659759,False,0.07068248920318533,False
candidate_002795,D0-D2,D0,D2,000,100,4201,1,10,1070,1071,1081,0.497617146960011,0.49936698246710554,1.0976240821119154,0.9109722042901004,2.2451279163360596,2.2010998725891113,0.04402804374694824,0.7535293042659759,False,0.07064838378661584,False
candidate_002796,D0-D2,D0,D2,000,100,4211,11,5,273,274,279,0.4267761296087786,0.4828801581659705,0.8146148198781987,0.8000757674576986,2.2977540493011475,2.251917600631714,0.045836448669433594,0.7535293042659759,False,0.0700763132347547,False
candidate_002797,D0-D2,D0,D2,000,100,4205,5,5,2335,2336,2341,0.21919575092212998,0.4828801581659705,0.9005585204905265,0.8000757674576986,2.2415318489074707,2.2202963829040527,0.02123546600341797,0.7535293042659759,False,0.0698794859305281,False
candidate_002798,D0-D2,D0,D2,000,100,4201,1,10,1409,1410,1420,0.49584858998866055,0.49936698246710554,1.0754557853556963,0.9109722042901004,2.2451279163360596,2.2010998725891113,0.04402804374694824,0.7535293042659759,False,0.0694684195497106,False
candidate_002799,D0-D2,D0,D2,000,100,4205,5,5,1018,1019,1024,0.25226934736344414,0.4828801581659705,1.0269914085094147,0.8000757674576986,2.2415318489074707,2.2202963829040527,0.02123546600341797,0.7535293042659759,False,0.06924241710877942,False
candidate_002800,D0-D2,D0,D2,000,100,4211,11,5,275,276,281,0.47044301681975004,0.4828801581659705,0.8863069826262943,0.8000757674576986,2.2977540493011475,2.251917600631714,0.045836448669433594,0.7535293042659759,False,0.06916656429412395,False
candidate_002801,D0-D2,D0,D2,000,100,4205,5,5,2334,2335,2340,0.2071195813917982,0.4828801581659705,0.8418685126074955,0.8000757674576986,2.2415318489074707,2.2202963829040527,0.02123546600341797,0.7535293042659759,False,0.06913420924353506,False
candidate_002802,D0-D2,D0,D2,000,100,4221,21,10,44,45,55,0.35615398982678675,0.49936698246710554,1.1409408099826286,0.9109722042901004,2.1870429515838623,2.216704845428467,0.029661893844604492,0.7535293042659759,False,0.06912557049425165,False
candidate_002803,D0-D2,D0,D2,000,100,4201,1,10,1408,1409,1419,0.48084343808779195,0.49936698246710554,1.0349649006999104,0.9109722042901004,2.2451279163360596,2.2010998725891113,0.04402804374694824,0.7535293042659759,False,0.06893914117445915,False
candidate_002804,D0-D2,D0,D2,000,100,4222,22,5,45,46,51,0.39407613982391737,0.4828801581659705,0.9443338213076725,0.8000757674576986,2.2318451404571533,2.2676846981048584,0.03583955764770508,0.7535293042659759,False,0.06878854789231204,False
candidate_002805,D0-D2,D0,D2,000,100,4211,11,10,19,20,30,0.4835753219435923,0.49936698246710554,0.9970745798548717,0.9109722042901004,2.2977540493011475,2.251917600631714,0.045836448669433594,0.7535293042659759,False,0.06875258442402503,False
candidate_002806,D0-D2,D0,D2,000,100,4205,5,10,1018,1019,1029,0.2665952143155132,0.49936698246710554,1.185677720789582,0.9109722042901004,2.2415318489074707,2.2202963829040527,0.02123546600341797,0.7535293042659759,False,0.06870536605216397,False
candidate_002807,D0-D2,D0,D2,000,100,4211,11,5,253,254,259,0.479281081142782,0.4828801581659705,0.8968695432267907,0.8000757674576986,2.2977540493011475,2.251917600631714,0.045836448669433594,0.7535293042659759,False,0.06870020750754076,False
candidate_002808,D0-D2,D0,D2,000,100,4205,5,3,1017,1018,1021,0.24897143496787422,0.47598741001451006,0.9631760344035133,0.7597972260789279,2.2415318489074707,2.2202963829040527,0.02123546600341797,0.7535293042659759,False,0.06829919060889147,False
candidate_002809,D0-D2,D0,D2,000,100,4221,21,3,586,587,590,0.3829093618648944,0.47598741001451006,1.0567819313966944,0.7597972260789279,2.1870429515838623,2.216704845428467,0.029661893844604492,0.7535293042659759,False,0.06805905058127737,False
candidate_002810,D0-D2,D0,D2,000,100,4201,1,3,917,918,921,0.46618363042772715,0.47598741001451006,0.8657526959158421,0.7597972260789279,2.2451279163360596,2.2010998725891113,0.04402804374694824,0.7535293042659759,False,0.06797728858919727,False
candidate_002811,D0-D2,D0,D2,000,100,4221,21,3,585,586,589,0.3901351832401509,0.47598741001451006,1.0753280024798768,0.7597972260789279,2.1870429515838623,2.216704845428467,0.029661893844604492,0.7535293042659759,False,0.06797079187023648,False
candidate_002812,D0-D2,D0,D2,000,100,4221,21,5,43,44,49,0.2863224621107593,0.4828801581659705,0.8187559044928043,0.8000757674576986,2.1870429515838623,2.216704845428467,0.029661893844604492,0.7535293042659759,False,0.0679369426407101,False
candidate_002813,D0-D2,D0,D2,000,100,4214,14,10,1101,1102,1112,0.46071222281609236,0.49936698246710554,1.1292589083480251,0.9109722042901004,2.262521982192993,2.2244794368743896,0.038042545318603516,0.7535293042659759,False,0.06783407529936343,False
candidate_002814,D0-D2,D0,D2,000,100,4201,1,10,1407,1408,1418,0.46940314220935575,0.49936698246710554,0.9931693558811334,0.9109722042901004,2.2451279163360596,2.2010998725891113,0.04402804374694824,0.7535293042659759,False,0.06776746801421314,False
candidate_002815,D0-D2,D0,D2,000,100,4211,11,3,1116,1117,1120,0.4568620750135639,0.47598741001451006,0.8113274206846768,0.7597972260789279,2.2977540493011475,2.251917600631714,0.045836448669433594,0.7535293042659759,False,0.06767365355230975,False
candidate_002816,D0-D2,D0,D2,000,100,4211,11,3,142,143,146,0.4406244262970986,0.47598741001451006,0.7820242751494179,0.7597972260789279,2.2977540493011475,2.251917600631714,0.045836448669433594,0.7535293042659759,False,0.06763324778356074,False
candidate_002817,D0-D2,D0,D2,000,100,4201,1,10,1406,1407,1417,0.4649179759662778,0.49936698246710554,0.9776665250455525,0.9109722042901004,2.2451279163360596,2.2010998725891113,0.04402804374694824,0.7535293042659759,False,0.06735321762849816,False
candidate_002818,D0-D2,D0,D2,000,100,4211,11,5,252,253,258,0.46985427397016977,0.4828801581659705,0.8613116085575682,0.8000757674576986,2.2977540493011475,2.251917600631714,0.045836448669433594,0.7535293042659759,False,0.06730017257663314,False
candidate_002819,D0-D2,D0,D2,000,100,4221,21,5,586,587,592,0.4018803188880787,0.4828801581659705,1.137744532831768,0.8000757674576986,2.1870429515838623,2.216704845428467,0.029661893844604492,0.7535293042659759,False,0.06725971032193018,False
candidate_002820,D0-D2,D0,D2,000,100,4205,5,10,2336,2337,2347,0.22130814933911364,0.49936698246710554,0.9621871201287671,0.9109722042901004,2.2415318489074707,2.2202963829040527,0.02123546600341797,0.7535293042659759,False,0.0671642980381705,False
candidate_002821,D0-D2,D0,D2,000,100,4214,14,3,62,63,66,0.3625644276236568,0.47598741001451006,0.7695171105434632,0.7597972260789279,2.262521982192993,2.2244794368743896,0.038042545318603516,0.7535293042659759,False,0.06712746880709512,False
candidate_002822,D0-D2,D0,D2,000,100,4221,21,10,586,587,597,0.4121094198606142,0.49936698246710554,1.2818107219866606,0.9109722042901004,2.1870429515838623,2.216704845428467,0.029661893844604492,0.7535293042659759,False,0.06711580233550654,False
candidate_002823,D0-D2,D0,D2,000,100,4221,21,5,45,46,51,0.375913952870469,0.4828801581659705,1.061520842151843,0.8000757674576986,2.1870429515838623,2.216704845428467,0.029661893844604492,0.7535293042659759,False,0.06708834111658837,False
candidate_002824,D0-D2,D0,D2,000,100,4214,14,5,59,60,65,0.38296564119474985,0.4828801581659705,0.8430303716119526,0.8000757674576986,2.262521982192993,2.2244794368743896,0.038042545318603516,0.7535293042659759,False,0.06707506050646499,False
candidate_002825,D0-D2,D0,D2,000,100,4214,14,3,60,61,64,0.39408428559486136,0.47598741001451006,0.834929121420657,0.7597972260789279,2.262521982192993,2.2244794368743896,0.038042545318603516,0.7535293042659759,False,0.06700815710369264,False
candidate_002826,D0-D2,D0,D2,000,100,4201,1,3,916,917,920,0.41906871853926925,0.47598741001451006,0.766541047052617,0.7597972260789279,2.2451279163360596,2.2010998725891113,0.04402804374694824,0.7535293042659759,False,0.06695409997674541,False
candidate_002827,D0-D2,D0,D2,000,100,4205,5,10,1017,1018,1028,0.269443459418049,0.49936698246710554,1.1639814023464161,0.9109722042901004,2.2415318489074707,2.2202963829040527,0.02123546600341797,0.7535293042659759,False,0.0667351656816405,False
candidate_002828,D0-D2,D0,D2,000,100,4205,5,10,1019,1020,1030,0.29025518987052346,0.49936698246710554,1.2481429196368208,0.9109722042901004,2.2415318489074707,2.2202963829040527,0.02123546600341797,0.7535293042659759,False,0.06642945219334674,False
candidate_002829,D0-D2,D0,D2,000,100,4201,1,3,2771,2772,2775,0.461977781754319,0.47598741001451006,0.8378353818858353,0.7597972260789279,2.2451279163360596,2.2010998725891113,0.04402804374694824,0.7535293042659759,False,0.0663841826540766,False
candidate_002830,D0-D2,D0,D2,000,100,4221,21,5,44,45,50,0.32762363333311423,0.4828801581659705,0.9102691720619999,0.8000757674576986,2.1870429515838623,2.216704845428467,0.029661893844604492,0.7535293042659759,False,0.06600876174692398,False
candidate_002831,D0-D2,D0,D2,000,100,4205,5,5,1017,1018,1023,0.26911428019091677,0.4828801581659705,1.0422909406092022,0.8000757674576986,2.2415318489074707,2.2202963829040527,0.02123546600341797,0.7535293042659759,False,0.06587522511653593,False
candidate_002832,D0-D2,D0,D2,000,100,4211,11,5,15,16,21,0.45220432662127463,0.4828801581659705,0.8071771303863405,0.8000757674576986,2.2977540493011475,2.251917600631714,0.045836448669433594,0.7535293042659759,False,0.06553196555919893,False
candidate_002833,D0-D2,D0,D2,000,100,4205,5,5,1660,1661,1666,0.2648061256145172,0.4828801581659705,1.018023468205369,0.8000757674576986,2.2415318489074707,2.2202963829040527,0.02123546600341797,0.7535293042659759,False,0.06538824114738898,False
candidate_002834,D0-D2,D0,D2,000,100,4221,21,10,48,49,59,0.435938773467486,0.49936698246710554,1.3201256552081735,0.9109722042901004,2.1870429515838623,2.216704845428467,0.029661893844604492,0.7535293042659759,False,0.06534362160328558,False
candidate_002835,D0-D2,D0,D2,000,100,4205,5,3,2335,2336,2339,0.2236067096121917,0.47598741001451006,0.825493753125118,0.7597972260789279,2.2415318489074707,2.2202963829040527,0.02123546600341797,0.7535293042659759,False,0.06517610028879565,False
candidate_002836,D0-D2,D0,D2,000,100,4214,14,5,597,598,603,0.4166569587311883,0.4828801581659705,0.8863134526192015,0.8000757674576986,2.262521982192993,2.2244794368743896,0.038042545318603516,0.7535293042659759,False,0.06481661781374996,False
candidate_002837,D0-D2,D0,D2,000,100,4214,14,5,62,63,68,0.3818568933670024,0.4828801581659705,0.8121484349705521,0.8000757674576986,2.262521982192993,2.2244794368743896,0.038042545318603516,0.7535293042659759,False,0.06480558577812043,False
candidate_002838,D0-D2,D0,D2,000,100,4222,22,3,748,749,752,0.41772047195705686,0.47598741001451006,0.9076567524494286,0.7597972260789279,2.2318451404571533,2.2676846981048584,0.03583955764770508,0.7535293042659759,False,0.06474349489593924,False
candidate_002839,D0-D2,D0,D2,000,100,4222,22,10,46,47,57,0.3846313285360235,0.49936698246710554,0.9534883920983284,0.9109722042901004,2.2318451404571533,2.2676846981048584,0.03583955764770508,0.7535293042659759,False,0.06463205245514606,False
candidate_002840,D0-D2,D0,D2,000,100,4214,14,10,155,156,166,0.4204477457641633,0.49936698246710554,0.9800277615947752,0.9109722042901004,2.262521982192993,2.2244794368743896,0.038042545318603516,0.7535293042659759,False,0.0645075381936461,False
candidate_002841,D0-D2,D0,D2,000,100,4211,11,5,16,17,22,0.4672222216207708,0.4828801581659705,0.8185127551635527,0.8000757674576986,2.2977540493011475,2.251917600631714,0.045836448669433594,0.7535293042659759,False,0.06431629528413195,False
candidate_002842,D0-D2,D0,D2,000,100,4221,21,10,43,44,54,0.355271035220785,0.49936698246710554,1.057163342893784,0.9109722042901004,2.1870429515838623,2.216704845428467,0.029661893844604492,0.7535293042659759,False,0.06420897276663567,False
candidate_002843,D0-D2,D0,D2,000,100,4211,11,3,252,253,256,0.4716703296119676,0.47598741001451006,0.7937329735839405,0.7597972260789279,2.2977540493011475,2.251917600631714,0.045836448669433594,0.7535293042659759,False,0.06412751957784472,False
candidate_002844,D0-D2,D0,D2,000,100,4221,21,10,587,588,598,0.43228959276763124,0.49936698246710554,1.284053451867803,0.9109722042901004,2.1870429515838623,2.216704845428467,0.029661893844604492,0.7535293042659759,False,0.06409464558575197,False
candidate_002845,D0-D2,D0,D2,000,100,4214,14,3,59,60,63,0.4046058669870232,0.47598741001451006,0.8194983302422496,0.7597972260789279,2.262521982192993,2.2244794368743896,0.038042545318603516,0.7535293042659759,False,0.06405943137102944,False
candidate_002846,D0-D2,D0,D2,000,100,4221,21,3,633,634,637,0.3955556137925044,0.47598741001451006,1.027444053082804,0.7597972260789279,2.1870429515838623,2.216704845428467,0.029661893844604492,0.7535293042659759,False,0.06405412783407402,False
candidate_002847,D0-D2,D0,D2,000,100,4222,22,3,44,45,48,0.38096946029519313,0.47598741001451006,0.8177854387604394,0.7597972260789279,2.2318451404571533,2.2676846981048584,0.03583955764770508,0.7535293042659759,False,0.06396014903208291,False
candidate_002848,D0-D2,D0,D2,000,100,4205,5,3,1018,1019,1022,0.23802619265688407,0.47598741001451006,0.8600198152635107,0.7597972260789279,2.2415318489074707,2.2202963829040527,0.02123546600341797,0.7535293042659759,False,0.06378860714613777,False
candidate_002849,D0-D2,D0,D2,000,100,4205,5,5,1019,1020,1025,0.2937739149336388,0.4828801581659705,1.1015446102833302,0.8000757674576986,2.2415318489074707,2.2202963829040527,0.02123546600341797,0.7535293042659759,False,0.0637762166028231,False
candidate_002850,D0-D2,D0,D2,000,100,4221,21,10,585,586,596,0.4229021024560157,0.49936698246710554,1.2457851374224493,0.9109722042901004,2.1870429515838623,2.216704845428467,0.029661893844604492,0.7535293042659759,False,0.06356480645562664,False
candidate_002851,D0-D2,D0,D2,000,100,4211,11,5,1546,1547,1552,0.46931066334576516,0.4828801581659705,0.8115902039006118,0.8000757674576986,2.2977540493011475,2.251917600631714,0.045836448669433594,0.7535293042659759,False,0.06348855363573508,False
candidate_002852,D0-D2,D0,D2,000,100,4201,1,10,1405,1406,1416,0.4814155850685942,0.49936698246710554,0.9507876823798586,0.9109722042901004,2.2451279163360596,2.2010998725891113,0.04402804374694824,0.7535293042659759,False,0.06325681800592116,False
candidate_002853,D0-D2,D0,D2,000,100,4214,14,10,153,154,164,0.400618143814638,0.49936698246710554,0.9129133786121203,0.9109722042901004,2.262521982192993,2.2244794368743896,0.038042545318603516,0.7535293042659759,False,0.06306422681140673,False
candidate_002854,D0-D2,D0,D2,000,100,4222,22,10,47,48,58,0.41737821991464535,0.49936698246710554,1.0082246439794766,0.9109722042901004,2.2318451404571533,2.2676846981048584,0.03583955764770508,0.7535293042659759,False,0.06298029905458977,False
candidate_002855,D0-D2,D0,D2,000,100,4214,14,10,156,157,167,0.43625202144993097,0.49936698246710554,0.9868762237726427,0.9109722042901004,2.262521982192993,2.2244794368743896,0.038042545318603516,0.7535293042659759,False,0.06260504784814983,False
candidate_002856,D0-D2,D0,D2,000,100,4221,21,5,587,588,593,0.45056526675331166,0.4828801581659705,1.1849263642365107,0.8000757674576986,2.1870429515838623,2.216704845428467,0.029661893844604492,0.7535293042659759,False,0.06247994322564559,False
candidate_002857,D0-D2,D0,D2,000,100,4214,14,3,44,45,48,0.4296998448099036,0.47598741001451006,0.8484478369638978,0.7597972260789279,2.262521982192993,2.2244794368743896,0.038042545318603516,0.7535293042659759,False,0.06244923637538287,False
candidate_002858,D0-D2,D0,D2,000,100,4221,21,5,46,47,52,0.419328355226567,0.4828801581659705,1.1009994662865787,0.8000757674576986,2.1870429515838623,2.216704845428467,0.029661893844604492,0.7535293042659759,False,0.062379207258428875,False
candidate_002859,D0-D2,D0,D2,000,100,4214,14,10,1100,1101,1111,0.47964696860295225,0.49936698246710554,1.0805544957237656,0.9109722042901004,2.262521982192993,2.2244794368743896,0.038042545318603516,0.7535293042659759,False,0.062346070859803385,False
candidate_002860,D0-D2,D0,D2,000,100,4214,14,10,154,155,165,0.41387666095153347,0.49936698246710554,0.9322586084947281,0.9109722042901004,2.262521982192993,2.2244794368743896,0.038042545318603516,0.7535293042659759,False,0.06233752909726614,False
candidate_002861,D0-D2,D0,D2,000,100,4222,22,5,46,47,52,0.4499164788814329,0.4828801581659705,0.9744887788489985,0.8000757674576986,2.2318451404571533,2.2676846981048584,0.03583955764770508,0.7535293042659759,False,0.062174983735165563,False
candidate_002862,D0-D2,D0,D2,000,100,4222,22,5,747,748,753,0.4003717452418676,0.4828801581659705,0.8671129240341786,0.8000757674576986,2.2318451404571533,2.2676846981048584,0.03583955764770508,0.7535293042659759,False,0.062170301854983095,False
candidate_002863,D0-D2,D0,D2,000,100,4222,22,5,748,749,754,0.4111492401324389,0.4828801581659705,0.8868243390160907,0.8000757674576986,2.2318451404571533,2.2676846981048584,0.03583955764770508,0.7535293042659759,False,0.0619168494513677,False
candidate_002864,D0-D2,D0,D2,000,100,4222,22,5,749,750,755,0.42230157223320886,0.4828801581659705,0.9096418556388587,0.8000757674576986,2.2318451404571533,2.2676846981048584,0.03583955764770508,0.7535293042659759,False,0.06183273760392209,False
candidate_002865,D0-D2,D0,D2,000,100,4214,14,5,63,64,69,0.3973101414043948,0.4828801581659705,0.8053007365989358,0.8000757674576986,2.262521982192993,2.2244794368743896,0.038042545318603516,0.7535293042659759,False,0.06175983250534174,False
candidate_002866,D0-D2,D0,D2,000,100,4221,21,5,633,634,639,0.4024090818364128,0.4828801581659705,1.044527293319731,0.8000757674576986,2.1870429515838623,2.216704845428467,0.029661893844604492,0.7535293042659759,False,0.06166787626759653,False
candidate_002867,D0-D2,D0,D2,000,100,4214,14,3,1099,1100,1103,0.39140055082186664,0.47598741001451006,0.7615519869721965,0.7597972260789279,2.262521982192993,2.2244794368743896,0.038042545318603516,0.7535293042659759,False,0.061538273170679274,False
candidate_002868,D0-D2,D0,D2,000,100,4221,21,5,585,586,591,0.41019621884690977,0.4828801581659705,1.0621181271798568,0.8000757674576986,2.1870429515838623,2.216704845428467,0.029661893844604492,0.7535293042659759,False,0.06151600756921747,False
candidate_002869,D0-D2,D0,D2,000,100,4222,22,3,45,46,49,0.4462921176659057,0.47598741001451006,0.9161325066522217,0.7597972260789279,2.2318451404571533,2.2676846981048584,0.03583955764770508,0.7535293042659759,False,0.06116448637078287,False
candidate_002870,D0-D2,D0,D2,000,100,4221,21,5,47,48,53,0.4737676197344202,0.4828801581659705,1.219687298424465,0.8000757674576986,2.1870429515838623,2.216704845428467,0.029661893844604492,0.7535293042659759,False,0.061163185980589084,False
candidate_002871,D0-D2,D0,D2,000,100,4214,14,3,1098,1099,1102,0.42346156408033453,0.47598741001451006,0.8179190358917541,0.7597972260789279,2.262521982192993,2.2244794368743896,0.038042545318603516,0.7535293042659759,False,0.06108906820410535,False
candidate_002872,D0-D2,D0,D2,000,100,4222,22,3,747,748,751,0.4028547662237138,0.47598741001451006,0.8250677517969779,0.7597972260789279,2.2318451404571533,2.2676846981048584,0.03583955764770508,0.7535293042659759,False,0.06102409717360014,False
candidate_002873,D0-D2,D0,D2,000,100,4221,21,3,396,397,400,0.43682949993114895,0.47598741001451006,1.080777016718268,0.7597972260789279,2.1870429515838623,2.216704845428467,0.029661893844604492,0.7535293042659759,False,0.06101275462084437,False
candidate_002874,D0-D2,D0,D2,000,100,4205,5,10,1016,1017,1027,0.2736317056456186,0.49936698246710554,1.07992202085309,0.9109722042901004,2.2415318489074707,2.2202963829040527,0.02123546600341797,0.7535293042659759,False,0.06096805310663546,False
candidate_002875,D0-D2,D0,D2,000,100,4214,14,3,596,597,600,0.4127779465100348,0.47598741001451006,0.795056541281857,0.7597972260789279,2.262521982192993,2.2244794368743896,0.038042545318603516,0.7535293042659759,False,0.06091843126584057,False
candidate_002876,D0-D2,D0,D2,000,100,4214,14,3,117,118,121,0.4444663869652433,0.47598741001451006,0.8548578704157255,0.7597972260789279,2.262521982192993,2.2244794368743896,0.038042545318603516,0.7535293042659759,False,0.06083061033838128,False
candidate_002877,D0-D2,D0,D2,000,100,4221,21,5,634,635,640,0.42248164426848406,0.4828801581659705,1.0800192772545765,0.8000757674576986,2.1870429515838623,2.216704845428467,0.029661893844604492,0.7535293042659759,False,0.06073382531684672,False
candidate_002878,D0-D2,D0,D2,000,100,4205,5,5,2336,2337,2342,0.2586071423577016,0.4828801581659705,0.9212886972169013,0.8000757674576986,2.2415318489074707,2.2202963829040527,0.02123546600341797,0.7535293042659759,False,0.06059337189817606,False
candidate_002879,D0-D2,D0,D2,000,100,4222,22,5,746,747,752,0.3923241068229749,0.4828801581659705,0.827276287736499,0.8000757674576986,2.2318451404571533,2.2676846981048584,0.03583955764770508,0.7535293042659759,False,0.0605307868584826,False
candidate_002880,D0-D2,D0,D2,000,100,4222,22,5,750,751,756,0.4420850428947817,0.4828801581659705,0.9284822241652779,0.8000757674576986,2.2318451404571533,2.2676846981048584,0.03583955764770508,0.7535293042659759,False,0.06028905961355845,False
candidate_002881,D0-D2,D0,D2,000,100,4221,21,3,21,22,25,0.34678893973852304,0.47598741001451006,0.8465453986873108,0.7597972260789279,2.1870429515838623,2.216704845428467,0.029661893844604492,0.7535293042659759,False,0.060197923047912834,False
candidate_002882,D0-D2,D0,D2,000,100,4222,22,10,749,750,760,0.3958220844502152,0.49936698246710554,0.9110406816307106,0.9109722042901004,2.2318451404571533,2.2676846981048584,0.03583955764770508,0.7535293042659759,False,0.060008799857675016,False
candidate_002883,D0-D2,D0,D2,000,100,4205,5,3,1019,1020,1023,0.3168088370452299,0.47598741001451006,1.076786546350554,0.7597972260789279,2.2415318489074707,2.2202963829040527,0.02123546600341797,0.7535293042659759,False,0.06000559478449732,False
candidate_002884,D0-D2,D0,D2,000,100,4214,14,3,43,44,47,0.4134690507374962,0.47598741001451006,0.7829333608119791,0.7597972260789279,2.262521982192993,2.2244794368743896,0.038042545318603516,0.7535293042659759,False,0.05988926373495449,False
candidate_002885,D0-D2,D0,D2,000,100,4205,5,10,1662,1663,1673,0.30767867343304284,0.49936698246710554,1.1911183338821862,0.9109722042901004,2.2415318489074707,2.2202963829040527,0.02123546600341797,0.7535293042659759,False,0.05980449981769166,False
candidate_002886,D0-D2,D0,D2,000,100,4221,21,3,584,585,588,0.41226243993782286,0.47598741001451006,0.9997765351861497,0.7597972260789279,2.1870429515838623,2.216704845428467,0.029661893844604492,0.7535293042659759,False,0.059803370618582055,False
candidate_002887,D0-D2,D0,D2,000,100,4221,21,10,42,43,53,0.35572846008547737,0.49936698246710554,0.9858575172806462,0.9109722042901004,2.1870429515838623,2.216704845428467,0.029661893844604492,0.7535293042659759,False,0.059801071812208784,False
candidate_002888,D0-D2,D0,D2,000,100,4221,21,10,584,585,595,0.4377879338062479,0.49936698246710554,1.2080141662544532,0.9109722042901004,2.1870429515838623,2.216704845428467,0.029661893844604492,0.7535293042659759,False,0.05954175997423454,False
candidate_002889,D0-D2,D0,D2,000,100,4214,14,10,157,158,168,0.4700754389713326,0.49936698246710554,1.0109289438516504,0.9109722042901004,2.262521982192993,2.2244794368743896,0.038042545318603516,0.7535293042659759,False,0.05951647332239701,False
candidate_002890,D0-D2,D0,D2,000,100,4222,22,3,749,750,753,0.43561447425020544,0.47598741001451006,0.8686042395027966,0.7597972260789279,2.2318451404571533,2.2676846981048584,0.03583955764770508,0.7535293042659759,False,0.0594127834602944,False
candidate_002891,D0-D2,D0,D2,000,100,4222,22,10,750,751,761,0.4110493914594155,0.49936698246710554,0.9355133648080998,0.9109722042901004,2.2318451404571533,2.2676846981048584,0.03583955764770508,0.7535293042659759,False,0.05933803753809053,False
candidate_002892,D0-D2,D0,D2,000,100,4205,5,3,1659,1660,1663,0.23093592199108393,0.47598741001451006,0.7749736323506248,0.7597972260789279,2.2415318489074707,2.2202963829040527,0.02123546600341797,0.7535293042659759,False,0.05924542855069446,False
candidate_002893,D0-D2,D0,D2,000,100,4222,22,3,750,751,754,0.46550729052340534,0.47598741001451006,0.9254433281521279,0.7597972260789279,2.2318451404571533,2.2676846981048584,0.03583955764770508,0.7535293042659759,False,0.05923570996722214,False
candidate_002894,D0-D2,D0,D2,000,100,4220,20,5,27,28,33,0.2177374312623584,0.4828801581659705,0.8523483658051781,0.8000757674576986,2.2647387981414795,2.2458486557006836,0.0188901424407959,0.7535293042659759,False,0.05922804090333788,False
candidate_002895,D0-D2,D0,D2,000,100,4205,5,10,1020,1021,1031,0.3376130432550855,0.49936698246710554,1.2817887839564948,0.9109722042901004,2.2415318489074707,2.2202963829040527,0.02123546600341797,0.7535293042659759,False,0.05865075374878047,False
candidate_002896,D0-D2,D0,D2,000,100,4214,14,3,116,117,120,0.46286610627534214,0.47598741001451006,0.858307621824407,0.7597972260789279,2.262521982192993,2.2244794368743896,0.038042545318603516,0.7535293042659759,False,0.05864821126658221,False
candidate_002897,D0-D2,D0,D2,000,100,4221,21,10,635,636,646,0.45330317333033504,0.49936698246710554,1.2284035143647711,0.9109722042901004,2.1870429515838623,2.216704845428467,0.029661893844604492,0.7535293042659759,False,0.058474392538360974,False
candidate_002898,D0-D2,D0,D2,000,100,4221,21,10,634,635,645,0.43562920437172714,0.49936698246710554,1.1747247092621604,0.9109722042901004,2.1870429515838623,2.216704845428467,0.029661893844604492,0.7535293042659759,False,0.058187881375728764,False
candidate_002899,D0-D2,D0,D2,000,100,4205,5,3,2336,2337,2340,0.2847095092967762,0.47598741001451006,0.936273423768616,0.7597972260789279,2.2415318489074707,2.2202963829040527,0.02123546600341797,0.7535293042659759,False,0.05805774114024437,False
candidate_002900,D0-D2,D0,D2,000,100,4214,14,5,1099,1100,1105,0.43622136808387685,0.4828801581659705,0.8310779520134282,0.8000757674576986,2.262521982192993,2.2244794368743896,0.038042545318603516,0.7535293042659759,False,0.05805137211051706,False
candidate_002901,D0-D2,D0,D2,000,100,4222,22,10,48,49,59,0.46184103082774086,0.49936698246710554,1.028307825122737,0.9109722042901004,2.2318451404571533,2.2676846981048584,0.03583955764770508,0.7535293042659759,False,0.05805074787259834,False
candidate_002902,D0-D2,D0,D2,000,100,4221,21,3,634,635,638,0.4288878436584831,0.47598741001451006,1.0090944246099465,0.7597972260789279,2.1870429515838623,2.216704845428467,0.029661893844604492,0.7535293042659759,False,0.05802091343492351,False
candidate_002903,D0-D2,D0,D2,000,100,4221,21,3,20,21,24,0.33836046378786766,0.47598741001451006,0.7932438879600551,0.7597972260789279,2.1870429515838623,2.216704845428467,0.029661893844604492,0.7535293042659759,False,0.05781274823006486,False
candidate_002904,D0-D2,D0,D2,000,100,4205,5,5,1661,1662,1667,0.3332072097045416,0.4828801581659705,1.1311855223486855,0.8000757674576986,2.2415318489074707,2.2202963829040527,0.02123546600341797,0.7535293042659759,False,0.0577416701262588,False
candidate_002905,D0-D2,D0,D2,000,100,4205,5,3,1016,1017,1020,0.2639767185847745,0.47598741001451006,0.8632557893078906,0.7597972260789279,2.2415318489074707,2.2202963829040527,0.02123546600341797,0.7535293042659759,False,0.057734217639028154,False
candidate_002906,D0-D2,D0,D2,000,100,4221,21,5,584,585,590,0.4159066002558762,0.4828801581659705,1.0078645814036027,0.8000757674576986,2.1870429515838623,2.216704845428467,0.029661893844604492,0.7535293042659759,False,0.05757226879453803,False
candidate_002907,D0-D2,D0,D2,000,100,4221,21,5,583,584,589,0.4179861922084111,0.4828801581659705,1.0082860010670596,0.8000757674576986,2.1870429515838623,2.216704845428467,0.029661893844604492,0.7535293042659759,False,0.05730978451272375,False
candidate_002908,D0-D2,D0,D2,000,100,4205,5,10,2337,2338,2348,0.27027910464324467,0.49936698246710554,0.9997850402989007,0.9109722042901004,2.2415318489074707,2.2202963829040527,0.02123546600341797,0.7535293042659759,False,0.05714398328017417,False
candidate_002909,D0-D2,D0,D2,000,100,4214,14,5,119,120,125,0.4730493146058206,0.4828801581659705,0.8866513553625384,0.8000757674576986,2.262521982192993,2.2244794368743896,0.038042545318603516,0.7535293042659759,False,0.05711157386651269,False
candidate_002910,D0-D2,D0,D2,000,100,4221,21,5,582,583,588,0.41320639446398455,0.4828801581659705,0.991697714566433,0.8000757674576986,2.1870429515838623,2.216704845428467,0.029661893844604492,0.7535293042659759,False,0.057018954801958906,False
candidate_002911,D0-D2,D0,D2,000,100,4221,21,5,635,636,641,0.482451929146935,0.4828801581659705,1.1565766299288978,0.8000757674576986,2.1870429515838623,2.216704845428467,0.029661893844604492,0.7535293042659759,False,0.056954407564804806,False
candidate_002912,D0-D2,D0,D2,000,100,4222,22,3,746,747,750,0.40182476048366816,0.47598741001451006,0.7674965094969305,0.7597972260789279,2.2318451404571533,2.2676846981048584,0.03583955764770508,0.7535293042659759,False,0.05691149193952254,False
candidate_002913,D0-D2,D0,D2,000,100,4221,21,3,397,398,401,0.4757970846862018,0.47598741001451006,1.0975856051921558,0.7597972260789279,2.1870429515838623,2.216704845428467,0.029661893844604492,0.7535293042659759,False,0.05688701132719974,False
candidate_002914,D0-D2,D0,D2,000,100,4214,14,10,600,601,611,0.4537923749611977,0.49936698246710554,0.9312865739046456,0.9109722042901004,2.262521982192993,2.2244794368743896,0.038042545318603516,0.7535293042659759,False,0.056795021197004796,False
candidate_002915,D0-D2,D0,D2,000,100,4221,21,10,633,634,644,0.4389965724300618,0.49936698246710554,1.1543137020187448,0.9109722042901004,2.1870429515838623,2.216704845428467,0.029661893844604492,0.7535293042659759,False,0.0567382778066558,False
candidate_002916,D0-D2,D0,D2,000,100,4221,21,3,45,46,49,0.43158473823791077,0.47598741001451006,0.9879197522065943,0.7597972260789279,2.1870429515838623,2.216704845428467,0.029661893844604492,0.7535293042659759,False,0.05644845787791706,False
candidate_002917,D0-D2,D0,D2,000,100,4205,5,10,1015,1016,1026,0.27561937986808244,0.49936698246710554,1.0067541761200955,0.9109722042901004,2.2415318489074707,2.2202963829040527,0.02123546600341797,0.7535293042659759,False,0.05642739950795546,False
candidate_002918,D0-D2,D0,D2,000,100,4214,14,3,45,46,49,0.439286116078138,0.47598741001451006,0.7831821601520517,0.7597972260789279,2.262521982192993,2.2244794368743896,0.038042545318603516,0.7535293042659759,False,0.05638745469610495,False
candidate_002919,D0-D2,D0,D2,000,100,4222,22,10,751,752,762,0.4319464936744251,0.49936698246710554,0.9312420613256955,0.9109722042901004,2.2318451404571533,2.2676846981048584,0.03583955764770508,0.7535293042659759,False,0.056209513034857064,False
candidate_002920,D0-D2,D0,D2,000,100,4205,5,3,1660,1661,1664,0.31096222975097193,0.47598741001451006,0.9881611623577955,0.7597972260789279,2.2415318489074707,2.2202963829040527,0.02123546600341797,0.7535293042659759,False,0.056102155879828156,False
candidate_002921,D0-D2,D0,D2,000,100,4221,21,5,632,633,638,0.401681778191502,0.4828801581659705,0.9454839882548469,0.8000757674576986,2.1870429515838623,2.216704845428467,0.029661893844604492,0.7535293042659759,False,0.05592152689683281,False
candidate_002922,D0-D2,D0,D2,000,100,4214,14,5,117,118,123,0.46173080595328214,0.4828801581659705,0.8459068024961167,0.8000757674576986,2.262521982192993,2.2244794368743896,0.038042545318603516,0.7535293042659759,False,0.05582276322718214,False
candidate_002923,D0-D2,D0,D2,000,100,4222,22,10,752,753,763,0.45128556078399534,0.49936698246710554,0.9630145675003392,0.9109722042901004,2.2318451404571533,2.2676846981048584,0.03583955764770508,0.7535293042659759,False,0.0556363474830405,False
candidate_002924,D0-D2,D0,D2,000,100,4214,14,5,118,119,124,0.4638613824791797,0.4828801581659705,0.8437914521981743,0.8000757674576986,2.262521982192993,2.2244794368743896,0.038042545318603516,0.7535293042659759,False,0.05542740769076664,False
candidate_002925,D0-D2,D0,D2,000,100,4222,22,10,753,754,764,0.4700694796362054,0.49936698246710554,0.9970455847825854,0.9109722042901004,2.2318451404571533,2.2676846981048584,0.03583955764770508,0.7535293042659759,False,0.055300639362078685,False
candidate_002926,D0-D2,D0,D2,000,100,4214,14,3,118,119,122,0.45592501844261535,0.47598741001451006,0.796963361077216,0.7597972260789279,2.262521982192993,2.2244794368743896,0.038042545318603516,0.7535293042659759,False,0.05528561102781868,False
candidate_002927,D0-D2,D0,D2,000,100,4221,21,3,395,396,399,0.44788571946729366,0.47598741001451006,1.0027777304569903,0.7597972260789279,2.1870429515838623,2.216704845428467,0.029661893844604492,0.7535293042659759,False,0.05521206073563954,False
candidate_002928,D0-D2,D0,D2,000,100,4214,14,10,1099,1100,1110,0.49861340827965567,0.49936698246710554,0.9938414476755206,0.9109722042901004,2.262521982192993,2.2244794368743896,0.038042545318603516,0.7535293042659759,False,0.055161652761498724,False
candidate_002929,D0-D2,D0,D2,000,100,4222,22,10,754,755,765,0.49175283604236636,0.49936698246710554,1.0375204338311514,0.9109722042901004,2.2318451404571533,2.2676846981048584,0.03583955764770508,0.7535293042659759,False,0.055008142226774165,False
candidate_002930,D0-D2,D0,D2,000,100,4221,21,10,583,584,594,0.45118907749437787,0.49936698246710554,1.1478561627760964,0.9109722042901004,2.1870429515838623,2.216704845428467,0.029661893844604492,0.7535293042659759,False,0.05489620475756854,False
candidate_002931,D0-D2,D0,D2,000,100,4221,21,3,582,583,586,0.42387071078335103,0.47598741001451006,0.9432849026717157,0.7597972260789279,2.1870429515838623,2.216704845428467,0.029661893844604492,0.7535293042659759,False,0.054878971981228535,False
candidate_002932,D0-D2,D0,D2,000,100,4222,22,3,733,734,737,0.4755975945797303,0.47598741001451006,0.8748441664520547,0.7597972260789279,2.2318451404571533,2.2676846981048584,0.03583955764770508,0.7535293042659759,False,0.054808927908654013,False
candidate_002933,D0-D2,D0,D2,000,100,4214,14,5,598,599,604,0.47271114264822545,0.4828801581659705,0.8475083409455102,0.8000757674576986,2.262521982192993,2.2244794368743896,0.038042545318603516,0.7535293042659759,False,0.054629321349776126,False
candidate_002934,D0-D2,D0,D2,000,100,4221,21,5,396,397,402,0.46086279377519207,0.4828801581659705,1.0565123994397114,0.8000757674576986,2.1870429515838623,2.216704845428467,0.029661893844604492,0.7535293042659759,False,0.054464048852574186,False
candidate_002935,D0-D2,D0,D2,000,100,4214,14,5,116,117,122,0.47630473480558944,0.4828801581659705,0.8511517813222861,0.8000757674576986,2.262521982192993,2.2244794368743896,0.038042545318603516,0.7535293042659759,False,0.05445023738408223,False
candidate_002936,D0-D2,D0,D2,000,100,4220,20,10,29,30,40,0.23158146629778714,0.49936698246710554,0.9140192037344239,0.9109722042901004,2.2647387981414795,2.2458486557006836,0.0188901424407959,0.7535293042659759,False,0.054237705093311384,False
candidate_002937,D0-D2,D0,D2,000,100,4221,21,5,397,398,403,0.46885271931282474,0.4828801581659705,1.060402173813717,0.8000757674576986,2.1870429515838623,2.216704845428467,0.029661893844604492,0.7535293042659759,False,0.05373300680212203,False
candidate_002938,D0-D2,D0,D2,000,100,4221,21,3,46,47,50,0.46456873615115307,0.47598741001451006,1.0108628993993494,0.7597972260789279,2.1870429515838623,2.216704845428467,0.029661893844604492,0.7535293042659759,False,0.053658529819334805,False
candidate_002939,D0-D2,D0,D2,000,100,4205,5,5,1016,1017,1022,0.28303174133508563,0.4828801581659705,0.8928542772503995,0.8000757674576986,2.2415318489074707,2.2202963829040527,0.02123546600341797,0.7535293042659759,False,0.05365563427451059,False
candidate_002940,D0-D2,D0,D2,000,100,4205,5,5,1020,1021,1026,0.3789182135050169,0.4828801581659705,1.185906535330084,0.8000757674576986,2.2415318489074707,2.2202963829040527,0.02123546600341797,0.7535293042659759,False,0.0532322562734788,False
candidate_002941,D0-D2,D0,D2,000,100,4222,22,3,734,735,738,0.47306786472167967,0.47598741001451006,0.8428846188236915,0.7597972260789279,2.2318451404571533,2.2676846981048584,0.03583955764770508,0.7535293042659759,False,0.05308904798617295,False
candidate_002942,D0-D2,D0,D2,000,100,4221,21,10,632,633,643,0.4488859312822611,0.49936698246710554,1.103610627178415,0.9109722042901004,2.1870429515838623,2.216704845428467,0.029661893844604492,0.7535293042659759,False,0.053050967369196476,False
candidate_002943,D0-D2,D0,D2,000,100,4221,21,3,583,584,587,0.43527000266662197,0.47598741001451006,0.9295350958546318,0.7597972260789279,2.1870429515838623,2.216704845428467,0.029661893844604492,0.7535293042659759,False,0.05266275142866485,False
candidate_002944,D0-D2,D0,D2,000,100,4220,20,5,28,29,34,0.24347795444589526,0.4828801581659705,0.8457667179099952,0.8000757674576986,2.2647387981414795,2.2458486557006836,0.0188901424407959,0.7535293042659759,False,0.052557448875180636,False
candidate_002945,D0-D2,D0,D2,000,100,4222,22,5,751,752,757,0.4682278740109513,0.4828801581659705,0.8571658491063139,0.8000757674576986,2.2318451404571533,2.2676846981048584,0.03583955764770508,0.7535293042659759,False,0.05255067920132056,False
candidate_002946,D0-D2,D0,D2,000,100,4214,14,5,1098,1099,1104,0.470534765363034,0.4828801581659705,0.8100076615633395,0.8000757674576986,2.262521982192993,2.2244794368743896,0.038042545318603516,0.7535293042659759,False,0.052453572672441655,False
candidate_002947,D0-D2,D0,D2,000,100,4205,5,10,1014,1015,1025,0.278139737204499,0.49936698246710554,0.9313474557952377,0.9109722042901004,2.2415318489074707,2.2202963829040527,0.02123546600341797,0.7535293042659759,False,0.05172792290468231,False
candidate_002948,D0-D2,D0,D2,000,100,4221,21,5,631,632,637,0.4132099518835748,0.4828801581659705,0.8992445614866942,0.8000757674576986,2.1870429515838623,2.216704845428467,0.029661893844604492,0.7535293042659759,False,0.051702794939075154,False
candidate_002949,D0-D2,D0,D2,000,100,4205,5,5,2268,2269,2274,0.29447317892237757,0.4828801581659705,0.8904383278226515,0.8000757674576986,2.2415318489074707,2.2202963829040527,0.02123546600341797,0.7535293042659759,False,0.051431358243718174,False
candidate_002950,D0-D2,D0,D2,000,100,4221,21,10,582,583,593,0.4602267855454689,0.49936698246710554,1.0925920660839163,0.9109722042901004,2.1870429515838623,2.216704845428467,0.029661893844604492,0.7535293042659759,False,0.0512270773806913,False
candidate_002951,D0-D2,D0,D2,000,100,4221,21,3,581,582,585,0.4106426138983698,0.47598741001451006,0.8498726604390184,0.7597972260789279,2.1870429515838623,2.216704845428467,0.029661893844604492,0.7535293042659759,False,0.0510371406175997,False
candidate_002952,D0-D2,D0,D2,000,100,4205,5,5,2337,2338,2343,0.3340468235281269,0.4828801581659705,0.9912053126909743,0.8000757674576986,2.2415318489074707,2.2202963829040527,0.02123546600341797,0.7535293042659759,False,0.05046917060645109,False
candidate_002953,D0-D2,D0,D2,000,100,4221,21,10,631,632,642,0.44965768089598973,0.49936698246710554,1.045637994865091,0.9109722042901004,2.1870429515838623,2.216704845428467,0.029661893844604492,0.7535293042659759,False,0.05017793299631268,False
candidate_002954,D0-D2,D0,D2,000,100,4220,20,3,28,29,32,0.26395576468268006,0.47598741001451006,0.8427487420308777,0.7597972260789279,2.2647387981414795,2.2458486557006836,0.0188901424407959,0.7535293042659759,False,0.05014178726591604,False
candidate_002955,D0-D2,D0,D2,000,100,4221,21,3,632,633,636,0.3999916995069335,0.47598741001451006,0.8097835648457521,0.7597972260789279,2.1870429515838623,2.216704845428467,0.029661893844604492,0.7535293042659759,False,0.04992458586555441,False
candidate_002956,D0-D2,D0,D2,000,100,4221,21,5,581,582,587,0.42209069779624414,0.4828801581659705,0.8826597914876148,0.8000757674576986,2.1870429515838623,2.216704845428467,0.029661893844604492,0.7535293042659759,False,0.04968148122679985,False
candidate_002957,D0-D2,D0,D2,000,100,4205,5,5,2267,2268,2273,0.28095633195659153,0.4828801581659705,0.8167265604407489,0.8000757674576986,2.2415318489074707,2.2202963829040527,0.02123546600341797,0.7535293042659759,False,0.04944333401951576,False
candidate_002958,D0-D2,D0,D2,000,100,4205,5,3,2270,2271,2274,0.3604386500422039,0.47598741001451006,1.00093187274665,0.7597972260789279,2.2415318489074707,2.2202963829040527,0.02123546600341797,0.7535293042659759,False,0.049026690288857956,False
candidate_002959,D0-D2,D0,D2,000,100,4205,5,3,1284,1285,1288,0.4693270517891296,0.47598741001451006,1.292052715767543,0.7597972260789279,2.2415318489074707,2.2202963829040527,0.02123546600341797,0.7535293042659759,False,0.048603109728251916,False
candidate_002960,D0-D2,D0,D2,000,100,4221,21,3,631,632,635,0.41169832495635317,0.47598741001451006,0.805646878060932,0.7597972260789279,2.1870429515838623,2.216704845428467,0.029661893844604492,0.7535293042659759,False,0.048257200099856894,False
candidate_002961,D0-D2,D0,D2,000,100,4205,5,5,1662,1663,1668,0.4123477501346418,0.4828801581659705,1.1656122855656592,0.8000757674576986,2.2415318489074707,2.2202963829040527,0.02123546600341797,0.7535293042659759,False,0.048079548419155065,False
candidate_002962,D0-D2,D0,D2,000,100,4205,5,10,1021,1022,1032,0.414165443152617,0.49936698246710554,1.2878326734412409,0.9109722042901004,2.2415318489074707,2.2202963829040527,0.02123546600341797,0.7535293042659759,False,0.0480354570246757,False
candidate_002963,D0-D2,D0,D2,000,100,4205,5,3,1015,1016,1019,0.28620667914996817,0.47598741001451006,0.7757572740770434,0.7597972260789279,2.2415318489074707,2.2202963829040527,0.02123546600341797,0.7535293042659759,False,0.04785259602161012,False
candidate_002964,D0-D2,D0,D2,000,100,4205,5,3,2268,2269,2272,0.30572527723740206,0.47598741001451006,0.8252155486988872,0.7597972260789279,2.2415318489074707,2.2202963829040527,0.02123546600341797,0.7535293042659759,False,0.04765357270233427,False
candidate_002965,D0-D2,D0,D2,000,100,4205,5,3,1661,1662,1665,0.40100174750652257,0.47598741001451006,1.0811623143041693,0.7597972260789279,2.2415318489074707,2.2202963829040527,0.02123546600341797,0.7535293042659759,False,0.04759968135677004,False
candidate_002966,D0-D2,D0,D2,000,100,4221,21,10,630,631,641,0.44432992921477754,0.49936698246710554,0.9746127241360882,0.9109722042901004,2.1870429515838623,2.216704845428467,0.029661893844604492,0.7535293042659759,False,0.04733037413638956,False
candidate_002967,D0-D2,D0,D2,000,100,4205,5,5,2269,2270,2275,0.3150745406658877,0.4828801581659705,0.8725955935272672,0.8000757674576986,2.2415318489074707,2.2202963829040527,0.02123546600341797,0.7535293042659759,False,0.04710528077052066,False
candidate_002968,D0-D2,D0,D2,000,100,4221,21,10,581,582,592,0.4686596115790276,0.49936698246710554,1.0182217168911536,0.9109722042901004,2.1870429515838623,2.216704845428467,0.029661893844604492,0.7535293042659759,False,0.046881149866941606,False
candidate_002969,D0-D2,D0,D2,000,100,4220,20,10,30,31,41,0.2783471360969659,0.49936698246710554,0.9480441916267031,0.9109722042901004,2.2647387981414795,2.2458486557006836,0.0188901424407959,0.7535293042659759,False,0.04680493095174947,False
candidate_002970,D0-D2,D0,D2,000,100,4205,5,10,1663,1664,1674,0.39308967362367014,0.49936698246710554,1.1849815353277462,0.9109722042901004,2.2415318489074707,2.2202963829040527,0.02123546600341797,0.7535293042659759,False,0.04656893386268902,False
candidate_002971,D0-D2,D0,D2,000,100,4205,5,5,2270,2271,2276,0.3337519194900414,0.4828801581659705,0.9109236684174598,0.8000757674576986,2.2415318489074707,2.2202963829040527,0.02123546600341797,0.7535293042659759,False,0.0464224553652671,False
candidate_002972,D0-D2,D0,D2,000,100,4205,5,10,2338,2339,2349,0.33730805598618674,0.49936698246710554,1.009846821147689,0.9109722042901004,2.2415318489074707,2.2202963829040527,0.02123546600341797,0.7535293042659759,False,0.04624929708331661,False
candidate_002973,D0-D2,D0,D2,000,100,4220,20,5,29,30,35,0.2860524240999836,0.4828801581659705,0.8730069393315026,0.8000757674576986,2.2647387981414795,2.2458486557006836,0.0188901424407959,0.7535293042659759,False,0.04617590258871504,False
candidate_002974,D0-D2,D0,D2,000,100,4205,5,3,2269,2270,2273,0.34146931359115507,0.47598741001451006,0.8925981395423898,0.7597972260789279,2.2415318489074707,2.2202963829040527,0.02123546600341797,0.7535293042659759,False,0.04614915008673853,False
candidate_002975,D0-D2,D0,D2,000,100,4205,5,3,2337,2338,2341,0.39499821660014406,0.47598741001451006,1.0281680994164202,0.7597972260789279,2.2415318489074707,2.2202963829040527,0.02123546600341797,0.7535293042659759,False,0.04595453772045458,False
candidate_002976,D0-D2,D0,D2,000,100,4205,5,3,1020,1021,1024,0.4477817076753472,0.47598741001451006,1.1511279471242677,0.7597972260789279,2.2415318489074707,2.2202963829040527,0.02123546600341797,0.7535293042659759,False,0.04538545158742463,False
candidate_002977,D0-D2,D0,D2,000,100,4205,5,3,2566,2567,2570,0.3061161203616773,0.47598741001451006,0.7847278811429746,0.7597972260789279,2.2415318489074707,2.2202963829040527,0.02123546600341797,0.7535293042659759,False,0.0452576807024974,False
candidate_002978,D0-D2,D0,D2,000,100,4221,21,10,629,630,640,0.4393120282072338,0.49936698246710554,0.9164713127346097,0.9109722042901004,2.1870429515838623,2.216704845428467,0.029661893844604492,0.7535293042659759,False,0.04501520258122918,False
candidate_002979,D0-D2,D0,D2,000,100,4205,5,3,1447,1448,1451,0.3170296297772755,0.47598741001451006,0.7948901616601892,0.7597972260789279,2.2415318489074707,2.2202963829040527,0.02123546600341797,0.7535293042659759,False,0.04426563306538515,False
candidate_002980,D0-D2,D0,D2,000,100,4219,19,3,47,48,51,0.25544067910305157,0.47598741001451006,0.7660700855354171,0.7597972260789279,2.270905017852783,2.253171682357788,0.017733335494995117,0.7535293042659759,False,0.044214680365061355,False
candidate_002981,D0-D2,D0,D2,000,100,4221,21,5,580,581,586,0.435237221026804,0.4828801581659705,0.8073164079863996,0.8000757674576986,2.1870429515838623,2.216704845428467,0.029661893844604492,0.7535293042659759,False,0.0440681403570257,False
candidate_002982,D0-D2,D0,D2,000,100,4220,20,3,29,30,33,0.31834258652218544,0.47598741001451006,0.8805858216129334,0.7597972260789279,2.2647387981414795,2.2458486557006836,0.0188901424407959,0.7535293042659759,False,0.04344199850388762,False
candidate_002983,D0-D2,D0,D2,000,100,4205,5,3,1487,1488,1491,0.3479588297258167,0.47598741001451006,0.8524555781013727,0.7597972260789279,2.2415318489074707,2.2202963829040527,0.02123546600341797,0.7535293042659759,False,0.043251712434211116,False
candidate_002984,D0-D2,D0,D2,000,100,4205,5,3,1446,1447,1450,0.31581770153943395,0.47598741001451006,0.7704725751487086,0.7597972260789279,2.2415318489074707,2.2202963829040527,0.02123546600341797,0.7535293042659759,False,0.043070521239060015,False
candidate_002985,D0-D2,D0,D2,000,100,4221,21,10,580,581,591,0.47572500092477477,0.49936698246710554,0.9433596076492011,0.9109722042901004,2.1870429515838623,2.216704845428467,0.029661893844604492,0.7535293042659759,False,0.042789255400939696,False
candidate_002986,D0-D2,D0,D2,000,100,4220,20,3,1320,1321,1324,0.3558662179307251,0.47598741001451006,0.9562948980362337,0.7597972260789279,2.2647387981414795,2.2458486557006836,0.0188901424407959,0.7535293042659759,False,0.04220247529550077,False
candidate_002987,D0-D2,D0,D2,000,100,4205,5,5,2271,2272,2277,0.3587259147604014,0.4828801581659705,0.888190904263746,0.8000757674576986,2.2415318489074707,2.2202963829040527,0.02123546600341797,0.7535293042659759,False,0.04211273647019123,False
candidate_002988,D0-D2,D0,D2,000,100,4205,5,10,1514,1515,1525,0.46871129556330543,0.49936698246710554,1.2670401564676408,0.9109722042901004,2.2415318489074707,2.2202963829040527,0.02123546600341797,0.7535293042659759,False,0.04176007855201867,False
candidate_002989,D0-D2,D0,D2,000,100,4220,20,3,1319,1320,1323,0.35174545594234435,0.47598741001451006,0.9331344436812173,0.7597972260789279,2.2647387981414795,2.2458486557006836,0.0188901424407959,0.7535293042659759,False,0.04166281142380617,False
candidate_002990,D0-D2,D0,D2,000,100,4220,20,10,1366,1367,1377,0.4315670314632473,0.49936698246710554,1.2901715255221062,0.9109722042901004,2.2647387981414795,2.2458486557006836,0.0188901424407959,0.7535293042659759,False,0.04108175389870804,False
candidate_002991,D0-D2,D0,D2,000,100,4205,5,3,1445,1446,1449,0.3320828503325727,0.47598741001451006,0.7710289020350445,0.7597972260789279,2.2415318489074707,2.2202963829040527,0.02123546600341797,0.7535293042659759,False,0.04099053826906348,False
candidate_002992,D0-D2,D0,D2,000,100,4205,5,3,2271,2272,2275,0.3804671861481819,0.47598741001451006,0.8762788773587181,0.7597972260789279,2.2415318489074707,2.2202963829040527,0.02123546600341797,0.7535293042659759,False,0.04066160790084523,False
candidate_002993,D0-D2,D0,D2,000,100,4205,5,10,1513,1514,1524,0.4634690446369373,0.49936698246710554,1.2164447218890224,0.9109722042901004,2.2415318489074707,2.2202963829040527,0.02123546600341797,0.7535293042659759,False,0.04054599786155191,False
candidate_002994,D0-D2,D0,D2,000,100,4220,20,3,1366,1367,1370,0.43611728161591545,0.47598741001451006,1.1218858836301604,0.7597972260789279,2.2647387981414795,2.2458486557006836,0.0188901424407959,0.7535293042659759,False,0.04039970885905286,False
candidate_002995,D0-D2,D0,D2,000,100,4220,20,10,1367,1368,1378,0.44414507273973375,0.49936698246710554,1.303123763648391,0.9109722042901004,2.2647387981414795,2.2458486557006836,0.0188901424407959,0.7535293042659759,False,0.04031907875892408,False
candidate_002996,D0-D2,D0,D2,000,100,4220,20,10,1365,1366,1376,0.4332650533820166,0.49936698246710554,1.2711863036225666,0.9109722042901004,2.2647387981414795,2.2458486557006836,0.0188901424407959,0.7535293042659759,False,0.04031858932010459,False
candidate_002997,D0-D2,D0,D2,000,100,4205,5,10,1512,1513,1523,0.45768120380206906,0.49936698246710554,1.1911661614849425,0.9109722042901004,2.2415318489074707,2.2202963829040527,0.02123546600341797,0.7535293042659759,False,0.04020551393443677,False
candidate_002998,D0-D2,D0,D2,000,100,4205,5,5,1511,1512,1517,0.4355053770302124,0.4828801581659705,1.0293481854010833,0.8000757674576986,2.2415318489074707,2.2202963829040527,0.02123546600341797,0.7535293042659759,False,0.040201168332408804,False
candidate_002999,D0-D2,D0,D2,000,100,4205,5,3,2444,2445,2448,0.40611777695651624,0.47598741001451006,0.9168949872647624,0.7597972260789279,2.2415318489074707,2.2202963829040527,0.02123546600341797,0.7535293042659759,False,0.03985905606610654,False
candidate_003000,D0-D2,D0,D2,000,100,4205,5,10,1515,1516,1526,0.4881653803242341,0.49936698246710554,1.2517466553466015,0.9109722042901004,2.2415318489074707,2.2202963829040527,0.02123546600341797,0.7535293042659759,False,0.03961191242122587,False
candidate_003001,D0-D2,D0,D2,000,100,4220,20,5,30,31,36,0.3501540534681735,0.4828801581659705,0.9145828298321076,0.8000757674576986,2.2647387981414795,2.2458486557006836,0.0188901424407959,0.7535293042659759,False,0.0395191154650878,False
candidate_003002,D0-D2,D0,D2,000,100,4205,5,10,1511,1512,1522,0.4466451965224585,0.49936698246710554,1.1352606168043577,0.9109722042901004,2.2415318489074707,2.2202963829040527,0.02123546600341797,0.7535293042659759,False,0.03926533000372958,False
candidate_003003,D0-D2,D0,D2,000,100,4205,5,5,1512,1513,1518,0.4698776772567329,0.4828801581659705,1.0815932973857172,0.8000757674576986,2.2415318489074707,2.2202963829040527,0.02123546600341797,0.7535293042659759,False,0.03915155961952192,False
candidate_003004,D0-D2,D0,D2,000,100,4220,20,10,31,32,42,0.3394507839664583,0.49936698246710554,0.9654812598438444,0.9109722042901004,2.2647387981414795,2.2458486557006836,0.0188901424407959,0.7535293042659759,False,0.03908560302568321,False
candidate_003005,D0-D2,D0,D2,000,100,4205,5,3,2567,2568,2571,0.35269969160394343,0.47598741001451006,0.7781776144441165,0.7597972260789279,2.2415318489074707,2.2202963829040527,0.02123546600341797,0.7535293042659759,False,0.03895229628661788,False
candidate_003006,D0-D2,D0,D2,000,100,4220,20,3,1367,1368,1371,0.46631134517156986,0.47598741001451006,1.1562773996796423,0.7597972260789279,2.2647387981414795,2.2458486557006836,0.0188901424407959,0.7535293042659759,False,0.03894205839087725,False
candidate_003007,D0-D2,D0,D2,000,100,4220,20,5,1367,1368,1373,0.47118603998161807,0.4828801581659705,1.2055546579305725,0.8000757674576986,2.2647387981414795,2.2458486557006836,0.0188901424407959,0.7535293042659759,False,0.038711305731562,False
candidate_003008,D0-D2,D0,D2,000,100,4220,20,10,1364,1365,1375,0.42828857141668153,0.49936698246710554,1.2064307956643363,0.9109722042901004,2.2647387981414795,2.2458486557006836,0.0188901424407959,0.7535293042659759,False,0.03870933524195804,False
candidate_003009,D0-D2,D0,D2,000,100,4205,5,10,2339,2340,2350,0.40232434894112284,0.49936698246710554,1.0059747920208646,0.9109722042901004,2.2415318489074707,2.2202963829040527,0.02123546600341797,0.7535293042659759,False,0.03862665747671422,False
candidate_003010,D0-D2,D0,D2,000,100,4220,20,5,1366,1367,1372,0.4546705563412698,0.4828801581659705,1.1604238254550736,0.8000757674576986,2.2647387981414795,2.2458486557006836,0.0188901424407959,0.7535293042659759,False,0.03861563100796328,False
candidate_003011,D0-D2,D0,D2,000,100,4205,5,5,1510,1511,1516,0.4125726604084003,0.4828801581659705,0.9350542417198648,0.8000757674576986,2.2415318489074707,2.2202963829040527,0.02123546600341797,0.7535293042659759,False,0.03854839070372942,False
candidate_003012,D0-D2,D0,D2,000,100,4219,19,3,48,49,52,0.29572264294101963,0.47598741001451006,0.7683782787759489,0.7597972260789279,2.270905017852783,2.253171682357788,0.017733335494995117,0.7535293042659759,False,0.038307035707246535,False
candidate_003013,D0-D2,D0,D2,000,100,4205,5,3,1508,1509,1512,0.3777470120814306,0.47598741001451006,0.8168437593757,0.7597972260789279,2.2415318489074707,2.2202963829040527,0.02123546600341797,0.7535293042659759,False,0.038176610674145434,False
candidate_003014,D0-D2,D0,D2,000,100,4205,5,3,1486,1487,1490,0.3521434420699457,0.47598741001451006,0.7608533538206209,0.7597972260789279,2.2415318489074707,2.2202963829040527,0.02123546600341797,0.7535293042659759,False,0.03814527636813764,False
candidate_003015,D0-D2,D0,D2,000,100,4205,5,3,529,530,533,0.3726989939344229,0.47598741001451006,0.8024577247947163,0.7597972260789279,2.2415318489074707,2.2202963829040527,0.02123546600341797,0.7535293042659759,False,0.0380122304156867,False
candidate_003016,D0-D2,D0,D2,000,100,4220,20,3,1365,1366,1369,0.45436853977083164,0.47598741001451006,1.0964661917245206,0.7597972260789279,2.2647387981414795,2.2458486557006836,0.0188901424407959,0.7535293042659759,False,0.037898309671837105,False
candidate_003017,D0-D2,D0,D2,000,100,4220,20,10,1363,1364,1374,0.4139996034078952,0.49936698246710554,1.136627250499037,0.9109722042901004,2.2647387981414795,2.2458486557006836,0.0188901424407959,0.7535293042659759,False,0.03772835963642054,False
candidate_003018,D0-D2,D0,D2,000,100,4220,20,3,1318,1319,1322,0.3761736537604121,0.47598741001451006,0.9036115813103414,0.7597972260789279,2.2647387981414795,2.2458486557006836,0.0188901424407959,0.7535293042659759,False,0.037724740532422946,False
candidate_003019,D0-D2,D0,D2,000,100,4205,5,3,1507,1508,1511,0.4138761783791148,0.47598741001451006,0.8838881408838328,0.7597972260789279,2.2415318489074707,2.2202963829040527,0.02123546600341797,0.7535293042659759,False,0.037703901152927106,False
candidate_003020,D0-D2,D0,D2,000,100,4205,5,3,195,196,199,0.39435966420726115,0.47598741001451006,0.8375644750220408,0.7597972260789279,2.2415318489074707,2.2202963829040527,0.02123546600341797,0.7535293042659759,False,0.03749601997921614,False
candidate_003021,D0-D2,D0,D2,000,100,4205,5,3,528,529,532,0.386917237496631,0.47598741001451006,0.8178981319113539,0.7597972260789279,2.2415318489074707,2.2202963829040527,0.02123546600341797,0.7535293042659759,False,0.037319906701219235,False
candidate_003022,D0-D2,D0,D2,000,100,4205,5,10,1510,1511,1521,0.4379247845118341,0.49936698246710554,1.0531780735906247,0.9109722042901004,2.2415318489074707,2.2202963829040527,0.02123546600341797,0.7535293042659759,False,0.037151694884411945,False
candidate_003023,D0-D2,D0,D2,000,100,4205,5,5,2444,2445,2450,0.3992258588805483,0.4828801581659705,0.8703836168149611,0.8000757674576986,2.2415318489074707,2.2202963829040527,0.02123546600341797,0.7535293042659759,False,0.03708189645156114,False
candidate_003024,D0-D2,D0,D2,000,100,4220,20,5,1365,1366,1371,0.44999681736125424,0.4828801581659705,1.1009836507091901,0.8000757674576986,2.2647387981414795,2.2458486557006836,0.0188901424407959,0.7535293042659759,False,0.037018153977830835,False
candidate_003025,D0-D2,D0,D2,000,100,4205,5,5,2442,2443,2448,0.37115986231973286,0.4828801581659705,0.8039264925271369,0.8000757674576986,2.2415318489074707,2.2202963829040527,0.02123546600341797,0.7535293042659759,False,0.0368404756400661,False
candidate_003026,D0-D2,D0,D2,000,100,4220,20,10,1368,1369,1379,0.4891977247652613,0.49936698246710554,1.3080256674314554,0.9109722042901004,2.2647387981414795,2.2458486557006836,0.0188901424407959,0.7535293042659759,False,0.036743593020178156,False
candidate_003027,D0-D2,D0,D2,000,100,4205,5,10,1509,1510,1520,0.43186993259638257,0.49936698246710554,1.0237984167418397,0.9109722042901004,2.2415318489074707,2.2202963829040527,0.02123546600341797,0.7535293042659759,False,0.03662164363153369,False
candidate_003028,D0-D2,D0,D2,000,100,4205,5,3,196,197,200,0.4087090664321123,0.47598741001451006,0.8442918866090394,0.7597972260789279,2.2415318489074707,2.2202963829040527,0.02123546600341797,0.7535293042659759,False,0.03647016729295684,False
candidate_003029,D0-D2,D0,D2,000,100,4205,5,5,2443,2444,2449,0.38508156412395156,0.4828801581659705,0.8248403279861557,0.8000757674576986,2.2415318489074707,2.2202963829040527,0.02123546600341797,0.7535293042659759,False,0.036432338809933656,False
candidate_003030,D0-D2,D0,D2,000,100,4220,20,5,1320,1321,1326,0.3706471962620473,0.4828801581659705,0.8905460317665432,0.8000757674576986,2.2647387981414795,2.2458486557006836,0.0188901424407959,0.7535293042659759,False,0.036352893437777006,False
candidate_003031,D0-D2,D0,D2,000,100,4205,5,5,2338,2339,2344,0.4341049582806854,0.4828801581659705,0.9258862805556357,0.8000757674576986,2.2415318489074707,2.2202963829040527,0.02123546600341797,0.7535293042659759,False,0.036277119499801384,False
candidate_003032,D0-D2,D0,D2,000,100,4205,5,5,530,531,536,0.40436722841347666,0.4828801581659705,0.8603232267355572,0.8000757674576986,2.2415318489074707,2.2202963829040527,0.02123546600341797,0.7535293042659759,False,0.0361872507432042,False
candidate_003033,D0-D2,D0,D2,000,100,4205,5,5,2272,2273,2278,0.4002720779971381,0.4828801581659705,0.8495074295687808,0.8000757674576986,2.2415318489074707,2.2202963829040527,0.02123546600341797,0.7535293042659759,False,0.03609788679284714,False
candidate_003034,D0-D2,D0,D2,000,100,4205,5,5,2445,2446,2451,0.4162984982527231,0.4828801581659705,0.8825309961785731,0.8000757674576986,2.2415318489074707,2.2202963829040527,0.02123546600341797,0.7535293042659759,False,0.03605745053108814,False
candidate_003035,D0-D2,D0,D2,000,100,4205,5,5,529,530,535,0.3941445349941738,0.4828801581659705,0.8343505389095783,0.8000757674576986,2.2415318489074707,2.2202963829040527,0.02123546600341797,0.7535293042659759,False,0.03600500989046031,False
candidate_003036,D0-D2,D0,D2,000,100,4205,5,10,86,87,97,0.42474029655819495,0.49936698246710554,0.9851349765541496,0.9109722042901004,2.2415318489074707,2.2202963829040527,0.02123546600341797,0.7535293042659759,False,0.03583014949533341,False
candidate_003037,D0-D2,D0,D2,000,100,4220,20,3,30,31,34,0.4062594578705177,0.47598741001451006,0.9223593952722877,0.7597972260789279,2.2647387981414795,2.2458486557006836,0.0188901424407959,0.7535293042659759,False,0.03565574700712611,False
candidate_003038,D0-D2,D0,D2,000,100,4220,20,3,1039,1040,1043,0.3485414159646648,0.47598741001451006,0.7905505451842154,0.7597972260789279,2.2647387981414795,2.2458486557006836,0.0188901424407959,0.7535293042659759,False,0.03562116340423089,False
candidate_003039,D0-D2,D0,D2,000,100,4220,20,5,1364,1365,1370,0.44532682341730145,0.4828801581659705,1.0465831906749257,0.8000757674576986,2.2647387981414795,2.2458486557006836,0.0188901424407959,0.7535293042659759,False,0.03555807406860471,False
candidate_003040,D0-D2,D0,D2,000,100,4220,20,10,1362,1363,1373,0.4008086708042965,0.49936698246710554,1.0363157513462147,0.9109722042901004,2.2647387981414795,2.2458486557006836,0.0188901424407959,0.7535293042659759,False,0.03553078276525477,False
candidate_003041,D0-D2,D0,D2,000,100,4205,5,10,1508,1509,1519,0.4316733397604973,0.49936698246710554,0.9926864432485175,0.9109722042901004,2.2415318489074707,2.2202963829040527,0.02123546600341797,0.7535293042659759,False,0.03552492837778085,False
candidate_003042,D0-D2,D0,D2,000,100,4205,5,3,2304,2305,2308,0.41424793083486333,0.47598741001451006,0.8299263802146746,0.7597972260789279,2.2415318489074707,2.2202963829040527,0.02123546600341797,0.7535293042659759,False,0.035370291011889966,False
candidate_003043,D0-D2,D0,D2,000,100,4205,5,3,2272,2273,2276,0.4270988169040106,0.47598741001451006,0.8520764441385315,0.7597972260789279,2.2415318489074707,2.2202963829040527,0.02123546600341797,0.7535293042659759,False,0.035221642310466136,False
candidate_003044,D0-D2,D0,D2,000,100,4205,5,10,85,86,96,0.41074215390013424,0.49936698246710554,0.9357622233688848,0.9109722042901004,2.2415318489074707,2.2202963829040527,0.02123546600341797,0.7535293042659759,False,0.035194320127146954,False
candidate_003045,D0-D2,D0,D2,000,100,4220,20,5,1363,1364,1369,0.4231224807147043,0.4828801581659705,0.9824038729143252,0.8000757674576986,2.2647387981414795,2.2458486557006836,0.0188901424407959,0.7535293042659759,False,0.035129122014219874,False
candidate_003046,D0-D2,D0,D2,000,100,4220,20,5,1319,1320,1325,0.3801561308779932,0.4828801581659705,0.8817958614042404,0.8000757674576986,2.2647387981414795,2.2458486557006836,0.0188901424407959,0.7535293042659759,False,0.035095334589141464,False
candidate_003047,D0-D2,D0,D2,000,100,4205,5,10,2340,2341,2351,0.4602219307251962,0.49936698246710554,1.0454055314881776,0.9109722042901004,2.2415318489074707,2.2202963829040527,0.02123546600341797,0.7535293042659759,False,0.035090845390180085,False
candidate_003048,D0-D2,D0,D2,000,100,4205,5,3,530,531,534,0.408730360893509,0.47598741001451006,0.8104242986944613,0.7597972260789279,2.2415318489074707,2.2202963829040527,0.02123546600341797,0.7535293042659759,False,0.035005393709110835,False
candidate_003049,D0-D2,D0,D2,000,100,4205,5,5,1405,1406,1411,0.4352437826926169,0.4828801581659705,0.8955424779043861,0.8000757674576986,2.2415318489074707,2.2202963829040527,0.02123546600341797,0.7535293042659759,False,0.034996410921916604,False
candidate_003050,D0-D2,D0,D2,000,100,4205,5,10,87,88,98,0.4497944329234329,0.49936698246710554,1.0156341827168198,0.9109722042901004,2.2415318489074707,2.2202963829040527,0.02123546600341797,0.7535293042659759,False,0.03488185567511048,False
candidate_003051,D0-D2,D0,D2,000,100,4220,20,10,1361,1362,1372,0.3905054063497574,0.49936698246710554,0.9878916544032083,0.9109722042901004,2.2647387981414795,2.2458486557006836,0.0188901424407959,0.7535293042659759,False,0.03476418481485069,False
candidate_003052,D0-D2,D0,D2,000,100,4205,5,3,2443,2444,2447,0.3991402467250468,0.47598741001451006,0.7837292190984907,0.7597972260789279,2.2415318489074707,2.2202963829040527,0.02123546600341797,0.7535293042659759,False,0.03466569634541238,False
candidate_003053,D0-D2,D0,D2,000,100,4205,5,5,2446,2447,2452,0.44629343158701135,0.4828801581659705,0.9076992243233069,0.8000757674576986,2.2415318489074707,2.2202963829040527,0.02123546600341797,0.7535293042659759,False,0.03459324974495636,False
candidate_003054,D0-D2,D0,D2,000,100,4205,5,3,2445,2446,2449,0.4274295383680938,0.47598741001451006,0.8358646865193605,0.7597972260789279,2.2415318489074707,2.2202963829040527,0.02123546600341797,0.7535293042659759,False,0.03452477503704228,False
candidate_003055,D0-D2,D0,D2,000,100,4205,5,5,531,532,537,0.43389022457734205,0.4828801581659705,0.8795479233491695,0.8000757674576986,2.2415318489074707,2.2202963829040527,0.02123546600341797,0.7535293042659759,False,0.03447859299925972,False
candidate_003056,D0-D2,D0,D2,000,100,4220,20,10,32,33,43,0.4023492791185066,0.49936698246710554,1.0058434793498539,0.9109722042901004,2.2647387981414795,2.2458486557006836,0.0188901424407959,0.7535293042659759,False,0.03435397233824132,False
candidate_003057,D0-D2,D0,D2,000,100,4205,5,3,1404,1405,1408,0.4215168477739145,0.47598741001451006,0.816801251195439,0.7597972260789279,2.2415318489074707,2.2202963829040527,0.02123546600341797,0.7535293042659759,False,0.03421061393429105,False
candidate_003058,D0-D2,D0,D2,000,100,4205,5,3,2476,2477,2480,0.39647545183778676,0.47598741001451006,0.7675656679522506,0.7597972260789279,2.2415318489074707,2.2202963829040527,0.02123546600341797,0.7535293042659759,False,0.034178944735449704,False
candidate_003059,D0-D2,D0,D2,000,100,4205,5,3,1405,1406,1409,0.4298322861700903,0.47598741001451006,0.8297482796122134,0.7597972260789279,2.2415318489074707,2.2202963829040527,0.02123546600341797,0.7535293042659759,False,0.03408056125625178,False
candidate_003060,D0-D2,D0,D2,000,100,4205,5,10,88,89,99,0.4848100144724164,0.49936698246710554,1.0694520255367186,0.9109722042901004,2.2415318489074707,2.2202963829040527,0.02123546600341797,0.7535293042659759,False,0.034077370224741256,False
candidate_003061,D0-D2,D0,D2,000,100,4205,5,3,2568,2569,2572,0.399372289587659,0.47598741001451006,0.7696303609055958,0.7597972260789279,2.2415318489074707,2.2202963829040527,0.02123546600341797,0.7535293042659759,False,0.03402230041528718,False
candidate_003062,D0-D2,D0,D2,000,100,4205,5,5,1509,1510,1515,0.4082808267735417,0.4828801581659705,0.8141349299222768,0.8000757674576986,2.2415318489074707,2.2202963829040527,0.02123546600341797,0.7535293042659759,False,0.03391620844385248,False
candidate_003063,D0-D2,D0,D2,000,100,4205,5,5,1406,1407,1412,0.4444998969435075,0.4828801581659705,0.8849793666884541,0.8000757674576986,2.2415318489074707,2.2202963829040527,0.02123546600341797,0.7535293042659759,False,0.03386346339368688,False
candidate_003064,D0-D2,D0,D2,000,100,4205,5,5,528,529,534,0.41089476086468746,0.4828801581659705,0.8177007952452316,0.8000757674576986,2.2415318489074707,2.2202963829040527,0.02123546600341797,0.7535293042659759,False,0.033848054322279955,False
candidate_003065,D0-D2,D0,D2,000,100,4220,20,5,1318,1319,1324,0.40223819774011943,0.4828801581659705,0.8967720186218212,0.8000757674576986,2.2647387981414795,2.2458486557006836,0.0188901424407959,0.7535293042659759,False,0.033731998206164335,False
candidate_003066,D0-D2,D0,D2,000,100,4205,5,5,1508,1509,1514,0.42184470508890964,0.4828801581659705,0.8364263339474671,0.8000757674576986,2.2415318489074707,2.2202963829040527,0.02123546600341797,0.7535293042659759,False,0.0337244587506615,False
candidate_003067,D0-D2,D0,D2,000,100,4219,19,10,905,906,916,0.4676456775432465,0.49936698246710554,1.2177128651720035,0.9109722042901004,2.270905017852783,2.253171682357788,0.017733335494995117,0.7535293042659759,False,0.03359177494660865,False
candidate_003068,D0-D2,D0,D2,000,100,4220,20,5,1040,1041,1046,0.3659572552336598,0.4828801581659705,0.8063782317417768,0.8000757674576986,2.2647387981414795,2.2458486557006836,0.0188901424407959,0.7535293042659759,False,0.03333893817505433,False
candidate_003069,D0-D2,D0,D2,000,100,4205,5,10,1507,1508,1518,0.437958513201303,0.49936698246710554,0.945093618485386,0.9109722042901004,2.2415318489074707,2.2202963829040527,0.02123546600341797,0.7535293042659759,False,0.03333636214895632,False
candidate_003070,D0-D2,D0,D2,000,100,4205,5,3,2446,2447,2450,0.4728651452000625,0.47598741001451006,0.8882917258936579,0.7597972260789279,2.2415318489074707,2.2202963829040527,0.02123546600341797,0.7535293042659759,False,0.03316482613280085,False
candidate_003071,D0-D2,D0,D2,000,100,4205,5,3,531,532,535,0.4696909319376696,0.47598741001451006,0.878568112693214,0.7597972260789279,2.2415318489074707,2.2202963829040527,0.02123546600341797,0.7535293042659759,False,0.03302346748478606,False
candidate_003072,D0-D2,D0,D2,000,100,4205,5,5,2304,2305,2310,0.4269948385199488,0.4828801581659705,0.8272627520124219,0.8000757674576986,2.2415318489074707,2.2202963829040527,0.02123546600341797,0.7535293042659759,False,0.03295267977809045,False
candidate_003073,D0-D2,D0,D2,000,100,4205,5,3,2305,2306,2309,0.42458399737483005,0.47598741001451006,0.7915102133213677,0.7597972260789279,2.2415318489074707,2.2202963829040527,0.02123546600341797,0.7535293042659759,False,0.032911851371971515,False
candidate_003074,D0-D2,D0,D2,000,100,4205,5,3,2581,2582,2585,0.47436474363341646,0.47598741001451006,0.8836669209368816,0.7597972260789279,2.2415318489074707,2.2202963829040527,0.02123546600341797,0.7535293042659759,False,0.03288785932157278,False
candidate_003075,D0-D2,D0,D2,000,100,4219,19,10,903,904,914,0.43850739992234894,0.49936698246710554,1.117091283554666,0.9109722042901004,2.270905017852783,2.253171682357788,0.017733335494995117,0.7535293042659759,False,0.03286371976678362,False
candidate_003076,D0-D2,D0,D2,000,100,4219,19,10,904,905,915,0.4521297544507812,0.49936698246710554,1.1513424976307922,0.9109722042901004,2.270905017852783,2.253171682357788,0.017733335494995117,0.7535293042659759,False,0.03285083620253087,False
candidate_003077,D0-D2,D0,D2,000,100,4205,5,3,1406,1407,1410,0.46471421064337337,0.47598741001451006,0.859553694768697,0.7597972260789279,2.2415318489074707,2.2202963829040527,0.02123546600341797,0.7535293042659759,False,0.032654758013548696,False
candidate_003078,D0-D2,D0,D2,000,100,4219,19,10,906,907,917,0.4934401647090322,0.49936698246710554,1.2489122717120364,0.9109722042901004,2.270905017852783,2.253171682357788,0.017733335494995117,0.7535293042659759,False,0.032651445918913335,False
candidate_003079,D0-D2,D0,D2,000,100,4220,20,5,1321,1322,1327,0.3942597337087843,0.4828801581659705,0.8488269146689805,0.8000757674576986,2.2647387981414795,2.2458486557006836,0.0188901424407959,0.7535293042659759,False,0.03257467169793306,False
candidate_003080,D0-D2,D0,D2,000,100,4205,5,5,86,87,92,0.4551953400820092,0.4828801581659705,0.871096726061542,0.8000757674576986,2.2415318489074707,2.2202963829040527,0.02123546600341797,0.7535293042659759,False,0.0325490612097832,False
candidate_003081,D0-D2,D0,D2,000,100,4205,5,3,2303,2304,2307,0.4260531106515104,0.47598741001451006,0.7830627720608386,0.7597972260789279,2.2415318489074707,2.2202963829040527,0.02123546600341797,0.7535293042659759,False,0.03244832240225231,False
candidate_003082,D0-D2,D0,D2,000,100,4220,20,10,1360,1361,1371,0.3967208771916516,0.49936698246710554,0.9354820518044269,0.9109722042901004,2.2647387981414795,2.2458486557006836,0.0188901424407959,0.7535293042659759,False,0.032404116755200385,False
candidate_003083,D0-D2,D0,D2,000,100,4220,20,3,1321,1322,1325,0.4140538844776939,0.47598741001451006,0.8490423473193699,0.7597972260789279,2.2647387981414795,2.2458486557006836,0.0188901424407959,0.7535293042659759,False,0.032203667716417105,False
candidate_003084,D0-D2,D0,D2,000,100,4205,5,5,1407,1408,1413,0.4577050606027925,0.4828801581659705,0.8653207531989229,0.8000757674576986,2.2415318489074707,2.2202963829040527,0.02123546600341797,0.7535293042659759,False,0.03215594657296802,False
candidate_003085,D0-D2,D0,D2,000,100,4205,5,3,194,195,198,0.42941829074295795,0.47598741001451006,0.7807018225058772,0.7597972260789279,2.2415318489074707,2.2202963829040527,0.02123546600341797,0.7535293042659759,False,0.032096972171991076,False
candidate_003086,D0-D2,D0,D2,000,100,4219,19,10,902,903,913,0.4207544358516935,0.49936698246710554,1.0456163194299457,0.9109722042901004,2.270905017852783,2.253171682357788,0.017733335494995117,0.7535293042659759,False,0.03205890109948047,False
candidate_003087,D0-D2,D0,D2,000,100,4205,5,5,85,86,91,0.4265500321146861,0.4828801581659705,0.8020578499778799,0.8000757674576986,2.2415318489074707,2.2202963829040527,0.02123546600341797,0.7535293042659759,False,0.03198199917622451,False
candidate_003088,D0-D2,D0,D2,000,100,4205,5,5,197,198,203,0.4479916365678951,0.4828801581659705,0.8373659006949867,0.8000757674576986,2.2415318489074707,2.2202963829040527,0.02123546600341797,0.7535293042659759,False,0.03179181028649593,False
candidate_003089,D0-D2,D0,D2,000,100,4219,19,10,901,902,912,0.4046599757543687,0.49936698246710554,0.9943217317664372,0.9109722042901004,2.270905017852783,2.253171682357788,0.017733335494995117,0.7535293042659759,False,0.031698715378203596,False
candidate_003090,D0-D2,D0,D2,000,100,4219,19,3,49,50,53,0.36439296395262094,0.47598741001451006,0.7787352156319197,0.7597972260789279,2.270905017852783,2.253171682357788,0.017733335494995117,0.7535293042659759,False,0.031507059864106755,False
candidate_003091,D0-D2,D0,D2,000,100,4205,5,3,86,87,90,0.46254981765155323,0.47598741001451006,0.8221715114540841,0.7597972260789279,2.2415318489074707,2.2202963829040527,0.02123546600341797,0.7535293042659759,False,0.03138075018663823,False
candidate_003092,D0-D2,D0,D2,000,100,4205,5,3,1403,1404,1407,0.4295111635516656,0.47598741001451006,0.7605263798542615,0.7597972260789279,2.2415318489074707,2.2202963829040527,0.02123546600341797,0.7535293042659759,False,0.03126073882002217,False
candidate_003093,D0-D2,D0,D2,000,100,4205,5,5,195,196,201,0.45259893858963784,0.4828801581659705,0.828239428069425,0.8000757674576986,2.2415318489074707,2.2202963829040527,0.02123546600341797,0.7535293042659759,False,0.031125208043169345,False
candidate_003094,D0-D2,D0,D2,000,100,4220,20,10,33,34,44,0.4661425142079177,0.49936698246710554,1.055495567402617,0.9109722042901004,2.2647387981414795,2.2458486557006836,0.0188901424407959,0.7535293042659759,False,0.031116266604967906,False
candidate_003095,D0-D2,D0,D2,000,100,4205,5,5,1404,1405,1410,0.4504868382178296,0.4828801581659705,0.8215338120640477,0.8000757674576986,2.2415318489074707,2.2202963829040527,0.02123546600341797,0.7535293042659759,False,0.03101795979339603,False
candidate_003096,D0-D2,D0,D2,000,100,4220,20,5,1041,1042,1047,0.4057535229900756,0.4828801581659705,0.8267713100506389,0.8000757674576986,2.2647387981414795,2.2458486557006836,0.0188901424407959,0.7535293042659759,False,0.030829496234369688,False
candidate_003097,D0-D2,D0,D2,000,100,4219,19,3,1036,1037,1040,0.36562156819584646,0.47598741001451006,0.7637065247430526,0.7597972260789279,2.270905017852783,2.253171682357788,0.017733335494995117,0.7535293042659759,False,0.03079517951474343,False
candidate_003098,D0-D2,D0,D2,000,100,4219,19,3,675,676,679,0.42322579867441196,0.47598741001451006,0.8825719611986467,0.7597972260789279,2.270905017852783,2.253171682357788,0.017733335494995117,0.7535293042659759,False,0.030744401207089565,False
candidate_003099,D0-D2,D0,D2,000,100,4205,5,5,532,533,538,0.47184218887060014,0.4828801581659705,0.8517415518653652,0.8000757674576986,2.2415318489074707,2.2202963829040527,0.02123546600341797,0.7535293042659759,False,0.030703010260705856,False
candidate_003100,D0-D2,D0,D2,000,100,4219,19,3,674,675,678,0.37496583139666234,0.47598741001451006,0.7807411557362555,0.7597972260789279,2.270905017852783,2.253171682357788,0.017733335494995117,0.7535293042659759,False,0.030697529451915062,False
candidate_003101,D0-D2,D0,D2,000,100,4219,19,10,900,901,911,0.3932143488202805,0.49936698246710554,0.9334269904172656,0.9109722042901004,2.270905017852783,2.253171682357788,0.017733335494995117,0.7535293042659759,False,0.03062358137560551,False
candidate_003102,D0-D2,D0,D2,000,100,4205,5,3,574,575,578,0.4472413442350449,0.47598741001451006,0.7747135435525874,0.7597972260789279,2.2415318489074707,2.2202963829040527,0.02123546600341797,0.7535293042659759,False,0.030581488188760067,False
candidate_003103,D0-D2,D0,D2,000,100,4219,19,5,903,904,909,0.4720489264983126,0.4828801581659705,1.010917961409772,0.8000757674576986,2.270905017852783,2.253171682357788,0.017733335494995117,0.7535293042659759,False,0.030417773820236454,False
candidate_003104,D0-D2,D0,D2,000,100,4220,20,3,1044,1045,1048,0.45856186946670197,0.47598741001451006,0.8865620540263097,0.7597972260789279,2.2647387981414795,2.2458486557006836,0.0188901424407959,0.7535293042659759,False,0.030362955849630932,False
candidate_003105,D0-D2,D0,D2,000,100,4220,20,5,1362,1363,1368,0.4153473329689355,0.4828801581659705,0.8333898485813463,0.8000757674576986,2.2647387981414795,2.2458486557006836,0.0188901424407959,0.7535293042659759,False,0.030358486045681695,False
candidate_003106,D0-D2,D0,D2,000,100,4205,5,3,2309,2310,2313,0.4725774085851543,0.47598741001451006,0.8120402687527254,0.7597972260789279,2.2415318489074707,2.2202963829040527,0.02123546600341797,0.7535293042659759,False,0.030336398543284876,False
candidate_003107,D0-D2,D0,D2,000,100,4205,5,5,2307,2308,2313,0.45895515759554245,0.4828801581659705,0.8165430924127798,0.8000757674576986,2.2415318489074707,2.2202963829040527,0.02123546600341797,0.7535293042659759,False,0.03026068449642298,False
candidate_003108,D0-D2,D0,D2,000,100,4205,5,3,2306,2307,2310,0.4544202601783177,0.47598741001451006,0.7758792961668436,0.7597972260789279,2.2415318489074707,2.2202963829040527,0.02123546600341797,0.7535293042659759,False,0.030143653474972665,False
candidate_003109,D0-D2,D0,D2,000,100,4205,5,3,84,85,88,0.4488373790278931,0.47598741001451006,0.7653849511070111,0.7597972260789279,2.2415318489074707,2.2202963829040527,0.02123546600341797,0.7535293042659759,False,0.03010580974207518,False
candidate_003110,D0-D2,D0,D2,000,100,4205,5,3,1506,1507,1510,0.4586257777443742,0.47598741001451006,0.7806701444417266,0.7597972260789279,2.2415318489074707,2.2202963829040527,0.02123546600341797,0.7535293042659759,False,0.030051663755982866,False
candidate_003111,D0-D2,D0,D2,000,100,4219,19,5,902,903,908,0.43806382283644435,0.4828801581659705,0.9266475983669212,0.8000757674576986,2.270905017852783,2.253171682357788,0.017733335494995117,0.7535293042659759,False,0.03004524455900984,False
candidate_003112,D0-D2,D0,D2,000,100,4205,5,5,1505,1506,1511,0.46188746861438823,0.4828801581659705,0.8152842153890629,0.8000757674576986,2.2415318489074707,2.2202963829040527,0.02123546600341797,0.7535293042659759,False,0.03002221615260496,False
candidate_003113,D0-D2,D0,D2,000,100,4219,19,3,901,902,905,0.42494081292804997,0.47598741001451006,0.8645334564346622,0.7597972260789279,2.270905017852783,2.253171682357788,0.017733335494995117,0.7535293042659759,False,0.029994484777280717,False
candidate_003114,D0-D2,D0,D2,000,100,4220,20,5,1322,1323,1328,0.4558660442446051,0.4828801581659705,0.9000409227562051,0.8000757674576986,2.2647387981414795,2.2458486557006836,0.0188901424407959,0.7535293042659759,False,0.029872277958399023,False
candidate_003115,D0-D2,D0,D2,000,100,4205,5,3,29,30,33,0.451562349158891,0.47598741001451006,0.7631169508205079,0.7597972260789279,2.2415318489074707,2.2202963829040527,0.02123546600341797,0.7535293042659759,False,0.029835463440190384,False
candidate_003116,D0-D2,D0,D2,000,100,4219,19,10,52,53,63,0.3979502069638296,0.49936698246710554,0.915816808195388,0.9109722042901004,2.270905017852783,2.253171682357788,0.017733335494995117,0.7535293042659759,False,0.029688267685748764,False
candidate_003117,D0-D2,D0,D2,000,100,4220,20,3,1363,1364,1367,0.4552857368432424,0.47598741001451006,0.8571168537572255,0.7597972260789279,2.2647387981414795,2.2458486557006836,0.0188901424407959,0.7535293042659759,False,0.029565745771916962,False
candidate_003118,D0-D2,D0,D2,000,100,4205,5,3,1402,1403,1406,0.4694551265995253,0.47598741001451006,0.7831599609819203,0.7597972260789279,2.2415318489074707,2.2202963829040527,0.02123546600341797,0.7535293042659759,False,0.029452068470572686,False
candidate_003119,D0-D2,D0,D2,000,100,4220,20,5,1317,1318,1323,0.4302793967935527,0.4828801581659705,0.8328497766119249,0.8000757674576986,2.2647387981414795,2.2458486557006836,0.0188901424407959,0.7535293042659759,False,0.029285959156383743,False
candidate_003120,D0-D2,D0,D2,000,100,4205,5,5,2447,2448,2453,0.47631864945883734,0.4828801581659705,0.8190615089944755,0.8000757674576986,2.2415318489074707,2.2202963829040527,0.02123546600341797,0.7535293042659759,False,0.029247505023822333,False
candidate_003121,D0-D2,D0,D2,000,100,4219,19,5,901,902,907,0.41461780002629783,0.4828801581659705,0.8533632251220099,0.8000757674576986,2.270905017852783,2.253171682357788,0.017733335494995117,0.7535293042659759,False,0.029233748620270103,False
candidate_003122,D0-D2,D0,D2,000,100,4220,20,5,1042,1043,1048,0.43859361811742464,0.4828801581659705,0.8469442021305174,0.8000757674576986,2.2647387981414795,2.2458486557006836,0.0188901424407959,0.7535293042659759,False,0.02921701349612523,False
candidate_003123,D0-D2,D0,D2,000,100,4205,5,5,1403,1404,1409,0.4748130016790064,0.4828801581659705,0.8110849586665344,0.8000757674576986,2.2415318489074707,2.2202963829040527,0.02123546600341797,0.7535293042659759,False,0.029054515517259367,False
candidate_003124,D0-D2,D0,D2,000,100,4205,5,5,1408,1409,1414,0.48200776377056415,0.4828801581659705,0.8232574399788614,0.8000757674576986,2.2415318489074707,2.2202963829040527,0.02123546600341797,0.7535293042659759,False,0.029050360336461176,False
candidate_003125,D0-D2,D0,D2,000,100,4205,5,3,2423,2424,2427,0.4737853397236187,0.47598741001451006,0.7759956945295203,0.7597972260789279,2.2415318489074707,2.2202963829040527,0.02123546600341797,0.7535293042659759,False,0.028915926011099446,False
candidate_003126,D0-D2,D0,D2,000,100,4220,20,5,31,32,37,0.4356234260204011,0.4828801581659705,0.8324851528535706,0.8000757674576986,2.2647387981414795,2.2458486557006836,0.0188901424407959,0.7535293042659759,False,0.028914028205543327,False
candidate_003127,D0-D2,D0,D2,000,100,4220,20,5,1044,1045,1050,0.46681328506217956,0.4828801581659705,0.8907504108544796,0.8000757674576986,2.2647387981414795,2.2458486557006836,0.0188901424407959,0.7535293042659759,False,0.0288706228955599,False
candidate_003128,D0-D2,D0,D2,000,100,4220,20,10,1322,1323,1333,0.44325737985974234,0.49936698246710554,0.9291343620624342,0.9109722042901004,2.2647387981414795,2.2458486557006836,0.0188901424407959,0.7535293042659759,False,0.02880529526086941,False
candidate_003129,D0-D2,D0,D2,000,100,4219,19,5,899,900,905,0.4049076981774632,0.4828801581659705,0.8179685919179792,0.8000757674576986,2.270905017852783,2.253171682357788,0.017733335494995117,0.7535293042659759,False,0.02869320902092048,False
candidate_003130,D0-D2,D0,D2,000,100,4219,19,5,900,901,906,0.40291672120234956,0.4828801581659705,0.8120773328794514,0.8000757674576986,2.270905017852783,2.253171682357788,0.017733335494995117,0.7535293042659759,False,0.028627315536804573,False
candidate_003131,D0-D2,D0,D2,000,100,4205,5,3,2299,2300,2303,0.46997824088999596,0.47598741001451006,0.7619381901142368,0.7597972260789279,2.2415318489074707,2.2202963829040527,0.02123546600341797,0.7535293042659759,False,0.02862209389051749,False
candidate_003132,D0-D2,D0,D2,000,100,4219,19,10,53,54,64,0.42671582603506153,0.49936698246710554,0.9422451835323944,0.9109722042901004,2.270905017852783,2.253171682357788,0.017733335494995117,0.7535293042659759,False,0.028485913947701863,False
candidate_003133,D0-D2,D0,D2,000,100,4219,19,10,1040,1041,1051,0.4288216190647944,0.49936698246710554,0.9403035876431465,0.9109722042901004,2.270905017852783,2.253171682357788,0.017733335494995117,0.7535293042659759,False,0.028287619591731004,False
candidate_003134,D0-D2,D0,D2,000,100,4220,20,5,1043,1044,1049,0.4610392824897285,0.4828801581659705,0.8604895334610796,0.8000757674576986,2.2647387981414795,2.2458486557006836,0.0188901424407959,0.7535293042659759,False,0.028239109105399857,False
candidate_003135,D0-D2,D0,D2,000,100,4219,19,3,1037,1038,1041,0.41443851987726793,0.47598741001451006,0.7928975024232711,0.7597972260789279,2.270905017852783,2.253171682357788,0.017733335494995117,0.7535293042659759,False,0.028206226041182676,False
candidate_003136,D0-D2,D0,D2,000,100,4219,19,5,675,676,681,0.4120797618719833,0.4828801581659705,0.8143848483789543,0.8000757674576986,2.270905017852783,2.253171682357788,0.017733335494995117,0.7535293042659759,False,0.028070291767403034,False
candidate_003137,D0-D2,D0,D2,000,100,4220,20,10,1323,1324,1334,0.4703708249289236,0.49936698246710554,0.9522832807961297,0.9109722042901004,2.2647387981414795,2.2458486557006836,0.0188901424407959,0.7535293042659759,False,0.027821181361611623,False
candidate_003138,D0-D2,D0,D2,000,100,4220,20,3,1045,1046,1049,0.47174166478768437,0.47598741001451006,0.8353413246227711,0.7597972260789279,2.2647387981414795,2.2458486557006836,0.0188901424407959,0.7535293042659759,False,0.027809461519424292,False
candidate_003139,D0-D2,D0,D2,000,100,4219,19,10,54,55,65,0.44941724468386324,0.49936698246710554,0.9664561576516791,0.9109722042901004,2.270905017852783,2.253171682357788,0.017733335494995117,0.7535293042659759,False,0.027741976964746368,False
candidate_003140,D0-D2,D0,D2,000,100,4220,20,10,1320,1321,1331,0.4579335569565096,0.49936698246710554,0.920533706295536,0.9109722042901004,2.2647387981414795,2.2458486557006836,0.0188901424407959,0.7535293042659759,False,0.02762402829670433,False
candidate_003141,D0-D2,D0,D2,000,100,4219,19,10,1041,1042,1052,0.4570249863917787,0.49936698246710554,0.9744700661629585,0.9109722042901004,2.270905017852783,2.253171682357788,0.017733335494995117,0.7535293042659759,False,0.027506386475700355,False
candidate_003142,D0-D2,D0,D2,000,100,4220,20,5,1045,1046,1051,0.48119138862385186,0.4828801581659705,0.8742530156937237,0.8000757674576986,2.2647387981414795,2.2458486557006836,0.0188901424407959,0.7535293042659759,False,0.027489232994767684,False
candidate_003143,D0-D2,D0,D2,000,100,4207,7,10,142,143,153,0.1433878602931468,0.49936698246710554,1.0275074662356087,0.9109722042901004,2.2403006553649902,2.2455549240112305,0.005254268646240234,0.7535293042659759,False,0.027390466437576238,False
candidate_003144,D0-D2,D0,D2,000,100,4219,19,10,682,683,693,0.4977947735039397,0.49936698246710554,1.0484554735471907,0.9109722042901004,2.270905017852783,2.253171682357788,0.017733335494995117,0.7535293042659759,False,0.02717093859177489,False
candidate_003145,D0-D2,D0,D2,000,100,4219,19,3,902,903,906,0.4727216737781266,0.47598741001451006,0.8690821266459249,0.7597972260789279,2.270905017852783,2.253171682357788,0.017733335494995117,0.7535293042659759,False,0.027104621676952795,False
candidate_003146,D0-D2,D0,D2,000,100,4210,10,10,1697,1698,1708,0.2141694580049933,0.49936698246710554,1.2252271162089756,0.9109722042901004,2.2462079524993896,2.2397124767303467,0.006495475769042969,0.7535293042659759,False,0.027032398491615504,False
candidate_003147,D0-D2,D0,D2,000,100,4219,19,3,681,682,685,0.47408342562325545,0.47598741001451006,0.8664616870891989,0.7597972260789279,2.270905017852783,2.253171682357788,0.017733335494995117,0.7535293042659759,False,0.026945276087425894,False
candidate_003148,D0-D2,D0,D2,000,100,4220,20,3,1041,1042,1045,0.45302211153444405,0.47598741001451006,0.775039071937085,0.7597972260789279,2.2647387981414795,2.2458486557006836,0.0188901424407959,0.7535293042659759,False,0.0268681055304415,False
candidate_003149,D0-D2,D0,D2,000,100,4210,10,10,1696,1697,1707,0.20856118106236327,0.49936698246710554,1.1810127139485607,0.9109722042901004,2.2462079524993896,2.2397124767303467,0.006495475769042969,0.7535293042659759,False,0.026757566536016516,False
candidate_003150,D0-D2,D0,D2,000,100,4219,19,10,55,56,66,0.47503716566206394,0.49936698246710554,0.9817045681702345,0.9109722042901004,2.270905017852783,2.253171682357788,0.017733335494995117,0.7535293042659759,False,0.026659880905933183,False
candidate_003151,D0-D2,D0,D2,000,100,4219,19,10,681,682,692,0.4827970908997986,0.49936698246710554,0.9971608064746608,0.9109722042901004,2.270905017852783,2.253171682357788,0.017733335494995117,0.7535293042659759,False,0.02664437501900939,False
candidate_003152,D0-D2,D0,D2,000,100,4219,19,10,1042,1043,1053,0.48054999731649045,0.49936698246710554,0.9856054202094754,0.9109722042901004,2.270905017852783,2.253171682357788,0.017733335494995117,0.7535293042659759,False,0.02645875995069042,False
candidate_003153,D0-D2,D0,D2,000,100,4220,20,3,561,562,565,0.4728702389646452,0.47598741001451006,0.7950640907264126,0.7597972260789279,2.2647387981414795,2.2458486557006836,0.0188901424407959,0.7535293042659759,False,0.02640541549014229,False
candidate_003154,D0-D2,D0,D2,000,100,4207,7,10,143,144,154,0.1541490607417319,0.49936698246710554,1.051450849565718,0.9109722042901004,2.2403006553649902,2.2455549240112305,0.005254268646240234,0.7535293042659759,False,0.026072034320511955,False
candidate_003155,D0-D2,D0,D2,000,100,4207,7,3,142,143,146,0.1441488203419152,0.47598741001451006,0.8517023663722412,0.7597972260789279,2.2403006553649902,2.2455549240112305,0.005254268646240234,0.7535293042659759,False,0.02580991955755669,False
candidate_003156,D0-D2,D0,D2,000,100,4207,7,10,141,142,152,0.143433942085604,0.49936698246710554,0.9680839760637582,0.9109722042901004,2.2403006553649902,2.2455549240112305,0.005254268646240234,0.7535293042659759,False,0.025798111937154936,False
candidate_003157,D0-D2,D0,D2,000,100,4219,19,10,680,681,691,0.4778121286245592,0.49936698246710554,0.9468105347463514,0.9109722042901004,2.270905017852783,2.253171682357788,0.017733335494995117,0.7535293042659759,False,0.025562945497781927,False
candidate_003158,D0-D2,D0,D2,000,100,4210,10,10,1695,1696,1706,0.20470888549970678,0.49936698246710554,1.1031633565121925,0.9109722042901004,2.2462079524993896,2.2397124767303467,0.006495475769042969,0.7535293042659759,False,0.025464118832268387,False
candidate_003159,D0-D2,D0,D2,000,100,4220,20,3,1743,1744,1747,0.4724835305246841,0.47598741001451006,0.7655568930241737,0.7597972260789279,2.2647387981414795,2.2458486557006836,0.0188901424407959,0.7535293042659759,False,0.02544624150879461,False
candidate_003160,D0-D2,D0,D2,000,100,4207,7,5,142,143,148,0.15076949743936383,0.4828801581659705,0.8929156725318751,0.8000757674576986,2.2403006553649902,2.2455549240112305,0.005254268646240234,0.7535293042659759,False,0.024923976315445046,False
candidate_003161,D0-D2,D0,D2,000,100,4219,19,10,679,680,690,0.4761020509575884,0.49936698246710554,0.9123419340270916,0.9109722042901004,2.270905017852783,2.253171682357788,0.017733335494995117,0.7535293042659759,False,0.024720802595120613,False
candidate_003162,D0-D2,D0,D2,000,100,4210,10,10,1698,1699,1709,0.24639250017963354,0.49936698246710554,1.2547061502716326,0.9109722042901004,2.2462079524993896,2.2397124767303467,0.006495475769042969,0.7535293042659759,False,0.024062462000072792,False
candidate_003163,D0-D2,D0,D2,000,100,4210,10,10,1694,1695,1705,0.19993118408458374,0.49936698246710554,1.0147915144840418,0.9109722042901004,2.2462079524993896,2.2397124767303467,0.006495475769042969,0.7535293042659759,False,0.02398401060832452,False
candidate_003164,D0-D2,D0,D2,000,100,4207,7,5,141,142,147,0.15040457859946607,0.4828801581659705,0.8063609117688522,0.8000757674576986,2.2403006553649902,2.2455549240112305,0.005254268646240234,0.7535293042659759,False,0.022562581153227276,False
candidate_003165,D0-D2,D0,D2,000,100,4210,10,10,1693,1694,1704,0.19901483460464134,0.49936698246710554,0.945871521658828,0.9109722042901004,2.2462079524993896,2.2397124767303467,0.006495475769042969,0.7535293042659759,False,0.022458059003586453,False
candidate_003166,D0-D2,D0,D2,000,100,4207,7,5,143,144,149,0.1676178975216663,0.4828801581659705,0.8796230526019186,0.8000757674576986,2.2403006553649902,2.2455549240112305,0.005254268646240234,0.7535293042659759,False,0.02208495837006494,False
candidate_003167,D0-D2,D0,D2,000,100,4207,7,3,143,144,147,0.16881103600733757,0.47598741001451006,0.8500018419948854,0.7597972260789279,2.2403006553649902,2.2455549240112305,0.005254268646240234,0.7535293042659759,False,0.021995250952950286,False
candidate_003168,D0-D2,D0,D2,000,100,4210,10,5,1696,1697,1702,0.24479389958562114,0.4828801581659705,1.0349249605896447,0.8000757674576986,2.2462079524993896,2.2397124767303467,0.006495475769042969,0.7535293042659759,False,0.021995170605846312,False
candidate_003169,D0-D2,D0,D2,000,100,4210,10,5,1697,1698,1703,0.2532435980564374,0.4828801581659705,1.0655261631672979,0.8000757674576986,2.2462079524993896,2.2397124767303467,0.006495475769042969,0.7535293042659759,False,0.021889946836222574,False
candidate_003170,D0-D2,D0,D2,000,100,4210,10,3,1697,1698,1701,0.25511456468949884,0.47598741001451006,1.0324344532803673,0.7597972260789279,2.2462079524993896,2.2397124767303467,0.006495475769042969,0.7535293042659759,False,0.021854245528511607,False
candidate_003171,D0-D2,D0,D2,000,100,4210,10,5,1695,1696,1701,0.22834462276648088,0.4828801581659705,0.9404520116686407,0.8000757674576986,2.2462079524993896,2.2397124767303467,0.006495475769042969,0.7535293042659759,False,0.021427174919038235,False
candidate_003172,D0-D2,D0,D2,000,100,4210,10,3,1696,1697,1700,0.2537068872366555,0.47598741001451006,0.9890109778265953,0.7597972260789279,2.2462079524993896,2.2397124767303467,0.006495475769042969,0.7535293042659759,False,0.02105122813972431,False
candidate_003173,D0-D2,D0,D2,000,100,4207,7,10,144,145,155,0.19996855663692809,0.49936698246710554,1.0913763020643108,0.9109722042901004,2.2403006553649902,2.2455549240112305,0.005254268646240234,0.7535293042659759,False,0.02086121664122212,False
candidate_003174,D0-D2,D0,D2,000,100,4210,10,5,1216,1217,1222,0.2406554536311073,0.4828801581659705,0.9480537921616597,0.8000757674576986,2.2462079524993896,2.2397124767303467,0.006495475769042969,0.7535293042659759,False,0.0204953970401648,False
candidate_003175,D0-D2,D0,D2,000,100,4210,10,5,1215,1216,1221,0.20979810468943993,0.4828801581659705,0.8212690006524738,0.8000757674576986,2.2462079524993896,2.2397124767303467,0.006495475769042969,0.7535293042659759,False,0.02036586844552968,False
candidate_003176,D0-D2,D0,D2,000,100,4210,10,5,1694,1695,1700,0.20580741146252574,0.4828801581659705,0.8052767828291457,0.8000757674576986,2.2462079524993896,2.2397124767303467,0.006495475769042969,0.7535293042659759,False,0.020356505729977034,False
candidate_003177,D0-D2,D0,D2,000,100,4210,10,5,1698,1699,1704,0.29763848442581364,0.4828801581659705,1.1621852704275641,0.8000757674576986,2.2462079524993896,2.2397124767303467,0.006495475769042969,0.7535293042659759,False,0.020314463003611158,False
candidate_003178,D0-D2,D0,D2,000,100,4210,10,3,2926,2927,2930,0.3044805842423374,0.47598741001451006,1.1367246089575538,0.7597972260789279,2.2462079524993896,2.2397124767303467,0.006495475769042969,0.7535293042659759,False,0.02016063655475598,False
candidate_003179,D0-D2,D0,D2,000,100,4210,10,10,1216,1217,1227,0.22903532244649696,0.49936698246710554,0.9760888425811807,0.9109722042901004,2.2462079524993896,2.2397124767303467,0.006495475769042969,0.7535293042659759,False,0.020137817537724374,False
candidate_003180,D0-D2,D0,D2,000,100,4210,10,10,1217,1218,1228,0.24310183680993308,0.49936698246710554,1.0313822956439016,0.9109722042901004,2.2462079524993896,2.2397124767303467,0.006495475769042969,0.7535293042659759,False,0.020047348979469217,False
candidate_003181,D0-D2,D0,D2,000,100,4210,10,10,1699,1700,1710,0.3157839280367768,0.49936698246710554,1.2579298190661838,0.9109722042901004,2.2462079524993896,2.2397124767303467,0.006495475769042969,0.7535293042659759,False,0.01882313288117378,False
candidate_003182,D0-D2,D0,D2,000,100,4210,10,3,1698,1699,1702,0.3235265451575589,0.47598741001451006,1.1183818190431258,0.7597972260789279,2.2462079524993896,2.2397124767303467,0.006495475769042969,0.7535293042659759,False,0.01866761179571841,False
candidate_003183,D0-D2,D0,D2,000,100,4210,10,10,1215,1216,1226,0.23838735482339868,0.49936698246710554,0.94019680580757,0.9109722042901004,2.2462079524993896,2.2397124767303467,0.006495475769042969,0.7535293042659759,False,0.01863635932122581,False
candidate_003184,D0-D2,D0,D2,000,100,4210,10,5,2926,2927,2932,0.31493103848671056,0.4828801581659705,1.1222407821149702,0.8000757674576986,2.2462079524993896,2.2397124767303467,0.006495475769042969,0.7535293042659759,False,0.01853914263329048,False
candidate_003185,D0-D2,D0,D2,000,100,4210,10,10,1218,1219,1229,0.27330960654812375,0.49936698246710554,1.0659009981858818,0.9109722042901004,2.2462079524993896,2.2397124767303467,0.006495475769042969,0.7535293042659759,False,0.01842839407013062,False
candidate_003186,D0-D2,D0,D2,000,100,4210,10,5,2927,2928,2933,0.3344908492072432,0.4828801581659705,1.1796412483203116,0.8000757674576986,2.2462079524993896,2.2397124767303467,0.006495475769042969,0.7535293042659759,False,0.01834783276868034,False
candidate_003187,D0-D2,D0,D2,000,100,4210,10,10,2346,2347,2357,0.28627476114141126,0.49936698246710554,1.0933648028082716,0.9109722042901004,2.2462079524993896,2.2397124767303467,0.006495475769042969,0.7535293042659759,False,0.01804710506892649,False
candidate_003188,D0-D2,D0,D2,000,100,4210,10,3,1281,1282,1285,0.3320377271040877,0.47598741001451006,1.1082766038918417,0.7597972260789279,2.2462079524993896,2.2397124767303467,0.006495475769042969,0.7535293042659759,False,0.018024752724670325,False
candidate_003189,D0-D2,D0,D2,000,100,4210,10,3,1280,1281,1284,0.28951201195524984,0.47598741001451006,0.965803735558663,0.7597972260789279,2.2462079524993896,2.2397124767303467,0.006495475769042969,0.7535293042659759,False,0.0180148593596007,False
candidate_003190,D0-D2,D0,D2,000,100,4210,10,10,2347,2348,2358,0.3023152102794939,0.49936698246710554,1.1391196359177345,0.9109722042901004,2.2462079524993896,2.2397124767303467,0.006495475769042969,0.7535293042659759,False,0.017804708123718736,False
candidate_003191,D0-D2,D0,D2,000,100,4210,10,3,2204,2205,2208,0.23507821398948578,0.47598741001451006,0.7646833533478453,0.7597972260789279,2.2462079524993896,2.2397124767303467,0.006495475769042969,0.7535293042659759,False,0.017566200525280247,False
candidate_003192,D0-D2,D0,D2,000,100,4210,10,3,2927,2928,2931,0.3425323998087074,0.47598741001451006,1.1137993976186378,0.7597972260789279,2.2462079524993896,2.2397124767303467,0.006495475769042969,0.7535293042659759,False,0.017559571105380898,False
candidate_003193,D0-D2,D0,D2,000,100,4210,10,10,2927,2928,2938,0.3531384025312216,0.49936698246710554,1.310259333117862,0.9109722042901004,2.2462079524993896,2.2397124767303467,0.006495475769042969,0.7535293042659759,False,0.017532257170194333,False
candidate_003194,D0-D2,D0,D2,000,100,4210,10,5,1217,1218,1223,0.2894900083455856,0.4828801581659705,0.9744374500169354,0.8000757674576986,2.2462079524993896,2.2397124767303467,0.006495475769042969,0.7535293042659759,False,0.017512149333250897,False
candidate_003195,D0-D2,D0,D2,000,100,4210,10,5,2204,2205,2210,0.2452933036165168,0.4828801581659705,0.8229634325964721,0.8000757674576986,2.2462079524993896,2.2397124767303467,0.006495475769042969,0.7535293042659759,False,0.017454761140539413,False
candidate_003196,D0-D2,D0,D2,000,100,4210,10,10,354,355,365,0.3162219535035284,0.49936698246710554,1.1645995030286433,0.9109722042901004,2.2462079524993896,2.2397124767303467,0.006495475769042969,0.7535293042659759,False,0.0174024382660968,False
candidate_003197,D0-D2,D0,D2,000,100,4207,7,5,144,145,150,0.24275901062933206,0.4828801581659705,1.0011172596196363,0.8000757674576986,2.2403006553649902,2.2455549240112305,0.005254268646240234,0.7535293042659759,False,0.01735521352522708,False
candidate_003198,D0-D2,D0,D2,000,100,4210,10,10,353,354,364,0.3042546934527278,0.49936698246710554,1.1168541584295393,0.9109722042901004,2.2462079524993896,2.2397124767303467,0.006495475769042969,0.7535293042659759,False,0.017345415108227596,False
candidate_003199,D0-D2,D0,D2,000,100,4210,10,5,1281,1282,1287,0.33183813089316583,0.4828801581659705,1.1013901762005918,0.8000757674576986,2.2462079524993896,2.2397124767303467,0.006495475769042969,0.7535293042659759,False,0.017267679296557408,False
candidate_003200,D0-D2,D0,D2,000,100,4210,10,10,2928,2929,2939,0.3652185628148234,0.49936698246710554,1.3191286794398325,0.9109722042901004,2.2462079524993896,2.2397124767303467,0.006495475769042969,0.7535293042659759,False,0.017067104121852278,False
candidate_003201,D0-D2,D0,D2,000,100,4210,10,10,2926,2927,2937,0.35728408723601046,0.49936698246710554,1.2888054664061777,0.9109722042901004,2.2462079524993896,2.2397124767303467,0.006495475769042969,0.7535293042659759,False,0.017045086679866966,False
candidate_003202,D0-D2,D0,D2,000,100,4210,10,3,1216,1217,1220,0.2720704714719813,0.47598741001451006,0.8552198959908811,0.7597972260789279,2.2462079524993896,2.2397124767303467,0.006495475769042969,0.7535293042659759,False,0.016974811849462805,False
candidate_003203,D0-D2,D0,D2,000,100,4210,10,3,1695,1696,1699,0.2504143841489142,0.47598741001451006,0.7835055818168529,0.7597972260789279,2.2462079524993896,2.2397124767303467,0.006495475769042969,0.7535293042659759,False,0.01689629197333069,False
candidate_003204,D0-D2,D0,D2,000,100,4210,10,5,2925,2926,2931,0.3120138775957728,0.4828801581659705,1.0121336360534747,0.8000757674576986,2.2462079524993896,2.2397124767303467,0.006495475769042969,0.7535293042659759,False,0.016876524387036167,False
candidate_003205,D0-D2,D0,D2,000,100,4210,10,10,2207,2208,2218,0.2869607931849088,0.49936698246710554,1.0191347245665223,0.9109722042901004,2.2462079524993896,2.2397124767303467,0.006495475769042969,0.7535293042659759,False,0.016781645932909327,False
candidate_003206,D0-D2,D0,D2,000,100,4210,10,3,352,353,356,0.2919897049049671,0.47598741001451006,0.9013875923794055,0.7597972260789279,2.2462079524993896,2.2397124767303467,0.006495475769042969,0.7535293042659759,False,0.016670653282907497,False
candidate_003207,D0-D2,D0,D2,000,100,4210,10,3,2206,2207,2210,0.28634198784551235,0.47598741001451006,0.8832111437070747,0.7597972260789279,2.2462079524993896,2.2397124767303467,0.006495475769042969,0.7535293042659759,False,0.016656666371645368,False
candidate_003208,D0-D2,D0,D2,000,100,4210,10,10,2345,2346,2356,0.29721674765618145,0.49936698246710554,1.0471395730700734,0.9109722042901004,2.2462079524993896,2.2397124767303467,0.006495475769042969,0.7535293042659759,False,0.01664779861511542,False
candidate_003209,D0-D2,D0,D2,000,100,4210,10,5,2928,2929,2934,0.38737661214603636,0.4828801581659705,1.2323248578426402,0.8000757674576986,2.2462079524993896,2.2397124767303467,0.006495475769042969,0.7535293042659759,False,0.016550490772054227,False
candidate_003210,D0-D2,D0,D2,000,100,4210,10,10,2208,2209,2219,0.3103230077825923,0.49936698246710554,1.0757904414893267,0.9109722042901004,2.2462079524993896,2.2397124767303467,0.006495475769042969,0.7535293042659759,False,0.016380955247982474,False
candidate_003211,D0-D2,D0,D2,000,100,4210,10,5,2206,2207,2212,0.26255669826171824,0.4828801581659705,0.8253088601651151,0.8000757674576986,2.2462079524993896,2.2397124767303467,0.006495475769042969,0.7535293042659759,False,0.016353566050054807,False
candidate_003212,D0-D2,D0,D2,000,100,4210,10,10,352,353,363,0.308464406638207,0.49936698246710554,1.066403060967188,0.9109722042901004,2.2462079524993896,2.2397124767303467,0.006495475769042969,0.7535293042659759,False,0.016335853992595687,False
candidate_003213,D0-D2,D0,D2,000,100,4210,10,10,355,356,366,0.34720165394591895,0.49936698246710554,1.1991770505559658,0.9109722042901004,2.2462079524993896,2.2397124767303467,0.006495475769042969,0.7535293042659759,False,0.01632025881820183,False
candidate_003214,D0-D2,D0,D2,000,100,4207,7,10,145,146,156,0.2678939991665802,0.49936698246710554,1.138182890329078,0.9109722042901004,2.2403006553649902,2.2455549240112305,0.005254268646240234,0.7535293042659759,False,0.016239621133676246,False
candidate_003215,D0-D2,D0,D2,000,100,4210,10,5,2345,2346,2351,0.28623436478428044,0.4828801581659705,0.8934223438361832,0.8000757674576986,2.2462079524993896,2.2397124767303467,0.006495475769042969,0.7535293042659759,False,0.016238806268760456,False
candidate_003216,D0-D2,D0,D2,000,100,4210,10,10,2206,2207,2217,0.2810465096052177,0.49936698246710554,0.9658239628197255,0.9109722042901004,2.2462079524993896,2.2397124767303467,0.006495475769042969,0.7535293042659759,False,0.016238477165758016,False
candidate_003217,D0-D2,D0,D2,000,100,4210,10,5,1282,1283,1288,0.3777515162125371,0.4828801581659705,1.1752520071940906,0.8000757674576986,2.2462079524993896,2.2397124767303467,0.006495475769042969,0.7535293042659759,False,0.016186160763809875,False
candidate_003218,D0-D2,D0,D2,000,100,4210,10,5,354,355,360,0.3278358048124345,0.4828801581659705,1.0158615508332882,0.8000757674576986,2.2462079524993896,2.2397124767303467,0.006495475769042969,0.7535293042659759,False,0.01612119397850697,False
candidate_003219,D0-D2,D0,D2,000,100,4210,10,10,2348,2349,2359,0.34436513451480605,0.49936698246710554,1.1737262727613498,0.9109722042901004,2.2462079524993896,2.2397124767303467,0.006495475769042969,0.7535293042659759,False,0.016105461352813627,False
candidate_003220,D0-D2,D0,D2,000,100,4210,10,3,2205,2206,2209,0.25996582647577854,0.47598741001451006,0.7740964094925991,0.7597972260789279,2.2462079524993896,2.2397124767303467,0.006495475769042969,0.7535293042659759,False,0.016080049215798333,False
candidate_003221,D0-D2,D0,D2,000,100,4210,10,3,353,354,357,0.3000322363321073,0.47598741001451006,0.8906635094858453,0.7597972260789279,2.2462079524993896,2.2397124767303467,0.006495475769042969,0.7535293042659759,False,0.01603076778441756,False
candidate_003222,D0-D2,D0,D2,000,100,4210,10,5,353,354,359,0.3102076429771189,0.4828801581659705,0.9401373978299586,0.8000757674576986,2.2462079524993896,2.2397124767303467,0.006495475769042969,0.7535293042659759,False,0.015767320631153603,False
candidate_003223,D0-D2,D0,D2,000,100,4210,10,3,2925,2926,2929,0.30879692643657275,0.47598741001451006,0.9001622886612927,0.7597972260789279,2.2462079524993896,2.2397124767303467,0.006495475769042969,0.7535293042659759,False,0.015741873867826193,False
candidate_003224,D0-D2,D0,D2,000,100,4210,10,5,1280,1281,1286,0.32717395073372857,0.4828801581659705,0.9897142868982259,0.8000757674576986,2.2462079524993896,2.2397124767303467,0.006495475769042969,0.7535293042659759,False,0.015738023352638752,False
candidate_003225,D0-D2,D0,D2,000,100,4210,10,5,2346,2347,2352,0.313062270590685,0.4828801581659705,0.9441331998078846,0.8000757674576986,2.2462079524993896,2.2397124767303467,0.006495475769042969,0.7535293042659759,False,0.015689951566063214,False
candidate_003226,D0-D2,D0,D2,000,100,4210,10,5,352,353,358,0.30823740942878525,0.4828801581659705,0.9262149668796942,0.8000757674576986,2.2462079524993896,2.2397124767303467,0.006495475769042969,0.7535293042659759,False,0.015633114642453018,False
candidate_003227,D0-D2,D0,D2,000,100,4210,10,10,2209,2210,2220,0.33961791516262463,0.49936698246710554,1.122449309044806,0.9109722042901004,2.2462079524993896,2.2397124767303467,0.006495475769042969,0.7535293042659759,False,0.015617145767406115,False
candidate_003228,D0-D2,D0,D2,000,100,4210,10,5,1699,1700,1705,0.3963360793566075,0.4828801581659705,1.1879111661963497,0.8000757674576986,2.2462079524993896,2.2397124767303467,0.006495475769042969,0.7535293042659759,False,0.015593349746801557,False
candidate_003229,D0-D2,D0,D2,000,100,4210,10,10,1219,1220,1230,0.3275583594370178,0.49936698246710554,1.0734519011441603,0.9109722042901004,2.2462079524993896,2.2397124767303467,0.006495475769042969,0.7535293042659759,False,0.015485292774511532,False
candidate_003230,D0-D2,D0,D2,000,100,4210,10,5,1218,1219,1224,0.3428331907762224,0.4828801581659705,1.0200864991921303,0.8000757674576986,2.2462079524993896,2.2397124767303467,0.006495475769042969,0.7535293042659759,False,0.0154800800859862,False
candidate_003231,D0-D2,D0,D2,000,100,4210,10,10,2210,2211,2221,0.3711152876702997,0.49936698246710554,1.2155094760346092,0.9109722042901004,2.2462079524993896,2.2397124767303467,0.006495475769042969,0.7535293042659759,False,0.015476580912070478,False
candidate_003232,D0-D2,D0,D2,000,100,4210,10,10,2925,2926,2936,0.3681176118921124,0.49936698246710554,1.2056280690836683,0.9109722042901004,2.2462079524993896,2.2397124767303467,0.006495475769042969,0.7535293042659759,False,0.015475770234429517,False
candidate_003233,D0-D2,D0,D2,000,100,4210,10,3,1279,1280,1283,0.3143674795976201,0.47598741001451006,0.8869190486003691,0.7597972260789279,2.2462079524993896,2.2397124767303467,0.006495475769042969,0.7535293042659759,False,0.015235438270175757,False
candidate_003234,D0-D2,D0,D2,000,100,4210,10,10,2205,2206,2216,0.2891280427970041,0.49936698246710554,0.9316278463522438,0.9109722042901004,2.2462079524993896,2.2397124767303467,0.006495475769042969,0.7535293042659759,False,0.015225717353510774,False
candidate_003235,D0-D2,D0,D2,000,100,4210,10,5,2924,2925,2930,0.32611909099173325,0.4828801581659705,0.9531077645905506,0.8000757674576986,2.2462079524993896,2.2397124767303467,0.006495475769042969,0.7535293042659759,False,0.015204944828090044,False
candidate_003236,D0-D2,D0,D2,000,100,4210,10,5,2207,2208,2213,0.2994984276383317,0.4828801581659705,0.872481633490667,0.8000757674576986,2.2462079524993896,2.2397124767303467,0.006495475769042969,0.7535293042659759,False,0.01515586788762652,False
candidate_003237,D0-D2,D0,D2,000,100,4210,10,5,2347,2348,2353,0.35985043161989233,0.4828801581659705,1.0424435780145236,0.8000757674576986,2.2462079524993896,2.2397124767303467,0.006495475769042969,0.7535293042659759,False,0.015071261122691007,False
candidate_003238,D0-D2,D0,D2,000,100,4210,10,5,355,356,361,0.3806191928562351,0.4828801581659705,1.0849001509670444,0.8000757674576986,2.2462079524993896,2.2397124767303467,0.006495475769042969,0.7535293042659759,False,0.014829214591388966,False
candidate_003239,D0-D2,D0,D2,000,100,4210,10,10,2929,2930,2940,0.42174316836069214,0.49936698246710554,1.3162223866496816,0.9109722042901004,2.2462079524993896,2.2397124767303467,0.006495475769042969,0.7535293042659759,False,0.014747103740760251,False
candidate_003240,D0-D2,D0,D2,000,100,4210,10,10,2344,2345,2355,0.31588732809424824,0.49936698246710554,0.9847326373065061,0.9109722042901004,2.2462079524993896,2.2397124767303467,0.006495475769042969,0.7535293042659759,False,0.01473030184740354,False
candidate_003241,D0-D2,D0,D2,000,100,4210,10,10,351,352,362,0.32639440307186846,0.49936698246710554,1.0148108238291922,0.9109722042901004,2.2462079524993896,2.2397124767303467,0.006495475769042969,0.7535293042659759,False,0.01469155977101655,False
candidate_003242,D0-D2,D0,D2,000,100,4210,10,3,354,355,358,0.34785179083284434,0.47598741001451006,0.9461889972270944,0.7597972260789279,2.2462079524993896,2.2397124767303467,0.006495475769042969,0.7535293042659759,False,0.01468900005917153,False
candidate_003243,D0-D2,D0,D2,000,100,4210,10,10,2211,2212,2222,0.4113530094626452,0.49936698246710554,1.2757113184067268,0.9109722042901004,2.2462079524993896,2.2397124767303467,0.006495475769042969,0.7535293042659759,False,0.014654238260275792,False
candidate_003244,D0-D2,D0,D2,000,100,4210,10,3,1217,1218,1221,0.32927036663136144,0.47598741001451006,0.8854240867844649,0.7597972260789279,2.2462079524993896,2.2397124767303467,0.006495475769042969,0.7535293042659759,False,0.01452135917707009,False
candidate_003245,D0-D2,D0,D2,000,100,4210,10,3,2928,2929,2932,0.4375149152014351,0.47598741001451006,1.1693092699088088,0.7597972260789279,2.2462079524993896,2.2397124767303467,0.006495475769042969,0.7535293042659759,False,0.014432617842899599,False
candidate_003246,D0-D2,D0,D2,000,100,4210,10,5,351,352,357,0.3083894512174447,0.4828801581659705,0.8539773643957467,0.8000757674576986,2.2462079524993896,2.2397124767303467,0.006495475769042969,0.7535293042659759,False,0.014406746333690615,False
candidate_003247,D0-D2,D0,D2,000,100,4210,10,10,2924,2925,2935,0.37161162795357794,0.49936698246710554,1.132165051987113,0.9109722042901004,2.2462079524993896,2.2397124767303467,0.006495475769042969,0.7535293042659759,False,0.01439613692137573,False
candidate_003248,D0-D2,D0,D2,000,100,4207,7,3,144,145,148,0.28819411248515237,0.47598741001451006,0.9462957759608982,0.7597972260789279,2.2403006553649902,2.2455549240112305,0.005254268646240234,0.7535293042659759,False,0.014343386027360782,False
candidate_003249,D0-D2,D0,D2,000,100,4210,10,5,1279,1280,1285,0.3637496220268943,0.4828801581659705,0.9993083216445732,0.8000757674576986,2.2462079524993896,2.2397124767303467,0.006495475769042969,0.7535293042659759,False,0.014292757241883659,False
candidate_003250,D0-D2,D0,D2,000,100,4210,10,3,2347,2348,2351,0.38265333076798497,0.47598741001451006,1.0079921074871976,0.7597972260789279,2.2462079524993896,2.2397124767303467,0.006495475769042969,0.7535293042659759,False,0.014225260110692575,False
candidate_003251,D0-D2,D0,D2,000,100,4210,10,3,1218,1219,1222,0.39067980339047964,0.47598741001451006,1.0278416275890692,0.7597972260789279,2.2462079524993896,2.2397124767303467,0.006495475769042969,0.7535293042659759,False,0.01420737437979123,False
candidate_003252,D0-D2,D0,D2,000,100,4210,10,10,356,357,367,0.4095494895513175,0.49936698246710554,1.223232116213837,0.9109722042901004,2.2462079524993896,2.2397124767303467,0.006495475769042969,0.7535293042659759,False,0.014113281523879088,False
candidate_003253,D0-D2,D0,D2,000,100,4210,10,3,351,352,355,0.309224263525931,0.47598741001451006,0.8067820836230246,0.7597972260789279,2.2462079524993896,2.2397124767303467,0.006495475769042969,0.7535293042659759,False,0.01408935993264132,False
candidate_003254,D0-D2,D0,D2,000,100,4210,10,10,2204,2205,2215,0.3077980364584032,0.49936698246710554,0.9111641981900315,0.9109722042901004,2.2462079524993896,2.2397124767303467,0.006495475769042969,0.7535293042659759,False,0.013988022446827002,False
candidate_003255,D0-D2,D0,D2,000,100,4210,10,10,2349,2350,2360,0.4105638373656745,0.49936698246710554,1.212828819041704,0.9109722042901004,2.2462079524993896,2.2397124767303467,0.006495475769042969,0.7535293042659759,False,0.013958679406406998,False
candidate_003256,D0-D2,D0,D2,000,100,4210,10,10,1700,1701,1711,0.43217020507347415,0.49936698246710554,1.2694716930358858,0.9109722042901004,2.2462079524993896,2.2397124767303467,0.006495475769042969,0.7535293042659759,False,0.013880135881953422,False
candidate_003257,D0-D2,D0,D2,000,100,4210,10,5,2348,2349,2354,0.42621862110019143,0.4828801581659705,1.1333512918978643,0.8000757674576986,2.2462079524993896,2.2397124767303467,0.006495475769042969,0.7535293042659759,False,0.013834108848793852,False
candidate_003258,D0-D2,D0,D2,000,100,4210,10,10,1282,1283,1293,0.4327089544246681,0.49936698246710554,1.2634653512420446,0.9109722042901004,2.2462079524993896,2.2397124767303467,0.006495475769042969,0.7535293042659759,False,0.01379726394699532,False
candidate_003259,D0-D2,D0,D2,000,100,4210,10,3,1282,1283,1286,0.425723061093285,0.47598741001451006,1.0825023947760848,0.7597972260789279,2.2462079524993896,2.2397124767303467,0.006495475769042969,0.7535293042659759,False,0.013731256257666831,False
candidate_003260,D0-D2,D0,D2,000,100,4210,10,5,2208,2209,2214,0.3565404375487744,0.4828801581659705,0.9404287369151052,0.8000757674576986,2.2462079524993896,2.2397124767303467,0.006495475769042969,0.7535293042659759,False,0.013722592361826543,False
candidate_003261,D0-D2,D0,D2,000,100,4210,10,10,122,123,133,0.3369922768849471,0.49936698246710554,0.9770960751805394,0.9109722042901004,2.2462079524993896,2.2397124767303467,0.006495475769042969,0.7535293042659759,False,0.0137007026084286,False
candidate_003262,D0-D2,D0,D2,000,100,4210,10,3,2185,2186,2189,0.30970662594300513,0.47598741001451006,0.7854241577246097,0.7597972260789279,2.2462079524993896,2.2397124767303467,0.006495475769042969,0.7535293042659759,False,0.013695009590124138,False
candidate_003263,D0-D2,D0,D2,000,100,4210,10,10,2212,2213,2223,0.4559663871986938,0.49936698246710554,1.297467074166483,0.9109722042901004,2.2462079524993896,2.2397124767303467,0.006495475769042969,0.7535293042659759,False,0.013445873948301783,False
candidate_003264,D0-D2,D0,D2,000,100,4210,10,10,121,122,132,0.3306917279740952,0.49936698246710554,0.9383159016425983,0.9109722042901004,2.2462079524993896,2.2397124767303467,0.006495475769042969,0.7535293042659759,False,0.013407606752026738,False
candidate_003265,D0-D2,D0,D2,000,100,4210,10,10,126,127,137,0.42621844580491847,0.49936698246710554,1.2038572905206302,0.9109722042901004,2.2462079524993896,2.2397124767303467,0.006495475769042969,0.7535293042659759,False,0.013346527470716222,False
candidate_003266,D0-D2,D0,D2,000,100,4210,10,10,127,128,138,0.4353088083812061,0.49936698246710554,1.2282694080619987,0.9109722042901004,2.2462079524993896,2.2397124767303467,0.006495475769042969,0.7535293042659759,False,0.013332810261244147,False
candidate_003267,D0-D2,D0,D2,000,100,4210,10,10,128,129,139,0.44689686665869216,0.49936698246710554,1.2595092828797805,0.9109722042901004,2.2462079524993896,2.2397124767303467,0.006495475769042969,0.7535293042659759,False,0.0133174042090872,False
candidate_003268,D0-D2,D0,D2,000,100,4210,10,10,2923,2924,2934,0.36886464926644513,0.49936698246710554,1.0360231019884996,0.9109722042901004,2.2462079524993896,2.2397124767303467,0.006495475769042969,0.7535293042659759,False,0.013271741753363818,False
candidate_003269,D0-D2,D0,D2,000,100,4210,10,10,123,124,134,0.3590565545026176,0.49936698246710554,1.0078888283854464,0.9109722042901004,2.2462079524993896,2.2397124767303467,0.006495475769042969,0.7535293042659759,False,0.013264023753769366,False
candidate_003270,D0-D2,D0,D2,000,100,4210,10,10,125,126,136,0.41043171919681803,0.49936698246710554,1.1461892544491268,0.9109722042901004,2.2462079524993896,2.2397124767303467,0.006495475769042969,0.7535293042659759,False,0.013195958299558466,False
candidate_003271,D0-D2,D0,D2,000,100,4210,10,10,124,125,135,0.38580613432261096,0.49936698246710554,1.073605655874032,0.9109722042901004,2.2462079524993896,2.2397124767303467,0.006495475769042969,0.7535293042659759,False,0.013149256002066904,False
candidate_003272,D0-D2,D0,D2,000,100,4210,10,10,1281,1282,1292,0.4477890638283085,0.49936698246710554,1.2450206523623153,0.9109722042901004,2.2462079524993896,2.2397124767303467,0.006495475769042969,0.7535293042659759,False,0.013137979848554126,False
candidate_003273,D0-D2,D0,D2,000,100,4210,10,3,121,122,125,0.35896773614966904,0.47598741001451006,0.8709153526951371,0.7597972260789279,2.2462079524993896,2.2397124767303467,0.006495475769042969,0.7535293042659759,False,0.013101744107962719,False
candidate_003274,D0-D2,D0,D2,000,100,4210,10,10,1283,1284,1294,0.45265037630300836,0.49936698246710554,1.254136445411552,0.9109722042901004,2.2462079524993896,2.2397124767303467,0.006495475769042969,0.7535293042659759,False,0.013092042955260317,False
candidate_003275,D0-D2,D0,D2,000,100,4210,10,10,2343,2344,2354,0.33048386240110017,0.49936698246710554,0.9145957309034288,0.9109722042901004,2.2462079524993896,2.2397124767303467,0.006495475769042969,0.7535293042659759,False,0.013076888804188572,False
candidate_003276,D0-D2,D0,D2,000,100,4210,10,3,2207,2208,2211,0.33038485506189036,0.47598741001451006,0.7996819534712093,0.7597972260789279,2.2462079524993896,2.2397124767303467,0.006495475769042969,0.7535293042659759,False,0.013070907673647682,False
candidate_003277,D0-D2,D0,D2,000,100,4210,10,3,2924,2925,2928,0.3241380840106191,0.47598741001451006,0.781123476767996,0.7597972260789279,2.2462079524993896,2.2397124767303467,0.006495475769042969,0.7535293042659759,False,0.013013622744979721,False
candidate_003278,D0-D2,D0,D2,000,100,4210,10,3,2870,2871,2874,0.34119842081653384,0.47598741001451006,0.8154840537558918,0.7597972260789279,2.2462079524993896,2.2397124767303467,0.006495475769042969,0.7535293042659759,False,0.012906754318359475,False
candidate_003279,D0-D2,D0,D2,000,100,4210,10,3,122,123,126,0.3443061784714702,0.47598741001451006,0.8202934922646611,0.7597972260789279,2.2462079524993896,2.2397124767303467,0.006495475769042969,0.7535293042659759,False,0.01286568851400441,False
candidate_003280,D0-D2,D0,D2,000,100,4210,10,3,1699,1700,1703,0.46852041256252985,0.47598741001451006,1.1147736407042153,0.7597972260789279,2.2462079524993896,2.2397124767303467,0.006495475769042969,0.7535293042659759,False,0.012848923891353729,False
candidate_003281,D0-D2,D0,D2,000,100,4210,10,5,1219,1220,1225,0.42476661044355957,0.4828801581659705,1.0422826008673818,0.8000757674576986,2.2462079524993896,2.2397124767303467,0.006495475769042969,0.7535293042659759,False,0.012765980634247385,False
candidate_003282,D0-D2,D0,D2,000,100,4207,7,5,145,146,151,0.34742593918627623,0.4828801581659705,1.053115205754114,0.8000757674576986,2.2403006553649902,2.2455549240112305,0.005254268646240234,0.7535293042659759,False,0.012756572880600378,False
candidate_003283,D0-D2,D0,D2,000,100,4210,10,10,350,351,361,0.3505052455356049,0.49936698246710554,0.9437997009162696,0.9109722042901004,2.2462079524993896,2.2397124767303467,0.006495475769042969,0.7535293042659759,False,0.012723624161328977,False
candidate_003284,D0-D2,D0,D2,000,100,4207,7,10,146,147,157,0.3571916757535014,0.49936698246710554,1.1749393180953047,0.9109722042901004,2.2403006553649902,2.2455549240112305,0.005254268646240234,0.7535293042659759,False,0.012573058427858705,False
candidate_003285,D0-D2,D0,D2,000,100,4210,10,5,2209,2210,2215,0.41293080752071615,0.4828801581659705,0.9915500898772576,0.8000757674576986,2.2462079524993896,2.2397124767303467,0.006495475769042969,0.7535293042659759,False,0.012492703623620491,False
candidate_003286,D0-D2,D0,D2,000,100,4210,10,10,2922,2923,2933,0.36295055114835095,0.49936698246710554,0.9584115857720445,0.9109722042901004,2.2462079524993896,2.2397124767303467,0.006495475769042969,0.7535293042659759,False,0.012477572829323463,False
candidate_003287,D0-D2,D0,D2,000,100,4210,10,10,129,130,140,0.4801713709624307,0.49936698246710554,1.267116867477327,0.9109722042901004,2.2462079524993896,2.2397124767303467,0.006495475769042969,0.7535293042659759,False,0.01246941066151434,False
candidate_003288,D0-D2,D0,D2,000,100,4210,10,10,1220,1221,1231,0.4155141234547617,0.49936698246710554,1.0957650491179936,0.9109722042901004,2.2462079524993896,2.2397124767303467,0.006495475769042969,0.7535293042659759,False,0.012461122699592982,False
candidate_003289,D0-D2,D0,D2,000,100,4210,10,3,2346,2347,2350,0.33522966163517987,0.47598741001451006,0.7681325184759736,0.7597972260789279,2.2462079524993896,2.2397124767303467,0.006495475769042969,0.7535293042659759,False,0.01237377728818682,False
candidate_003290,D0-D2,D0,D2,000,100,4210,10,3,2868,2869,2872,0.3578773969924627,0.47598741001451006,0.8164719092602019,0.7597972260789279,2.2462079524993896,2.2397124767303467,0.006495475769042969,0.7535293042659759,False,0.012320137650878178,False
candidate_003291,D0-D2,D0,D2,000,100,4210,10,3,355,356,359,0.43481291026590635,0.47598741001451006,0.9830552832185994,0.7597972260789279,2.2462079524993896,2.2397124767303467,0.006495475769042969,0.7535293042659759,False,0.012209112447973701,False
candidate_003292,D0-D2,D0,D2,000,100,4210,10,5,2210,2211,2216,0.4634107843488551,0.4828801581659705,1.0735392699295805,0.8000757674576986,2.2462079524993896,2.2397124767303467,0.006495475769042969,0.7535293042659759,False,0.012052325807251303,False
candidate_003293,D0-D2,D0,D2,000,100,4210,10,3,1067,1068,1071,0.3852670148572928,0.47598741001451006,0.8487328986743085,0.7597972260789279,2.2462079524993896,2.2397124767303467,0.006495475769042969,0.7535293042659759,False,0.011896461168906653,False
candidate_003294,D0-D2,D0,D2,000,100,4210,10,5,122,123,128,0.3679247783772018,0.4828801581659705,0.8408220812865614,0.8000757674576986,2.2462079524993896,2.2397124767303467,0.006495475769042969,0.7535293042659759,False,0.011889514903980042,False
candidate_003295,D0-D2,D0,D2,000,100,4210,10,10,1280,1281,1291,0.47312298455217977,0.49936698246710554,1.1814427829110388,0.9109722042901004,2.2462079524993896,2.2397124767303467,0.006495475769042969,0.7535293042659759,False,0.011799515238434526,False
candidate_003296,D0-D2,D0,D2,000,100,4210,10,5,124,125,130,0.4096116854693835,0.4828801581659705,0.9246937569018701,0.8000757674576986,2.2462079524993896,2.2397124767303467,0.006495475769042969,0.7535293042659759,False,0.01174477366572164,False
candidate_003297,D0-D2,D0,D2,000,100,4210,10,3,2183,2184,2187,0.3558054542965184,0.47598741001451006,0.7724994052329137,0.7597972260789279,2.2462079524993896,2.2397124767303467,0.006495475769042969,0.7535293042659759,False,0.011724494710345843,False
candidate_003298,D0-D2,D0,D2,000,100,4210,10,5,1067,1068,1073,0.3755737880602298,0.4828801581659705,0.8463543996757011,0.8000757674576986,2.2462079524993896,2.2397124767303467,0.006495475769042969,0.7535293042659759,False,0.011724006373008876,False
candidate_003299,D0-D2,D0,D2,000,100,4210,10,5,126,127,132,0.4733911790647337,0.4828801581659705,1.057400592020479,0.8000757674576986,2.2462079524993896,2.2397124767303467,0.006495475769042969,0.7535293042659759,False,0.011620864896727999,False
candidate_003300,D0-D2,D0,D2,000,100,4210,10,5,119,120,125,0.36043170461107316,0.4828801581659705,0.8029072035487211,0.8000757674576986,2.2462079524993896,2.2397124767303467,0.006495475769042969,0.7535293042659759,False,0.011589412815418771,False
candidate_003301,D0-D2,D0,D2,000,100,4210,10,5,125,126,131,0.44461487428464547,0.4828801581659705,0.9845054420835903,0.8000757674576986,2.2462079524993896,2.2397124767303467,0.006495475769042969,0.7535293042659759,False,0.011520019061147984,False
candidate_003302,D0-D2,D0,D2,000,100,4210,10,3,2317,2318,2321,0.4289959909231209,0.47598741001451006,0.9112757491746383,0.7597972260789279,2.2462079524993896,2.2397124767303467,0.006495475769042969,0.7535293042659759,False,0.011471102541611208,False
candidate_003303,D0-D2,D0,D2,000,100,4210,10,3,2316,2317,2320,0.4035405082817689,0.47598741001451006,0.8533389244317837,0.7597972260789279,2.2462079524993896,2.2397124767303467,0.006495475769042969,0.7535293042659759,False,0.011419392540178082,False
candidate_003304,D0-D2,D0,D2,000,100,4210,10,5,123,124,129,0.38377463624916675,0.4828801581659705,0.8316036317031466,0.8000757674576986,2.2462079524993896,2.2397124767303467,0.006495475769042969,0.7535293042659759,False,0.01127351047506202,False
candidate_003305,D0-D2,D0,D2,000,100,4210,10,5,121,122,127,0.3731288231595378,0.4828801581659705,0.8017340273092222,0.8000757674576986,2.2462079524993896,2.2397124767303467,0.006495475769042969,0.7535293042659759,False,0.01117868149066596,False
candidate_003306,D0-D2,D0,D2,000,100,4210,10,5,1278,1279,1284,0.4159777159303008,0.4828801581659705,0.8929095564449897,0.8000757674576986,2.2462079524993896,2.2397124767303467,0.006495475769042969,0.7535293042659759,False,0.011167513066304192,False
candidate_003307,D0-D2,D0,D2,000,100,4210,10,3,120,121,124,0.3850777183406867,0.47598741001451006,0.7943823990729973,0.7597972260789279,2.2462079524993896,2.2397124767303467,0.006495475769042969,0.7535293042659759,False,0.011140118377310267,False
candidate_003308,D0-D2,D0,D2,000,100,4210,10,5,1068,1069,1074,0.39606772530125606,0.4828801581659705,0.8405898591550383,0.8000757674576986,2.2462079524993896,2.2397124767303467,0.006495475769042969,0.7535293042659759,False,0.011041644399804247,False
candidate_003309,D0-D2,D0,D2,000,100,4207,7,3,622,623,626,0.37898164426306413,0.47598741001451006,0.9514750080280466,0.7597972260789279,2.2403006553649902,2.2455549240112305,0.005254268646240234,0.7535293042659759,False,0.01096703171465749,False
candidate_003310,D0-D2,D0,D2,000,100,4210,10,5,2317,2318,2323,0.4296073170701671,0.4828801581659705,0.8912643753332966,0.8000757674576986,2.2462079524993896,2.2397124767303467,0.006495475769042969,0.7535293042659759,False,0.010793292389343944,False
candidate_003311,D0-D2,D0,D2,000,100,4210,10,3,2208,2209,2212,0.4028285017974261,0.47598741001451006,0.7954730566182994,0.7597972260789279,2.2462079524993896,2.2397124767303467,0.006495475769042969,0.7535293042659759,False,0.010663846027217275,False
candidate_003312,D0-D2,D0,D2,000,100,4210,10,5,1069,1070,1075,0.42607643407173945,0.4828801581659705,0.8580576150681044,0.8000757674576986,2.2462079524993896,2.2397124767303467,0.006495475769042969,0.7535293042659759,False,0.010477266714986487,False
candidate_003313,D0-D2,D0,D2,000,100,4210,10,5,316,317,322,0.42510263675258786,0.4828801581659705,0.8540929372235656,0.8000757674576986,2.2462079524993896,2.2397124767303467,0.006495475769042969,0.7535293042659759,False,0.01045274596957107,False
candidate_003314,D0-D2,D0,D2,000,100,4210,10,3,316,317,320,0.4436278279410036,0.47598741001451006,0.8553700225892359,0.7597972260789279,2.2462079524993896,2.2397124767303467,0.006495475769042969,0.7535293042659759,False,0.010412231792967228,False
candidate_003315,D0-D2,D0,D2,000,100,4210,10,3,1069,1070,1073,0.47011338130043495,0.47598741001451006,0.9034642715424037,0.7597972260789279,2.2462079524993896,2.2397124767303467,0.006495475769042969,0.7535293042659759,False,0.01037807851668445,False
candidate_003316,D0-D2,D0,D2,000,100,4210,10,5,2316,2317,2322,0.4322590710289206,0.4828801581659705,0.8611920911506763,0.8000757674576986,2.2462079524993896,2.2397124767303467,0.006495475769042969,0.7535293042659759,False,0.010365135435580368,False
candidate_003317,D0-D2,D0,D2,000,100,4210,10,5,2318,2319,2324,0.44684556930369124,0.4828801581659705,0.8804044258964704,0.8000757674576986,2.2462079524993896,2.2397124767303467,0.006495475769042969,0.7535293042659759,False,0.010250471093373287,False
candidate_003318,D0-D2,D0,D2,000,100,4210,10,3,315,316,319,0.4308776556639676,0.47598741001451006,0.8141518875053098,0.7597972260789279,2.2462079524993896,2.2397124767303467,0.006495475769042969,0.7535293042659759,False,0.010203755498142422,False
candidate_003319,D0-D2,D0,D2,000,100,4210,10,3,2315,2316,2319,0.41923672030456904,0.47598741001451006,0.7912907903500868,0.7597972260789279,2.2462079524993896,2.2397124767303467,0.006495475769042969,0.7535293042659759,False,0.010192609337179633,False
candidate_003320,D0-D2,D0,D2,000,100,4207,7,3,621,622,625,0.37895424046457055,0.47598741001451006,0.8820988121251897,0.7597972260789279,2.2403006553649902,2.2455549240112305,0.005254268646240234,0.7535293042659759,False,0.010168112809107286,False
candidate_003321,D0-D2,D0,D2,000,100,4207,7,5,622,623,628,0.38420975320692213,0.4828801581659705,0.9256980170662154,0.8000757674576986,2.2403006553649902,2.2455549240112305,0.005254268646240234,0.7535293042659759,False,0.01013961159666494,False
candidate_003322,D0-D2,D0,D2,000,100,4210,10,3,1071,1072,1075,0.4563770159213996,0.47598741001451006,0.8563963978545903,0.7597972260789279,2.2462079524993896,2.2397124767303467,0.006495475769042969,0.7535293042659759,False,0.010133504161243454,False
candidate_003323,D0-D2,D0,D2,000,100,4207,7,10,147,148,158,0.45735046310598954,0.49936698246710554,1.195132293124716,0.9109722042901004,2.2403006553649902,2.2455549240112305,0.005254268646240234,0.7535293042659759,False,0.00998834843611665,False
candidate_003324,D0-D2,D0,D2,000,100,4210,10,5,2319,2320,2325,0.47560599392627095,0.4828801581659705,0.9107469635910733,0.8000757674576986,2.2462079524993896,2.2397124767303467,0.006495475769042969,0.7535293042659759,False,0.009962526207836454,False
candidate_003325,D0-D2,D0,D2,000,100,4210,10,10,318,319,329,0.43803991457507807,0.49936698246710554,0.91577965802418,0.9109722042901004,2.2462079524993896,2.2397124767303467,0.006495475769042969,0.7535293042659759,False,0.009878768891183306,False
candidate_003326,D0-D2,D0,D2,000,100,4207,7,3,623,624,627,0.3847873277302568,0.47598741001451006,0.8677967635887295,0.7597972260789279,2.2403006553649902,2.2455549240112305,0.005254268646240234,0.7535293042659759,False,0.009851608730281335,False
candidate_003327,D0-D2,D0,D2,000,100,4210,10,3,1070,1071,1074,0.46800504779557145,0.47598741001451006,0.8519068075474833,0.7597972260789279,2.2462079524993896,2.2397124767303467,0.006495475769042969,0.7535293042659759,False,0.009829923408892029,False
candidate_003328,D0-D2,D0,D2,000,100,4210,10,5,1167,1168,1173,0.47149242205818737,0.4828801581659705,0.8857694315178334,0.8000757674576986,2.2462079524993896,2.2397124767303467,0.006495475769042969,0.7535293042659759,False,0.009773835730534386,False
candidate_003329,D0-D2,D0,D2,000,100,4210,10,3,1068,1069,1072,0.42933732703457084,0.47598741001451006,0.7764414751406843,0.7597972260789279,2.2462079524993896,2.2397124767303467,0.006495475769042969,0.7535293042659759,False,0.009766043637139506,False
candidate_003330,D0-D2,D0,D2,000,100,4210,10,10,319,320,330,0.4671486414978723,0.49936698246710554,0.9590926642460363,0.9109722042901004,2.2462079524993896,2.2397124767303467,0.006495475769042969,0.7535293042659759,False,0.009701323742092096,False
candidate_003331,D0-D2,D0,D2,000,100,4210,10,3,2209,2210,2213,0.4738721557781656,0.47598741001451006,0.8512733285300301,0.7597972260789279,2.2462079524993896,2.2397124767303467,0.006495475769042969,0.7535293042659759,False,0.009700998075749435,False
candidate_003332,D0-D2,D0,D2,000,100,4210,10,5,1071,1072,1077,0.45752327011964733,0.4828801581659705,0.8523134776808162,0.8000757674576986,2.2462079524993896,2.2397124767303467,0.006495475769042969,0.7535293042659759,False,0.009691817609297158,False
candidate_003333,D0-D2,D0,D2,000,100,4207,7,5,146,147,152,0.4822346412188842,0.4828801581659705,1.1064154958215904,0.8000757674576986,2.2403006553649902,2.2455549240112305,0.005254268646240234,0.7535293042659759,False,0.009655621126408954,False
candidate_003334,D0-D2,D0,D2,000,100,4210,10,3,124,125,128,0.4504521874331869,0.47598741001451006,0.8049950198006689,0.7597972260789279,2.2462079524993896,2.2397124767303467,0.006495475769042969,0.7535293042659759,False,0.009650572460268007,False
candidate_003335,D0-D2,D0,D2,000,100,4207,7,5,623,624,629,0.37811025398360143,0.4828801581659705,0.8632963041776086,0.8000757674576986,2.2403006553649902,2.2455549240112305,0.005254268646240234,0.7535293042659759,False,0.009608637245393617,False
candidate_003336,D0-D2,D0,D2,000,100,4210,10,5,1072,1073,1078,0.4549717508470976,0.4828801581659705,0.8392177802932804,0.8000757674576986,2.2462079524993896,2.2397124767303467,0.006495475769042969,0.7535293042659759,False,0.009596421355741371,False
candidate_003337,D0-D2,D0,D2,000,100,4210,10,5,2315,2316,2321,0.4549459806907211,0.4828801581659705,0.8317650328784912,0.8000757674576986,2.2462079524993896,2.2397124767303467,0.006495475769042969,0.7535293042659759,False,0.009511738247141724,False
candidate_003338,D0-D2,D0,D2,000,100,4210,10,3,2318,2319,2322,0.47397520222146694,0.47598741001451006,0.8300375780206684,0.7597972260789279,2.2462079524993896,2.2397124767303467,0.006495475769042969,0.7535293042659759,False,0.009456941805515378,False
candidate_003339,D0-D2,D0,D2,000,100,4210,10,3,1072,1073,1076,0.4368763555817096,0.47598741001451006,0.7641752308457593,0.7597972260789279,2.2462079524993896,2.2397124767303467,0.006495475769042969,0.7535293042659759,False,0.009445892500651564,False
candidate_003340,D0-D2,D0,D2,000,100,4210,10,10,320,321,331,0.4963728356499529,0.49936698246710554,0.9896019837819459,0.9109722042901004,2.2462079524993896,2.2397124767303467,0.006495475769042969,0.7535293042659759,False,0.009420589272313613,False
candidate_003341,D0-D2,D0,D2,000,100,4207,7,3,145,146,149,0.43542319876231955,0.47598741001451006,0.9339131213312611,0.7597972260789279,2.2403006553649902,2.2455549240112305,0.005254268646240234,0.7535293042659759,False,0.009369249473308514,False
candidate_003342,D0-D2,D0,D2,000,100,4210,10,5,1166,1167,1172,0.45517981865366486,0.4828801581659705,0.8139575553752041,0.8000757674576986,2.2462079524993896,2.2397124767303467,0.006495475769042969,0.7535293042659759,False,0.009303317110500812,False
candidate_003343,D0-D2,D0,D2,000,100,4210,10,5,1073,1074,1079,0.4710158109501603,0.4828801581659705,0.8335149353393353,0.8000757674576986,2.2462079524993896,2.2397124767303467,0.006495475769042969,0.7535293042659759,False,0.00920655102839137,False
candidate_003344,D0-D2,D0,D2,000,100,4210,10,3,1025,1026,1029,0.47419061471707386,0.47598741001451006,0.8059805699916117,0.7597972260789279,2.2462079524993896,2.2397124767303467,0.006495475769042969,0.7535293042659759,False,0.00917867940086477,False
candidate_003345,D0-D2,D0,D2,000,100,4210,10,3,317,318,321,0.4747125934384291,0.47598741001451006,0.8008253646302698,0.7597972260789279,2.2462079524993896,2.2397124767303467,0.006495475769042969,0.7535293042659759,False,0.009109942790776591,False
candidate_003346,D0-D2,D0,D2,000,100,4210,10,3,1073,1074,1077,0.4737738259168992,0.47598741001451006,0.7974582241025391,0.7597972260789279,2.2462079524993896,2.2397124767303467,0.006495475769042969,0.7535293042659759,False,0.009089614396715852,False
candidate_003347,D0-D2,D0,D2,000,100,4207,7,5,621,622,627,0.40626268158417583,0.4828801581659705,0.8678268383156769,0.8000757674576986,2.2403006553649902,2.2455549240112305,0.005254268646240234,0.7535293042659759,False,0.008989727292694958,False
candidate_003348,D0-D2,D0,D2,000,100,4207,7,5,624,625,630,0.40672574823431845,0.4828801581659705,0.8588591330366796,0.8000757674576986,2.2403006553649902,2.2455549240112305,0.005254268646240234,0.7535293042659759,False,0.00888670252500837,False
candidate_003349,D0-D2,D0,D2,000,100,4207,7,3,624,625,628,0.42364488990425925,0.47598741001451006,0.8555096500231271,0.7597972260789279,2.2403006553649902,2.2455549240112305,0.005254268646240234,0.7535293042659759,False,0.008821304836368667,False
candidate_003350,D0-D2,D0,D2,000,100,4207,7,10,624,625,635,0.4303236571223607,0.49936698246710554,0.9172447570940749,0.9109722042901004,2.2403006553649902,2.2455549240112305,0.005254268646240234,0.7535293042659759,False,0.008147358782576752,False
candidate_003351,D0-D2,D0,D2,000,100,4207,7,10,625,626,636,0.4564685230897487,0.49936698246710554,0.9618243647807511,0.9109722042901004,2.2403006553649902,2.2455549240112305,0.005254268646240234,0.7535293042659759,False,0.008054002591874165,False
candidate_003352,D0-D2,D0,D2,000,100,4207,7,10,626,627,637,0.49383557476184586,0.49936698246710554,1.0067105400471406,0.9109722042901004,2.2403006553649902,2.2455549240112305,0.005254268646240234,0.7535293042659759,False,0.007792002246096555,False
candidate_003353,D0-D2,D0,D2,000,100,4207,7,5,625,626,631,0.4821595998639963,0.4828801581659705,0.8131187568917382,0.8000757674576986,2.2403006553649902,2.2455549240112305,0.005254268646240234,0.7535293042659759,False,0.007097142620068531,False
